herb_canonical	transform_rank	transform_score_raw	n_paths	n_routes	original_rank	rank_delta_vs_original	scenario
肉苁蓉	1	5.393445041451031	10.0	10.0	1	0	bbBgl_dispute_removed
甘草	2	2.2850871619288213	5.0	5.0	2	0	bbBgl_dispute_removed
菊花	3	2.2850871619288213	5.0	5.0	3	0	bbBgl_dispute_removed
八角茴香	4	2.2850871619288213	5.0	5.0	4	0	bbBgl_dispute_removed
石斛	5	2.4303427224980045	5.0	5.0	5	0	bbBgl_dispute_removed
小蓟	6	2.2850871619288213	5.0	5.0	6	0	bbBgl_dispute_removed
天冬	7	6.743702328050618	12.0	12.0	7	0	bbBgl_dispute_removed
芦根	8	3.780600009097591	7.0	7.0	8	0	bbBgl_dispute_removed
赤小豆	9	3.724070846915717	7.0	7.0	9	0	bbBgl_dispute_removed
白茅根	10	5.623092600034946	8.0	8.0	10	0	bbBgl_dispute_removed
人参	11	9.699278638305117	18.0	18.0	11	0	bbBgl_dispute_removed
金银花	12	9.610552239917807	18.0	18.0	12	0	bbBgl_dispute_removed
香橼	13	5.623092600034946	8.0	8.0	13	0	bbBgl_dispute_removed
莱菔子	14	5.626187903326516	11.0	11.0	14	0	bbBgl_dispute_removed
薤白	15	12.515145791946317	23.0	23.0	15	0	bbBgl_dispute_removed
覆盆子	17	3.249820017385212	7.0	7.0	17	0	bbBgl_dispute_removed
蜂蜜	18	9.55204347299329	18.0	18.0	18	0	bbBgl_dispute_removed
蒲公英	21	5.297192634365194	11.0	11.0	21	0	bbBgl_dispute_removed
灵芝	26	9.077792643462786	18.0	18.0	26	0	bbBgl_dispute_removed
薏苡仁	27	7.268935915807112	13.0	13.0	27	0	bbBgl_dispute_removed
党参	31	6.7946850862766075	13.0	13.0	31	0	bbBgl_dispute_removed
桑椹	33	9.021263481280911	18.0	18.0	33	0	bbBgl_dispute_removed
陈皮	34	3.012105472436373	6.0	6.0	34	0	bbBgl_dispute_removed
白果	35	2.86684991186719	6.0	6.0	35	0	bbBgl_dispute_removed
桑叶	36	6.590920758782906	13.0	13.0	36	0	bbBgl_dispute_removed
姜黄	37	3.012105472436373	6.0	6.0	37	0	bbBgl_dispute_removed
鱼腥草	40	2.86684991186719	6.0	6.0	40	0	bbBgl_dispute_removed
黄芪	42	6.647449920964781	13.0	13.0	42	0	bbBgl_dispute_removed
砂仁	43	2.86684991186719	6.0	6.0	43	0	bbBgl_dispute_removed
刀豆	44	6.73617631935209	13.0	13.0	44	0	bbBgl_dispute_removed
夏枯草	45	2.86684991186719	6.0	6.0	45	0	bbBgl_dispute_removed
木瓜	46	2.86684991186719	6.0	6.0	46	0	bbBgl_dispute_removed
杜仲	47	10.841741934534587	20.0	20.0	47	0	bbBgl_dispute_removed
杏仁	48	2.86684991186719	6.0	6.0	48	0	bbBgl_dispute_removed
山楂	51	2.86684991186719	6.0	6.0	51	0	bbBgl_dispute_removed
草果	54	2.86684991186719	6.0	6.0	54	0	bbBgl_dispute_removed
莲子	56	2.86684991186719	6.0	6.0	56	0	bbBgl_dispute_removed
沙棘	57	4.3623627590359595	8.0	8.0	57	0	bbBgl_dispute_removed
槐米	58	2.86684991186719	6.0	6.0	58	0	bbBgl_dispute_removed
当归	59	3.9768383278927644	8.0	8.0	59	0	bbBgl_dispute_removed
丁香	60	3.9768383278927644	8.0	8.0	60	0	bbBgl_dispute_removed
枸杞子	61	3.9768383278927644	8.0	8.0	61	0	bbBgl_dispute_removed
茯苓	62	3.9768383278927644	8.0	8.0	62	0	bbBgl_dispute_removed
西洋参	63	3.9768383278927644	8.0	8.0	63	0	bbBgl_dispute_removed
栀子	64	3.8315827673235807	8.0	8.0	64	0	bbBgl_dispute_removed
山茱萸	65	3.8315827673235807	8.0	8.0	65	0	bbBgl_dispute_removed
山药	66	3.9768383278927644	8.0	8.0	66	0	bbBgl_dispute_removed
决明子	67	3.9768383278927644	8.0	8.0	67	0	bbBgl_dispute_removed
大枣	68	3.8315827673235807	8.0	8.0	68	0	bbBgl_dispute_removed
槐花	69	3.8315827673235807	8.0	8.0	69	0	bbBgl_dispute_removed
酸枣仁	70	3.9768383278927644	8.0	8.0	70	0	bbBgl_dispute_removed
葛根	71	0.964732855456391	2.0	2.0	71	0	bbBgl_dispute_removed
西红花	72	3.8315827673235807	8.0	8.0	72	0	bbBgl_dispute_removed
杜仲叶	73	3.8315827673235807	8.0	8.0	73	0	bbBgl_dispute_removed
地黄	74	3.9768383278927644	8.0	8.0	74	0	bbBgl_dispute_removed
天麻	75	0.964732855456391	2.0	2.0	75	0	bbBgl_dispute_removed
荷叶	76	3.8315827673235807	8.0	8.0	76	0	bbBgl_dispute_removed
乌梅	77	3.8315827673235807	8.0	8.0	77	0	bbBgl_dispute_removed
麦冬	78	0.964732855456391	2.0	2.0	78	0	bbBgl_dispute_removed
淡豆豉	79	0.964732855456391	2.0	2.0	79	0	bbBgl_dispute_removed
黄精	80	0.964732855456391	2.0	2.0	80	0	bbBgl_dispute_removed
藿香	81	3.366974058648435	5.0	5.0	81	0	bbBgl_dispute_removed
生姜	82	0.5817627499383686	1.0	1.0	82	0	bbBgl_dispute_removed
薄荷	83	0.5817627499383686	1.0	1.0	83	0	bbBgl_dispute_removed
马齿苋	84	0.5817627499383686	1.0	1.0	84	0	bbBgl_dispute_removed
麦芽	85	0.5817627499383686	1.0	1.0	85	0	bbBgl_dispute_removed
香薷	86	0.5817627499383686	1.0	1.0	86	0	bbBgl_dispute_removed
益智仁	87	0.5817627499383686	1.0	1.0	87	0	bbBgl_dispute_removed
广藿香	88	0.5817627499383686	1.0	1.0	88	0	bbBgl_dispute_removed
佛手	89	0.5817627499383686	1.0	1.0	89	0	bbBgl_dispute_removed
紫苏子	90	0.5817627499383686	1.0	1.0	90	0	bbBgl_dispute_removed
桃仁	91	0.5817627499383686	1.0	1.0	91	0	bbBgl_dispute_removed
白扁豆	92	0.5817627499383686	1.0	1.0	92	0	bbBgl_dispute_removed
昆布	93	0.5817627499383686	1.0	1.0	93	0	bbBgl_dispute_removed
肉豆蔻	94	1.5464956053947596	3.0	3.0	94	0	bbBgl_dispute_removed
白芷	95	1.5464956053947596	3.0	3.0	95	0	bbBgl_dispute_removed
胖大海	96	0.5817627499383686	1.0	1.0	96	0	bbBgl_dispute_removed
小茴香	96	0.5817627499383686	1.0	1.0	96	0	bbBgl_dispute_removed
余甘子	98	0.5817627499383686	1.0	1.0	98	0	bbBgl_dispute_removed
火麻仁	99	1.5464956053947596	3.0	3.0	99	0	bbBgl_dispute_removed
肉桂	100	1.5464956053947596	3.0	3.0	100	0	bbBgl_dispute_removed
芡实	101	0.5817627499383686	1.0	1.0	101	0	bbBgl_dispute_removed
玳玳花	102	1.5464956053947596	3.0	3.0	102	0	bbBgl_dispute_removed
罗汉果	103	1.5464956053947596	3.0	3.0	103	0	bbBgl_dispute_removed
玉竹	104	1.5464956053947596	3.0	3.0	104	0	bbBgl_dispute_removed
花椒	16	0.0	0.0	0.0	16	0	bbBgl_dispute_removed
高良姜	19	0.0	0.0	0.0	19	0	bbBgl_dispute_removed
桔梗	25	0.0	0.0	0.0	25	0	bbBgl_dispute_removed
橘红	30	0.0	0.0	0.0	30	0	bbBgl_dispute_removed
榧子	53	0.0	0.0	0.0	53	0	bbBgl_dispute_removed
化橘红	24	0.0	0.0	0.0	24	0	bbBgl_dispute_removed
荜茇	20	0.0	0.0	0.0	20	0	bbBgl_dispute_removed
百合	22	0.0	0.0	0.0	22	0	bbBgl_dispute_removed
山柰	23	0.0	0.0	0.0	23	0	bbBgl_dispute_removed
干姜	28	0.0	0.0	0.0	28	0	bbBgl_dispute_removed
青果	29	0.0	0.0	0.0	29	0	bbBgl_dispute_removed
郁李仁	32	0.0	0.0	0.0	32	0	bbBgl_dispute_removed
枳椇子	38	0.0	0.0	0.0	38	0	bbBgl_dispute_removed
淡竹叶	39	0.0	0.0	0.0	39	0	bbBgl_dispute_removed
鸡内金	41	0.0	0.0	0.0	41	0	bbBgl_dispute_removed
阿胶	49	0.0	0.0	0.0	49	0	bbBgl_dispute_removed
龙眼肉	49	0.0	0.0	0.0	49	0	bbBgl_dispute_removed
牡蛎	52	0.0	0.0	0.0	52	0	bbBgl_dispute_removed
乌梢蛇	55	0.0	0.0	0.0	55	0	bbBgl_dispute_removed
党参	67	3.8315827673235807	8.0	8.0	31	36	local_consensus_strict
薏苡仁	57	4.305833596854086	8.0	8.0	27	30	local_consensus_strict
桑椹	21	9.021263481280911	18.0	18.0	33	-12	local_consensus_strict
黄芪	32	6.647449920964781	13.0	13.0	42	-10	local_consensus_strict
杜仲	37	10.841741934534587	20.0	20.0	47	-10	local_consensus_strict
灵芝	17	9.077792643462786	18.0	18.0	26	-9	local_consensus_strict
桑叶	27	6.590920758782906	13.0	13.0	36	-9	local_consensus_strict
刀豆	35	6.73617631935209	13.0	13.0	44	-9	local_consensus_strict
人参	19	6.73617631935209	13.0	13.0	11	8	local_consensus_strict
金银花	20	6.647449920964781	13.0	13.0	12	8	local_consensus_strict
姜黄	30	3.012105472436373	6.0	6.0	37	-7	local_consensus_strict
莲子	49	2.86684991186719	6.0	6.0	56	-7	local_consensus_strict
郁李仁	39	0.0	0.0	0.0	32	7	local_consensus_strict
蒲公英	15	5.297192634365194	11.0	11.0	21	-6	local_consensus_strict
草果	48	2.86684991186719	6.0	6.0	54	-6	local_consensus_strict
橘红	36	0.0	0.0	0.0	30	6	local_consensus_strict
蜂蜜	13	9.55204347299329	18.0	18.0	18	-5	local_consensus_strict
陈皮	29	3.012105472436373	6.0	6.0	34	-5	local_consensus_strict
沙棘	52	4.3623627590359595	8.0	8.0	57	-5	local_consensus_strict
葛根	76	0.964732855456391	2.0	2.0	71	5	local_consensus_strict
淡竹叶	44	0.0	0.0	0.0	39	5	local_consensus_strict
鸡内金	46	0.0	0.0	0.0	41	5	local_consensus_strict
夏枯草	41	2.86684991186719	6.0	6.0	45	-4	local_consensus_strict
山楂	47	2.86684991186719	6.0	6.0	51	-4	local_consensus_strict
青果	33	0.0	0.0	0.0	29	4	local_consensus_strict
枳椇子	42	0.0	0.0	0.0	38	4	local_consensus_strict
砂仁	40	2.86684991186719	6.0	6.0	43	-3	local_consensus_strict
木瓜	43	2.86684991186719	6.0	6.0	46	-3	local_consensus_strict
杏仁	45	2.86684991186719	6.0	6.0	48	-3	local_consensus_strict
地黄	71	3.9768383278927644	8.0	8.0	74	-3	local_consensus_strict
高良姜	22	0.0	0.0	0.0	19	3	local_consensus_strict
桔梗	28	0.0	0.0	0.0	25	3	local_consensus_strict
荜茇	23	0.0	0.0	0.0	20	3	local_consensus_strict
干姜	31	0.0	0.0	0.0	28	3	local_consensus_strict
香橼	11	5.623092600034946	8.0	8.0	13	-2	local_consensus_strict
莱菔子	12	5.626187903326516	11.0	11.0	14	-2	local_consensus_strict
鱼腥草	38	2.86684991186719	6.0	6.0	40	-2	local_consensus_strict
槐米	56	2.86684991186719	6.0	6.0	58	-2	local_consensus_strict
山药	64	3.9768383278927644	8.0	8.0	66	-2	local_consensus_strict
决明子	65	3.9768383278927644	8.0	8.0	67	-2	local_consensus_strict
天麻	77	0.964732855456391	2.0	2.0	75	2	local_consensus_strict
荷叶	74	3.8315827673235807	8.0	8.0	76	-2	local_consensus_strict
乌梅	75	3.8315827673235807	8.0	8.0	77	-2	local_consensus_strict
花椒	18	0.0	0.0	0.0	16	2	local_consensus_strict
化橘红	26	0.0	0.0	0.0	24	2	local_consensus_strict
百合	24	0.0	0.0	0.0	22	2	local_consensus_strict
山柰	25	0.0	0.0	0.0	23	2	local_consensus_strict
天冬	8	3.780600009097591	7.0	7.0	7	1	local_consensus_strict
芦根	7	3.780600009097591	7.0	7.0	8	-1	local_consensus_strict
薤白	14	9.55204347299329	18.0	18.0	15	-1	local_consensus_strict
覆盆子	16	3.249820017385212	7.0	7.0	17	-1	local_consensus_strict
白果	34	2.86684991186719	6.0	6.0	35	-1	local_consensus_strict
当归	58	3.9768383278927644	8.0	8.0	59	-1	local_consensus_strict
丁香	59	3.9768383278927644	8.0	8.0	60	-1	local_consensus_strict
枸杞子	60	3.9768383278927644	8.0	8.0	61	-1	local_consensus_strict
茯苓	61	3.9768383278927644	8.0	8.0	62	-1	local_consensus_strict
西洋参	62	3.9768383278927644	8.0	8.0	63	-1	local_consensus_strict
栀子	63	3.8315827673235807	8.0	8.0	64	-1	local_consensus_strict
山茱萸	66	3.8315827673235807	8.0	8.0	65	1	local_consensus_strict
槐花	70	3.8315827673235807	8.0	8.0	69	1	local_consensus_strict
酸枣仁	69	3.9768383278927644	8.0	8.0	70	-1	local_consensus_strict
昆布	94	0.5817627499383686	1.0	1.0	93	1	local_consensus_strict
肉豆蔻	93	1.5464956053947596	3.0	3.0	94	-1	local_consensus_strict
榧子	54	0.0	0.0	0.0	53	1	local_consensus_strict
阿胶	50	0.0	0.0	0.0	49	1	local_consensus_strict
龙眼肉	50	0.0	0.0	0.0	49	1	local_consensus_strict
牡蛎	53	0.0	0.0	0.0	52	1	local_consensus_strict
肉苁蓉	1	2.4303427224980045	5.0	5.0	1	0	local_consensus_strict
甘草	2	2.2850871619288213	5.0	5.0	2	0	local_consensus_strict
菊花	3	2.2850871619288213	5.0	5.0	3	0	local_consensus_strict
八角茴香	4	2.2850871619288213	5.0	5.0	4	0	local_consensus_strict
石斛	5	2.4303427224980045	5.0	5.0	5	0	local_consensus_strict
小蓟	6	2.2850871619288213	5.0	5.0	6	0	local_consensus_strict
赤小豆	9	3.724070846915717	7.0	7.0	9	0	local_consensus_strict
白茅根	10	5.623092600034946	8.0	8.0	10	0	local_consensus_strict
大枣	68	3.8315827673235807	8.0	8.0	68	0	local_consensus_strict
西红花	72	3.8315827673235807	8.0	8.0	72	0	local_consensus_strict
杜仲叶	73	3.8315827673235807	8.0	8.0	73	0	local_consensus_strict
麦冬	78	0.964732855456391	2.0	2.0	78	0	local_consensus_strict
淡豆豉	79	0.964732855456391	2.0	2.0	79	0	local_consensus_strict
黄精	80	0.964732855456391	2.0	2.0	80	0	local_consensus_strict
藿香	81	3.366974058648435	5.0	5.0	81	0	local_consensus_strict
生姜	82	0.5817627499383686	1.0	1.0	82	0	local_consensus_strict
薄荷	83	0.5817627499383686	1.0	1.0	83	0	local_consensus_strict
马齿苋	84	0.5817627499383686	1.0	1.0	84	0	local_consensus_strict
麦芽	85	0.5817627499383686	1.0	1.0	85	0	local_consensus_strict
香薷	86	0.5817627499383686	1.0	1.0	86	0	local_consensus_strict
益智仁	87	0.5817627499383686	1.0	1.0	87	0	local_consensus_strict
广藿香	88	0.5817627499383686	1.0	1.0	88	0	local_consensus_strict
佛手	89	0.5817627499383686	1.0	1.0	89	0	local_consensus_strict
紫苏子	90	0.5817627499383686	1.0	1.0	90	0	local_consensus_strict
桃仁	91	0.5817627499383686	1.0	1.0	91	0	local_consensus_strict
白扁豆	92	0.5817627499383686	1.0	1.0	92	0	local_consensus_strict
白芷	95	1.5464956053947596	3.0	3.0	95	0	local_consensus_strict
胖大海	96	0.5817627499383686	1.0	1.0	96	0	local_consensus_strict
小茴香	96	0.5817627499383686	1.0	1.0	96	0	local_consensus_strict
余甘子	98	0.5817627499383686	1.0	1.0	98	0	local_consensus_strict
火麻仁	99	1.5464956053947596	3.0	3.0	99	0	local_consensus_strict
肉桂	100	1.5464956053947596	3.0	3.0	100	0	local_consensus_strict
芡实	101	0.5817627499383686	1.0	1.0	101	0	local_consensus_strict
玳玳花	102	1.5464956053947596	3.0	3.0	102	0	local_consensus_strict
罗汉果	103	1.5464956053947596	3.0	3.0	103	0	local_consensus_strict
玉竹	104	1.5464956053947596	3.0	3.0	104	0	local_consensus_strict
乌梢蛇	55	0.0	0.0	0.0	55	0	local_consensus_strict
肉苁蓉	1	5.393445041451031	10.0	10.0	1	0	original_primary
甘草	2	2.2850871619288213	5.0	5.0	2	0	original_primary
菊花	3	2.2850871619288213	5.0	5.0	3	0	original_primary
八角茴香	4	2.2850871619288213	5.0	5.0	4	0	original_primary
石斛	5	2.4303427224980045	5.0	5.0	5	0	original_primary
小蓟	6	2.2850871619288213	5.0	5.0	6	0	original_primary
天冬	7	6.743702328050618	12.0	12.0	7	0	original_primary
芦根	8	3.780600009097591	7.0	7.0	8	0	original_primary
赤小豆	9	3.724070846915717	7.0	7.0	9	0	original_primary
白茅根	10	5.623092600034946	8.0	8.0	10	0	original_primary
人参	11	9.699278638305117	18.0	18.0	11	0	original_primary
金银花	12	9.610552239917807	18.0	18.0	12	0	original_primary
香橼	13	5.623092600034946	8.0	8.0	13	0	original_primary
莱菔子	14	5.626187903326516	11.0	11.0	14	0	original_primary
薤白	15	12.515145791946317	23.0	23.0	15	0	original_primary
覆盆子	17	3.249820017385212	7.0	7.0	17	0	original_primary
蜂蜜	18	9.55204347299329	18.0	18.0	18	0	original_primary
蒲公英	21	5.297192634365194	11.0	11.0	21	0	original_primary
灵芝	26	9.077792643462786	18.0	18.0	26	0	original_primary
薏苡仁	27	7.268935915807112	13.0	13.0	27	0	original_primary
党参	31	6.7946850862766075	13.0	13.0	31	0	original_primary
桑椹	33	9.021263481280911	18.0	18.0	33	0	original_primary
陈皮	34	3.012105472436373	6.0	6.0	34	0	original_primary
白果	35	2.86684991186719	6.0	6.0	35	0	original_primary
桑叶	36	6.590920758782906	13.0	13.0	36	0	original_primary
姜黄	37	3.012105472436373	6.0	6.0	37	0	original_primary
鱼腥草	40	2.86684991186719	6.0	6.0	40	0	original_primary
黄芪	42	6.647449920964781	13.0	13.0	42	0	original_primary
砂仁	43	2.86684991186719	6.0	6.0	43	0	original_primary
刀豆	44	6.73617631935209	13.0	13.0	44	0	original_primary
夏枯草	45	2.86684991186719	6.0	6.0	45	0	original_primary
木瓜	46	2.86684991186719	6.0	6.0	46	0	original_primary
杜仲	47	10.841741934534587	20.0	20.0	47	0	original_primary
杏仁	48	2.86684991186719	6.0	6.0	48	0	original_primary
山楂	51	2.86684991186719	6.0	6.0	51	0	original_primary
草果	54	2.86684991186719	6.0	6.0	54	0	original_primary
莲子	56	2.86684991186719	6.0	6.0	56	0	original_primary
沙棘	57	4.3623627590359595	8.0	8.0	57	0	original_primary
槐米	58	2.86684991186719	6.0	6.0	58	0	original_primary
当归	59	3.9768383278927644	8.0	8.0	59	0	original_primary
丁香	60	3.9768383278927644	8.0	8.0	60	0	original_primary
枸杞子	61	3.9768383278927644	8.0	8.0	61	0	original_primary
茯苓	62	3.9768383278927644	8.0	8.0	62	0	original_primary
西洋参	63	3.9768383278927644	8.0	8.0	63	0	original_primary
栀子	64	3.8315827673235807	8.0	8.0	64	0	original_primary
山茱萸	65	3.8315827673235807	8.0	8.0	65	0	original_primary
山药	66	3.9768383278927644	8.0	8.0	66	0	original_primary
决明子	67	3.9768383278927644	8.0	8.0	67	0	original_primary
大枣	68	3.8315827673235807	8.0	8.0	68	0	original_primary
槐花	69	3.8315827673235807	8.0	8.0	69	0	original_primary
酸枣仁	70	3.9768383278927644	8.0	8.0	70	0	original_primary
葛根	71	0.964732855456391	2.0	2.0	71	0	original_primary
西红花	72	3.8315827673235807	8.0	8.0	72	0	original_primary
杜仲叶	73	3.8315827673235807	8.0	8.0	73	0	original_primary
地黄	74	3.9768383278927644	8.0	8.0	74	0	original_primary
天麻	75	0.964732855456391	2.0	2.0	75	0	original_primary
荷叶	76	3.8315827673235807	8.0	8.0	76	0	original_primary
乌梅	77	3.8315827673235807	8.0	8.0	77	0	original_primary
麦冬	78	0.964732855456391	2.0	2.0	78	0	original_primary
淡豆豉	79	0.964732855456391	2.0	2.0	79	0	original_primary
黄精	80	0.964732855456391	2.0	2.0	80	0	original_primary
藿香	81	3.366974058648435	5.0	5.0	81	0	original_primary
生姜	82	0.5817627499383686	1.0	1.0	82	0	original_primary
薄荷	83	0.5817627499383686	1.0	1.0	83	0	original_primary
马齿苋	84	0.5817627499383686	1.0	1.0	84	0	original_primary
麦芽	85	0.5817627499383686	1.0	1.0	85	0	original_primary
香薷	86	0.5817627499383686	1.0	1.0	86	0	original_primary
益智仁	87	0.5817627499383686	1.0	1.0	87	0	original_primary
广藿香	88	0.5817627499383686	1.0	1.0	88	0	original_primary
佛手	89	0.5817627499383686	1.0	1.0	89	0	original_primary
紫苏子	90	0.5817627499383686	1.0	1.0	90	0	original_primary
桃仁	91	0.5817627499383686	1.0	1.0	91	0	original_primary
白扁豆	92	0.5817627499383686	1.0	1.0	92	0	original_primary
昆布	93	0.5817627499383686	1.0	1.0	93	0	original_primary
肉豆蔻	94	1.5464956053947596	3.0	3.0	94	0	original_primary
白芷	95	1.5464956053947596	3.0	3.0	95	0	original_primary
胖大海	96	0.5817627499383686	1.0	1.0	96	0	original_primary
小茴香	96	0.5817627499383686	1.0	1.0	96	0	original_primary
余甘子	98	0.5817627499383686	1.0	1.0	98	0	original_primary
火麻仁	99	1.5464956053947596	3.0	3.0	99	0	original_primary
肉桂	100	1.5464956053947596	3.0	3.0	100	0	original_primary
芡实	101	0.5817627499383686	1.0	1.0	101	0	original_primary
玳玳花	102	1.5464956053947596	3.0	3.0	102	0	original_primary
罗汉果	103	1.5464956053947596	3.0	3.0	103	0	original_primary
玉竹	104	1.5464956053947596	3.0	3.0	104	0	original_primary
花椒	16	0.0	0.0	0.0	16	0	original_primary
高良姜	19	0.0	0.0	0.0	19	0	original_primary
桔梗	25	0.0	0.0	0.0	25	0	original_primary
橘红	30	0.0	0.0	0.0	30	0	original_primary
榧子	53	0.0	0.0	0.0	53	0	original_primary
化橘红	24	0.0	0.0	0.0	24	0	original_primary
荜茇	20	0.0	0.0	0.0	20	0	original_primary
百合	22	0.0	0.0	0.0	22	0	original_primary
山柰	23	0.0	0.0	0.0	23	0	original_primary
干姜	28	0.0	0.0	0.0	28	0	original_primary
青果	29	0.0	0.0	0.0	29	0	original_primary
郁李仁	32	0.0	0.0	0.0	32	0	original_primary
枳椇子	38	0.0	0.0	0.0	38	0	original_primary
淡竹叶	39	0.0	0.0	0.0	39	0	original_primary
鸡内金	41	0.0	0.0	0.0	41	0	original_primary
阿胶	49	0.0	0.0	0.0	49	0	original_primary
龙眼肉	49	0.0	0.0	0.0	49	0	original_primary
牡蛎	52	0.0	0.0	0.0	52	0	original_primary
乌梢蛇	55	0.0	0.0	0.0	55	0	original_primary
肉苁蓉	1	5.393445041451031	10.0	10.0	1	0	pubchem_resolved_strict
甘草	2	2.2850871619288213	5.0	5.0	2	0	pubchem_resolved_strict
菊花	3	2.2850871619288213	5.0	5.0	3	0	pubchem_resolved_strict
八角茴香	4	2.2850871619288213	5.0	5.0	4	0	pubchem_resolved_strict
石斛	5	2.4303427224980045	5.0	5.0	5	0	pubchem_resolved_strict
小蓟	6	2.2850871619288213	5.0	5.0	6	0	pubchem_resolved_strict
天冬	7	6.743702328050618	12.0	12.0	7	0	pubchem_resolved_strict
芦根	8	3.780600009097591	7.0	7.0	8	0	pubchem_resolved_strict
赤小豆	9	3.724070846915717	7.0	7.0	9	0	pubchem_resolved_strict
白茅根	10	5.623092600034946	8.0	8.0	10	0	pubchem_resolved_strict
人参	11	9.699278638305117	18.0	18.0	11	0	pubchem_resolved_strict
金银花	12	9.610552239917807	18.0	18.0	12	0	pubchem_resolved_strict
香橼	13	5.623092600034946	8.0	8.0	13	0	pubchem_resolved_strict
莱菔子	14	5.626187903326516	11.0	11.0	14	0	pubchem_resolved_strict
薤白	15	12.515145791946317	23.0	23.0	15	0	pubchem_resolved_strict
覆盆子	17	3.249820017385212	7.0	7.0	17	0	pubchem_resolved_strict
蜂蜜	18	9.55204347299329	18.0	18.0	18	0	pubchem_resolved_strict
蒲公英	21	5.297192634365194	11.0	11.0	21	0	pubchem_resolved_strict
灵芝	26	9.077792643462786	18.0	18.0	26	0	pubchem_resolved_strict
薏苡仁	27	7.268935915807112	13.0	13.0	27	0	pubchem_resolved_strict
党参	31	6.7946850862766075	13.0	13.0	31	0	pubchem_resolved_strict
桑椹	33	9.021263481280911	18.0	18.0	33	0	pubchem_resolved_strict
陈皮	34	3.012105472436373	6.0	6.0	34	0	pubchem_resolved_strict
白果	35	2.86684991186719	6.0	6.0	35	0	pubchem_resolved_strict
桑叶	36	6.590920758782906	13.0	13.0	36	0	pubchem_resolved_strict
姜黄	37	3.012105472436373	6.0	6.0	37	0	pubchem_resolved_strict
鱼腥草	40	2.86684991186719	6.0	6.0	40	0	pubchem_resolved_strict
黄芪	42	6.647449920964781	13.0	13.0	42	0	pubchem_resolved_strict
砂仁	43	2.86684991186719	6.0	6.0	43	0	pubchem_resolved_strict
刀豆	44	6.73617631935209	13.0	13.0	44	0	pubchem_resolved_strict
夏枯草	45	2.86684991186719	6.0	6.0	45	0	pubchem_resolved_strict
木瓜	46	2.86684991186719	6.0	6.0	46	0	pubchem_resolved_strict
杜仲	47	10.841741934534587	20.0	20.0	47	0	pubchem_resolved_strict
杏仁	48	2.86684991186719	6.0	6.0	48	0	pubchem_resolved_strict
山楂	51	2.86684991186719	6.0	6.0	51	0	pubchem_resolved_strict
草果	54	2.86684991186719	6.0	6.0	54	0	pubchem_resolved_strict
莲子	56	2.86684991186719	6.0	6.0	56	0	pubchem_resolved_strict
沙棘	57	4.3623627590359595	8.0	8.0	57	0	pubchem_resolved_strict
槐米	58	2.86684991186719	6.0	6.0	58	0	pubchem_resolved_strict
当归	59	3.9768383278927644	8.0	8.0	59	0	pubchem_resolved_strict
丁香	60	3.9768383278927644	8.0	8.0	60	0	pubchem_resolved_strict
枸杞子	61	3.9768383278927644	8.0	8.0	61	0	pubchem_resolved_strict
茯苓	62	3.9768383278927644	8.0	8.0	62	0	pubchem_resolved_strict
西洋参	63	3.9768383278927644	8.0	8.0	63	0	pubchem_resolved_strict
栀子	64	3.8315827673235807	8.0	8.0	64	0	pubchem_resolved_strict
山茱萸	65	3.8315827673235807	8.0	8.0	65	0	pubchem_resolved_strict
山药	66	3.9768383278927644	8.0	8.0	66	0	pubchem_resolved_strict
决明子	67	3.9768383278927644	8.0	8.0	67	0	pubchem_resolved_strict
大枣	68	3.8315827673235807	8.0	8.0	68	0	pubchem_resolved_strict
槐花	69	3.8315827673235807	8.0	8.0	69	0	pubchem_resolved_strict
酸枣仁	70	3.9768383278927644	8.0	8.0	70	0	pubchem_resolved_strict
葛根	71	0.964732855456391	2.0	2.0	71	0	pubchem_resolved_strict
西红花	72	3.8315827673235807	8.0	8.0	72	0	pubchem_resolved_strict
杜仲叶	73	3.8315827673235807	8.0	8.0	73	0	pubchem_resolved_strict
地黄	74	3.9768383278927644	8.0	8.0	74	0	pubchem_resolved_strict
天麻	75	0.964732855456391	2.0	2.0	75	0	pubchem_resolved_strict
荷叶	76	3.8315827673235807	8.0	8.0	76	0	pubchem_resolved_strict
乌梅	77	3.8315827673235807	8.0	8.0	77	0	pubchem_resolved_strict
麦冬	78	0.964732855456391	2.0	2.0	78	0	pubchem_resolved_strict
淡豆豉	79	0.964732855456391	2.0	2.0	79	0	pubchem_resolved_strict
黄精	80	0.964732855456391	2.0	2.0	80	0	pubchem_resolved_strict
藿香	81	3.366974058648435	5.0	5.0	81	0	pubchem_resolved_strict
生姜	82	0.5817627499383686	1.0	1.0	82	0	pubchem_resolved_strict
薄荷	83	0.5817627499383686	1.0	1.0	83	0	pubchem_resolved_strict
马齿苋	84	0.5817627499383686	1.0	1.0	84	0	pubchem_resolved_strict
麦芽	85	0.5817627499383686	1.0	1.0	85	0	pubchem_resolved_strict
香薷	86	0.5817627499383686	1.0	1.0	86	0	pubchem_resolved_strict
益智仁	87	0.5817627499383686	1.0	1.0	87	0	pubchem_resolved_strict
广藿香	88	0.5817627499383686	1.0	1.0	88	0	pubchem_resolved_strict
佛手	89	0.5817627499383686	1.0	1.0	89	0	pubchem_resolved_strict
紫苏子	90	0.5817627499383686	1.0	1.0	90	0	pubchem_resolved_strict
桃仁	91	0.5817627499383686	1.0	1.0	91	0	pubchem_resolved_strict
白扁豆	92	0.5817627499383686	1.0	1.0	92	0	pubchem_resolved_strict
昆布	93	0.5817627499383686	1.0	1.0	93	0	pubchem_resolved_strict
肉豆蔻	94	1.5464956053947596	3.0	3.0	94	0	pubchem_resolved_strict
白芷	95	1.5464956053947596	3.0	3.0	95	0	pubchem_resolved_strict
胖大海	96	0.5817627499383686	1.0	1.0	96	0	pubchem_resolved_strict
小茴香	96	0.5817627499383686	1.0	1.0	96	0	pubchem_resolved_strict
余甘子	98	0.5817627499383686	1.0	1.0	98	0	pubchem_resolved_strict
火麻仁	99	1.5464956053947596	3.0	3.0	99	0	pubchem_resolved_strict
肉桂	100	1.5464956053947596	3.0	3.0	100	0	pubchem_resolved_strict
芡实	101	0.5817627499383686	1.0	1.0	101	0	pubchem_resolved_strict
玳玳花	102	1.5464956053947596	3.0	3.0	102	0	pubchem_resolved_strict
罗汉果	103	1.5464956053947596	3.0	3.0	103	0	pubchem_resolved_strict
玉竹	104	1.5464956053947596	3.0	3.0	104	0	pubchem_resolved_strict
花椒	16	0.0	0.0	0.0	16	0	pubchem_resolved_strict
高良姜	19	0.0	0.0	0.0	19	0	pubchem_resolved_strict
桔梗	25	0.0	0.0	0.0	25	0	pubchem_resolved_strict
橘红	30	0.0	0.0	0.0	30	0	pubchem_resolved_strict
榧子	53	0.0	0.0	0.0	53	0	pubchem_resolved_strict
化橘红	24	0.0	0.0	0.0	24	0	pubchem_resolved_strict
荜茇	20	0.0	0.0	0.0	20	0	pubchem_resolved_strict
百合	22	0.0	0.0	0.0	22	0	pubchem_resolved_strict
山柰	23	0.0	0.0	0.0	23	0	pubchem_resolved_strict
干姜	28	0.0	0.0	0.0	28	0	pubchem_resolved_strict
青果	29	0.0	0.0	0.0	29	0	pubchem_resolved_strict
郁李仁	32	0.0	0.0	0.0	32	0	pubchem_resolved_strict
枳椇子	38	0.0	0.0	0.0	38	0	pubchem_resolved_strict
淡竹叶	39	0.0	0.0	0.0	39	0	pubchem_resolved_strict
鸡内金	41	0.0	0.0	0.0	41	0	pubchem_resolved_strict
阿胶	49	0.0	0.0	0.0	49	0	pubchem_resolved_strict
龙眼肉	49	0.0	0.0	0.0	49	0	pubchem_resolved_strict
牡蛎	52	0.0	0.0	0.0	52	0	pubchem_resolved_strict
乌梢蛇	55	0.0	0.0	0.0	55	0	pubchem_resolved_strict
肉苁蓉	1	5.393445041451031	10.0	10.0	1	0	pubchem_resolved_structure_deduplicated
甘草	2	2.2850871619288213	5.0	5.0	2	0	pubchem_resolved_structure_deduplicated
菊花	3	2.2850871619288213	5.0	5.0	3	0	pubchem_resolved_structure_deduplicated
八角茴香	4	2.2850871619288213	5.0	5.0	4	0	pubchem_resolved_structure_deduplicated
石斛	5	2.4303427224980045	5.0	5.0	5	0	pubchem_resolved_structure_deduplicated
小蓟	6	2.2850871619288213	5.0	5.0	6	0	pubchem_resolved_structure_deduplicated
天冬	7	6.743702328050618	12.0	12.0	7	0	pubchem_resolved_structure_deduplicated
芦根	8	3.780600009097591	7.0	7.0	8	0	pubchem_resolved_structure_deduplicated
赤小豆	9	3.724070846915717	7.0	7.0	9	0	pubchem_resolved_structure_deduplicated
白茅根	10	5.623092600034946	8.0	8.0	10	0	pubchem_resolved_structure_deduplicated
人参	11	9.699278638305117	18.0	18.0	11	0	pubchem_resolved_structure_deduplicated
金银花	12	9.610552239917807	18.0	18.0	12	0	pubchem_resolved_structure_deduplicated
香橼	13	5.623092600034946	8.0	8.0	13	0	pubchem_resolved_structure_deduplicated
莱菔子	14	5.626187903326516	11.0	11.0	14	0	pubchem_resolved_structure_deduplicated
薤白	15	12.515145791946317	23.0	23.0	15	0	pubchem_resolved_structure_deduplicated
覆盆子	17	3.249820017385212	7.0	7.0	17	0	pubchem_resolved_structure_deduplicated
蜂蜜	18	9.55204347299329	18.0	18.0	18	0	pubchem_resolved_structure_deduplicated
蒲公英	21	5.297192634365194	11.0	11.0	21	0	pubchem_resolved_structure_deduplicated
灵芝	26	9.077792643462786	18.0	18.0	26	0	pubchem_resolved_structure_deduplicated
薏苡仁	27	7.268935915807112	13.0	13.0	27	0	pubchem_resolved_structure_deduplicated
党参	31	6.7946850862766075	13.0	13.0	31	0	pubchem_resolved_structure_deduplicated
桑椹	33	9.021263481280911	18.0	18.0	33	0	pubchem_resolved_structure_deduplicated
陈皮	34	3.012105472436373	6.0	6.0	34	0	pubchem_resolved_structure_deduplicated
白果	35	2.86684991186719	6.0	6.0	35	0	pubchem_resolved_structure_deduplicated
桑叶	36	6.590920758782906	13.0	13.0	36	0	pubchem_resolved_structure_deduplicated
姜黄	37	3.012105472436373	6.0	6.0	37	0	pubchem_resolved_structure_deduplicated
鱼腥草	40	2.86684991186719	6.0	6.0	40	0	pubchem_resolved_structure_deduplicated
黄芪	42	6.647449920964781	13.0	13.0	42	0	pubchem_resolved_structure_deduplicated
砂仁	43	2.86684991186719	6.0	6.0	43	0	pubchem_resolved_structure_deduplicated
刀豆	44	6.73617631935209	13.0	13.0	44	0	pubchem_resolved_structure_deduplicated
夏枯草	45	2.86684991186719	6.0	6.0	45	0	pubchem_resolved_structure_deduplicated
木瓜	46	2.86684991186719	6.0	6.0	46	0	pubchem_resolved_structure_deduplicated
杜仲	47	10.841741934534587	20.0	20.0	47	0	pubchem_resolved_structure_deduplicated
杏仁	48	2.86684991186719	6.0	6.0	48	0	pubchem_resolved_structure_deduplicated
山楂	51	2.86684991186719	6.0	6.0	51	0	pubchem_resolved_structure_deduplicated
草果	54	2.86684991186719	6.0	6.0	54	0	pubchem_resolved_structure_deduplicated
莲子	56	2.86684991186719	6.0	6.0	56	0	pubchem_resolved_structure_deduplicated
沙棘	57	4.3623627590359595	8.0	8.0	57	0	pubchem_resolved_structure_deduplicated
槐米	58	2.86684991186719	6.0	6.0	58	0	pubchem_resolved_structure_deduplicated
当归	59	3.9768383278927644	8.0	8.0	59	0	pubchem_resolved_structure_deduplicated
丁香	60	3.9768383278927644	8.0	8.0	60	0	pubchem_resolved_structure_deduplicated
枸杞子	61	3.9768383278927644	8.0	8.0	61	0	pubchem_resolved_structure_deduplicated
茯苓	62	3.9768383278927644	8.0	8.0	62	0	pubchem_resolved_structure_deduplicated
西洋参	63	3.9768383278927644	8.0	8.0	63	0	pubchem_resolved_structure_deduplicated
栀子	64	3.8315827673235807	8.0	8.0	64	0	pubchem_resolved_structure_deduplicated
山茱萸	65	3.8315827673235807	8.0	8.0	65	0	pubchem_resolved_structure_deduplicated
山药	66	3.9768383278927644	8.0	8.0	66	0	pubchem_resolved_structure_deduplicated
决明子	67	3.9768383278927644	8.0	8.0	67	0	pubchem_resolved_structure_deduplicated
大枣	68	3.8315827673235807	8.0	8.0	68	0	pubchem_resolved_structure_deduplicated
槐花	69	3.8315827673235807	8.0	8.0	69	0	pubchem_resolved_structure_deduplicated
酸枣仁	70	3.9768383278927644	8.0	8.0	70	0	pubchem_resolved_structure_deduplicated
葛根	71	0.964732855456391	2.0	2.0	71	0	pubchem_resolved_structure_deduplicated
西红花	72	3.8315827673235807	8.0	8.0	72	0	pubchem_resolved_structure_deduplicated
杜仲叶	73	3.8315827673235807	8.0	8.0	73	0	pubchem_resolved_structure_deduplicated
地黄	74	3.9768383278927644	8.0	8.0	74	0	pubchem_resolved_structure_deduplicated
天麻	75	0.964732855456391	2.0	2.0	75	0	pubchem_resolved_structure_deduplicated
荷叶	76	3.8315827673235807	8.0	8.0	76	0	pubchem_resolved_structure_deduplicated
乌梅	77	3.8315827673235807	8.0	8.0	77	0	pubchem_resolved_structure_deduplicated
麦冬	78	0.964732855456391	2.0	2.0	78	0	pubchem_resolved_structure_deduplicated
淡豆豉	79	0.964732855456391	2.0	2.0	79	0	pubchem_resolved_structure_deduplicated
黄精	80	0.964732855456391	2.0	2.0	80	0	pubchem_resolved_structure_deduplicated
藿香	81	3.366974058648435	5.0	5.0	81	0	pubchem_resolved_structure_deduplicated
生姜	82	0.5817627499383686	1.0	1.0	82	0	pubchem_resolved_structure_deduplicated
薄荷	83	0.5817627499383686	1.0	1.0	83	0	pubchem_resolved_structure_deduplicated
马齿苋	84	0.5817627499383686	1.0	1.0	84	0	pubchem_resolved_structure_deduplicated
麦芽	85	0.5817627499383686	1.0	1.0	85	0	pubchem_resolved_structure_deduplicated
香薷	86	0.5817627499383686	1.0	1.0	86	0	pubchem_resolved_structure_deduplicated
益智仁	87	0.5817627499383686	1.0	1.0	87	0	pubchem_resolved_structure_deduplicated
广藿香	88	0.5817627499383686	1.0	1.0	88	0	pubchem_resolved_structure_deduplicated
佛手	89	0.5817627499383686	1.0	1.0	89	0	pubchem_resolved_structure_deduplicated
紫苏子	90	0.5817627499383686	1.0	1.0	90	0	pubchem_resolved_structure_deduplicated
桃仁	91	0.5817627499383686	1.0	1.0	91	0	pubchem_resolved_structure_deduplicated
白扁豆	92	0.5817627499383686	1.0	1.0	92	0	pubchem_resolved_structure_deduplicated
昆布	93	0.5817627499383686	1.0	1.0	93	0	pubchem_resolved_structure_deduplicated
肉豆蔻	94	1.5464956053947596	3.0	3.0	94	0	pubchem_resolved_structure_deduplicated
白芷	95	1.5464956053947596	3.0	3.0	95	0	pubchem_resolved_structure_deduplicated
胖大海	96	0.5817627499383686	1.0	1.0	96	0	pubchem_resolved_structure_deduplicated
小茴香	96	0.5817627499383686	1.0	1.0	96	0	pubchem_resolved_structure_deduplicated
余甘子	98	0.5817627499383686	1.0	1.0	98	0	pubchem_resolved_structure_deduplicated
火麻仁	99	1.5464956053947596	3.0	3.0	99	0	pubchem_resolved_structure_deduplicated
肉桂	100	1.5464956053947596	3.0	3.0	100	0	pubchem_resolved_structure_deduplicated
芡实	101	0.5817627499383686	1.0	1.0	101	0	pubchem_resolved_structure_deduplicated
玳玳花	102	1.5464956053947596	3.0	3.0	102	0	pubchem_resolved_structure_deduplicated
罗汉果	103	1.5464956053947596	3.0	3.0	103	0	pubchem_resolved_structure_deduplicated
玉竹	104	1.5464956053947596	3.0	3.0	104	0	pubchem_resolved_structure_deduplicated
花椒	16	0.0	0.0	0.0	16	0	pubchem_resolved_structure_deduplicated
高良姜	19	0.0	0.0	0.0	19	0	pubchem_resolved_structure_deduplicated
桔梗	25	0.0	0.0	0.0	25	0	pubchem_resolved_structure_deduplicated
橘红	30	0.0	0.0	0.0	30	0	pubchem_resolved_structure_deduplicated
榧子	53	0.0	0.0	0.0	53	0	pubchem_resolved_structure_deduplicated
化橘红	24	0.0	0.0	0.0	24	0	pubchem_resolved_structure_deduplicated
荜茇	20	0.0	0.0	0.0	20	0	pubchem_resolved_structure_deduplicated
百合	22	0.0	0.0	0.0	22	0	pubchem_resolved_structure_deduplicated
山柰	23	0.0	0.0	0.0	23	0	pubchem_resolved_structure_deduplicated
干姜	28	0.0	0.0	0.0	28	0	pubchem_resolved_structure_deduplicated
青果	29	0.0	0.0	0.0	29	0	pubchem_resolved_structure_deduplicated
郁李仁	32	0.0	0.0	0.0	32	0	pubchem_resolved_structure_deduplicated
枳椇子	38	0.0	0.0	0.0	38	0	pubchem_resolved_structure_deduplicated
淡竹叶	39	0.0	0.0	0.0	39	0	pubchem_resolved_structure_deduplicated
鸡内金	41	0.0	0.0	0.0	41	0	pubchem_resolved_structure_deduplicated
阿胶	49	0.0	0.0	0.0	49	0	pubchem_resolved_structure_deduplicated
龙眼肉	49	0.0	0.0	0.0	49	0	pubchem_resolved_structure_deduplicated
牡蛎	52	0.0	0.0	0.0	52	0	pubchem_resolved_structure_deduplicated
乌梢蛇	55	0.0	0.0	0.0	55	0	pubchem_resolved_structure_deduplicated
