herb_canonical	n_compounds	transform_score_raw	n_paths	n_routes	n_route_substrates	n_products	n_targets	transform_adjusted_z	transform_rank	scenario
肉苁蓉	426	5.393445041451031	10.0	10.0	2.0	2.0	3.0	2.675855718705149	1	bbBgl_dispute_removed
甘草	1256	2.2850871619288213	5.0	5.0	1.0	2.0	3.0	2.261792094494701	2	bbBgl_dispute_removed
菊花	717	2.2850871619288213	5.0	5.0	1.0	2.0	3.0	2.161619301048204	3	bbBgl_dispute_removed
八角茴香	429	2.2850871619288213	5.0	5.0	1.0	2.0	3.0	2.069912562305818	4	bbBgl_dispute_removed
石斛	50	2.4303427224980045	5.0	5.0	1.0	2.0	3.0	1.8881382006572385	5	bbBgl_dispute_removed
小蓟	83	2.2850871619288213	5.0	5.0	1.0	2.0	3.0	1.7778143067030407	6	bbBgl_dispute_removed
天冬	124	6.743702328050618	12.0	12.0	3.0	3.0	3.0	1.5914575240012705	7	bbBgl_dispute_removed
芦根	167	3.780600009097591	7.0	7.0	2.0	3.0	3.0	1.1680276545135808	8	bbBgl_dispute_removed
赤小豆	145	3.724070846915717	7.0	7.0	2.0	3.0	3.0	1.088051309914086	9	bbBgl_dispute_removed
白茅根	289	5.623092600034946	8.0	8.0	3.0	4.0	3.0	1.0209346704411426	10	bbBgl_dispute_removed
人参	1085	9.699278638305117	18.0	18.0	5.0	4.0	3.0	1.0051077064806708	11	bbBgl_dispute_removed
金银花	1182	9.610552239917807	18.0	18.0	5.0	4.0	3.0	0.9819988073257886	12	bbBgl_dispute_removed
香橼	214	5.623092600034946	8.0	8.0	3.0	4.0	3.0	0.9674074086391953	13	bbBgl_dispute_removed
莱菔子	190	5.626187903326516	11.0	11.0	3.0	3.0	3.0	0.9483901474331663	14	bbBgl_dispute_removed
薤白	316	12.515145791946317	23.0	23.0	6.0	4.0	3.0	0.9256462640399162	15	bbBgl_dispute_removed
花椒	815	0.0	0.0	0.0	0.0	0.0	0.0	0.9109522052042338	16	bbBgl_dispute_removed
覆盆子	390	3.249820017385212	7.0	7.0	2.0	3.0	3.0	0.7762558482629102	17	bbBgl_dispute_removed
蜂蜜	390	9.55204347299329	18.0	18.0	5.0	4.0	3.0	0.7584591382332412	18	bbBgl_dispute_removed
高良姜	300	0.0	0.0	0.0	0.0	0.0	0.0	0.7325588062252785	19	bbBgl_dispute_removed
荜茇	296	0.0	0.0	0.0	0.0	0.0	0.0	0.7301657854977773	20	bbBgl_dispute_removed
肉苁蓉	426	2.4303427224980045	5.0	5.0	1.0	2.0	3.0	2.3224316148252	1	local_consensus_strict
甘草	1256	2.2850871619288213	5.0	5.0	1.0	2.0	3.0	2.2867561381928168	2	local_consensus_strict
菊花	717	2.2850871619288213	5.0	5.0	1.0	2.0	3.0	2.198524019796483	3	local_consensus_strict
八角茴香	429	2.2850871619288213	5.0	5.0	1.0	2.0	3.0	2.1177487957853685	4	local_consensus_strict
石斛	50	2.4303427224980045	5.0	5.0	1.0	2.0	3.0	1.9876369488073056	5	local_consensus_strict
小蓟	83	2.2850871619288213	5.0	5.0	1.0	2.0	3.0	1.8604688799020996	6	local_consensus_strict
芦根	167	3.780600009097591	7.0	7.0	2.0	3.0	3.0	1.2752374483012916	7	local_consensus_strict
天冬	124	3.780600009097591	7.0	7.0	2.0	3.0	3.0	1.2286567128994013	8	local_consensus_strict
赤小豆	145	3.724070846915717	7.0	7.0	2.0	3.0	3.0	1.1965480133313193	9	local_consensus_strict
白茅根	289	5.623092600034946	8.0	8.0	3.0	4.0	3.0	1.1529892066498582	10	local_consensus_strict
香橼	214	5.623092600034946	8.0	8.0	3.0	4.0	3.0	1.105842436172069	11	local_consensus_strict
莱菔子	190	5.626187903326516	11.0	11.0	3.0	3.0	3.0	1.089415962429262	12	local_consensus_strict
蜂蜜	390	9.55204347299329	18.0	18.0	5.0	4.0	3.0	0.9364667188511321	13	local_consensus_strict
薤白	316	9.55204347299329	18.0	18.0	5.0	4.0	3.0	0.9034110793933808	14	local_consensus_strict
蒲公英	202	5.297192634365194	11.0	11.0	3.0	3.0	3.0	0.8568037684597748	15	local_consensus_strict
覆盆子	390	3.249820017385212	7.0	7.0	2.0	3.0	3.0	0.8485768729131573	16	local_consensus_strict
灵芝	710	9.077792643462786	18.0	18.0	5.0	4.0	3.0	0.8119636103229081	17	local_consensus_strict
花椒	815	0.0	0.0	0.0	0.0	0.0	0.0	0.7992965274727463	18	local_consensus_strict
人参	1085	6.73617631935209	13.0	13.0	4.0	4.0	3.0	0.7356700647681867	19	local_consensus_strict
金银花	1182	6.647449920964781	13.0	13.0	4.0	4.0	3.0	0.6942850942595262	20	local_consensus_strict
肉苁蓉	426	5.393445041451031	10.0	10.0	2.0	2.0	3.0	2.675855718705149	1	original_primary
甘草	1256	2.2850871619288213	5.0	5.0	1.0	2.0	3.0	2.261792094494701	2	original_primary
菊花	717	2.2850871619288213	5.0	5.0	1.0	2.0	3.0	2.161619301048204	3	original_primary
八角茴香	429	2.2850871619288213	5.0	5.0	1.0	2.0	3.0	2.069912562305818	4	original_primary
石斛	50	2.4303427224980045	5.0	5.0	1.0	2.0	3.0	1.8881382006572385	5	original_primary
小蓟	83	2.2850871619288213	5.0	5.0	1.0	2.0	3.0	1.7778143067030407	6	original_primary
天冬	124	6.743702328050618	12.0	12.0	3.0	3.0	3.0	1.5914575240012705	7	original_primary
芦根	167	3.780600009097591	7.0	7.0	2.0	3.0	3.0	1.1680276545135808	8	original_primary
赤小豆	145	3.724070846915717	7.0	7.0	2.0	3.0	3.0	1.088051309914086	9	original_primary
白茅根	289	5.623092600034946	8.0	8.0	3.0	4.0	3.0	1.0209346704411426	10	original_primary
人参	1085	9.699278638305117	18.0	18.0	5.0	4.0	3.0	1.0051077064806708	11	original_primary
金银花	1182	9.610552239917807	18.0	18.0	5.0	4.0	3.0	0.9819988073257886	12	original_primary
香橼	214	5.623092600034946	8.0	8.0	3.0	4.0	3.0	0.9674074086391953	13	original_primary
莱菔子	190	5.626187903326516	11.0	11.0	3.0	3.0	3.0	0.9483901474331663	14	original_primary
薤白	316	12.515145791946317	23.0	23.0	6.0	4.0	3.0	0.9256462640399162	15	original_primary
花椒	815	0.0	0.0	0.0	0.0	0.0	0.0	0.9109522052042338	16	original_primary
覆盆子	390	3.249820017385212	7.0	7.0	2.0	3.0	3.0	0.7762558482629102	17	original_primary
蜂蜜	390	9.55204347299329	18.0	18.0	5.0	4.0	3.0	0.7584591382332412	18	original_primary
高良姜	300	0.0	0.0	0.0	0.0	0.0	0.0	0.7325588062252785	19	original_primary
荜茇	296	0.0	0.0	0.0	0.0	0.0	0.0	0.7301657854977773	20	original_primary
肉苁蓉	426	5.393445041451031	10.0	10.0	2.0	2.0	3.0	2.675855718705149	1	pubchem_resolved_strict
甘草	1256	2.2850871619288213	5.0	5.0	1.0	2.0	3.0	2.261792094494701	2	pubchem_resolved_strict
菊花	717	2.2850871619288213	5.0	5.0	1.0	2.0	3.0	2.161619301048204	3	pubchem_resolved_strict
八角茴香	429	2.2850871619288213	5.0	5.0	1.0	2.0	3.0	2.069912562305818	4	pubchem_resolved_strict
石斛	50	2.4303427224980045	5.0	5.0	1.0	2.0	3.0	1.8881382006572385	5	pubchem_resolved_strict
小蓟	83	2.2850871619288213	5.0	5.0	1.0	2.0	3.0	1.7778143067030407	6	pubchem_resolved_strict
天冬	124	6.743702328050618	12.0	12.0	3.0	3.0	3.0	1.5914575240012705	7	pubchem_resolved_strict
芦根	167	3.780600009097591	7.0	7.0	2.0	3.0	3.0	1.1680276545135808	8	pubchem_resolved_strict
赤小豆	145	3.724070846915717	7.0	7.0	2.0	3.0	3.0	1.088051309914086	9	pubchem_resolved_strict
白茅根	289	5.623092600034946	8.0	8.0	3.0	4.0	3.0	1.0209346704411426	10	pubchem_resolved_strict
人参	1085	9.699278638305117	18.0	18.0	5.0	4.0	3.0	1.0051077064806708	11	pubchem_resolved_strict
金银花	1182	9.610552239917807	18.0	18.0	5.0	4.0	3.0	0.9819988073257886	12	pubchem_resolved_strict
香橼	214	5.623092600034946	8.0	8.0	3.0	4.0	3.0	0.9674074086391953	13	pubchem_resolved_strict
莱菔子	190	5.626187903326516	11.0	11.0	3.0	3.0	3.0	0.9483901474331663	14	pubchem_resolved_strict
薤白	316	12.515145791946317	23.0	23.0	6.0	4.0	3.0	0.9256462640399162	15	pubchem_resolved_strict
花椒	815	0.0	0.0	0.0	0.0	0.0	0.0	0.9109522052042338	16	pubchem_resolved_strict
覆盆子	390	3.249820017385212	7.0	7.0	2.0	3.0	3.0	0.7762558482629102	17	pubchem_resolved_strict
蜂蜜	390	9.55204347299329	18.0	18.0	5.0	4.0	3.0	0.7584591382332412	18	pubchem_resolved_strict
高良姜	300	0.0	0.0	0.0	0.0	0.0	0.0	0.7325588062252785	19	pubchem_resolved_strict
荜茇	296	0.0	0.0	0.0	0.0	0.0	0.0	0.7301657854977773	20	pubchem_resolved_strict
肉苁蓉	426	5.393445041451031	10.0	10.0	2.0	2.0	3.0	2.675855718705149	1	pubchem_resolved_structure_deduplicated
甘草	1256	2.2850871619288213	5.0	5.0	1.0	2.0	3.0	2.261792094494701	2	pubchem_resolved_structure_deduplicated
菊花	717	2.2850871619288213	5.0	5.0	1.0	2.0	3.0	2.161619301048204	3	pubchem_resolved_structure_deduplicated
八角茴香	429	2.2850871619288213	5.0	5.0	1.0	2.0	3.0	2.069912562305818	4	pubchem_resolved_structure_deduplicated
石斛	50	2.4303427224980045	5.0	5.0	1.0	2.0	3.0	1.8881382006572385	5	pubchem_resolved_structure_deduplicated
小蓟	83	2.2850871619288213	5.0	5.0	1.0	2.0	3.0	1.7778143067030407	6	pubchem_resolved_structure_deduplicated
天冬	124	6.743702328050618	12.0	12.0	3.0	3.0	3.0	1.5914575240012705	7	pubchem_resolved_structure_deduplicated
芦根	167	3.780600009097591	7.0	7.0	2.0	3.0	3.0	1.1680276545135808	8	pubchem_resolved_structure_deduplicated
赤小豆	145	3.724070846915717	7.0	7.0	2.0	3.0	3.0	1.088051309914086	9	pubchem_resolved_structure_deduplicated
白茅根	289	5.623092600034946	8.0	8.0	3.0	4.0	3.0	1.0209346704411426	10	pubchem_resolved_structure_deduplicated
人参	1085	9.699278638305117	18.0	18.0	5.0	4.0	3.0	1.0051077064806708	11	pubchem_resolved_structure_deduplicated
金银花	1182	9.610552239917807	18.0	18.0	5.0	4.0	3.0	0.9819988073257886	12	pubchem_resolved_structure_deduplicated
香橼	214	5.623092600034946	8.0	8.0	3.0	4.0	3.0	0.9674074086391953	13	pubchem_resolved_structure_deduplicated
莱菔子	190	5.626187903326516	11.0	11.0	3.0	3.0	3.0	0.9483901474331663	14	pubchem_resolved_structure_deduplicated
薤白	316	12.515145791946317	23.0	23.0	6.0	4.0	3.0	0.9256462640399162	15	pubchem_resolved_structure_deduplicated
花椒	815	0.0	0.0	0.0	0.0	0.0	0.0	0.9109522052042338	16	pubchem_resolved_structure_deduplicated
覆盆子	390	3.249820017385212	7.0	7.0	2.0	3.0	3.0	0.7762558482629102	17	pubchem_resolved_structure_deduplicated
蜂蜜	390	9.55204347299329	18.0	18.0	5.0	4.0	3.0	0.7584591382332412	18	pubchem_resolved_structure_deduplicated
高良姜	300	0.0	0.0	0.0	0.0	0.0	0.0	0.7325588062252785	19	pubchem_resolved_structure_deduplicated
荜茇	296	0.0	0.0	0.0	0.0	0.0	0.0	0.7301657854977773	20	pubchem_resolved_structure_deduplicated
