representative_exact_inchikey	n_cids	cids	compound_names	n_herbs
AAGFPTSOPGCENQ-UHFFFAOYSA-N	2	115269;11739020	Sophocarpine	2
AAJIHHYEPHRIET-XEFAKFPISA-N	2	73294;10253565	Ganodermanondiol	2
ACMBVSPXQQUNOF-UHFFFAOYSA-N	2	85611;545608	10-nonadecanol; Nonacasyl Alcohol-10; ACMBVSPXQQUNOF-UHFFFAOYSA-N; Nonacasyl Alcohol-10	4
ADFWQBGTDJIESE-UHFFFAOYSA-N	2	15109;167551	ANACARDIC ACID; Anacardic Acid; Hydroginkgolinic acid; Lunularic acid; anacardic acid; Anacardic acid; Anacardicacid a	9
AGVAZMGAQJOSFJ-UHFFFAOYSA-M	2	5474658;54605677	AGVAZMGAQJOSFJ-UHFFFAOYSA-M; Depinar	5
AIFCFBUSLAEIBR-UHFFFAOYSA-N	2	5271805;87579315	Ginkgetin	5
AJPXZTKPPINUKN-UHFFFAOYSA-N	2	5274591;10100278	AJPXZTKPPINUKN-UHFFFAOYSA-N; Isoliensinine	4
ANMYKTVFNJJBPX-TYNCELHUSA-N	2	21574489;73797128	Ginsinsene	2
ASNHGEVAWNWCRQ-VPENINKCSA-N	2	441474;12306753	Apiose	3
ATEFPOUAMCWAQS-UHFFFAOYSA-N	2	5280569;11297130	Daphnetin; Daphnetin; Daphnetol	3
ATHGHQPFGPMSJY-UHFFFAOYSA-N	2	1102;10958964	SPD;spermidine; Spermidine; Spermine; sym-Homospermidine; Spermidine	10
AUBPDZJRJKZQEX-UHFFFAOYSA-N	2	5318274;71726240	1-(4-hydroxy-3-methoxyphenyl)-3,5-diacetoxytane; AUBPDZJRJKZQEX-UHFFFAOYSA-N	2
AURFZBICLPNKBZ-SYBPFIFISA-N	2	92786;12732768	2-Hydroxybicyclo[3.1.1]Heptan-6-One; 2-hydroxybicyclo[3.1.1]heptan-6-one; Allopregnanolone	2
AVTXSAWPGCSYFO-ZCHNTGFUSA-N	2	76602687;118721996	Ginsenoside Ia	2
AXCXHFKZHDEKTP-UHFFFAOYSA-N	2	230995;11765414	1,3-Bis-[2-(3,4-Dihydroxyphenyl)-1-Carboxy]Ethoxycarbonyl-2-(3,4-Dihydroxyphenyl)-7,8-Di-Hydroxy-1,2-Dihydronaphthalene; P-methoxycinnamaldehyde; AXCXHFKZHDEKTP-UHFFFAOYSA-N	4
AYXPYQRXGNDJFU-UHFFFAOYSA-N	2	101716;101232077	(+)-Ledol; (+)-ledol; Globulol; AYXPYQRXGNDJFU-UHFFFAOYSA-N	13
BBMCTIGTTCKYKF-UHFFFAOYSA-N	2	8129;5319556	1-Heptanol; Heptanol; Heptanol	6
BDAGIHXWWSANSR-UHFFFAOYSA-N	2	284;100998120	2(R)-(3,4-dimethoxy-phenyl)-propanel,3-diol-l-O-β-D-glucopyranoside; Formic Acid; Saturated Fatty Acids; Formic Acid; Formic acid	13
BGEBZHIAGXMEMV-UHFFFAOYSA-N	2	2355;11781748	1,3-dihydroxy-8,9-dimethoxy-6-benzofurano[3,2-c]chromenone; 5-Hydroxyxanthotoxin; 5-Methoxypsoralen; 7-methoxycoumarin; Bergapten; Bergaptol; Isotrifoliol; Majudin; bergapten; Majudin	25
BKUSIKGSPSFQAC-RRKCRQDMSA-N	2	439488;135398667	Deoxyinosine diphosphate; dIDP	2
BMLZFLQMBMYVHG-UHFFFAOYSA-N	2	13024;98608	Phel-Lopterin; Phellopterin; Phellopterin	6
BNWJOHGLIBDBOB-UHFFFAOYSA-N	2	4276;101606639	Elemicin; Myristicin; myristicin; 1,3-Benzodioxole,4-methoxy-6-(2-propenyl)-; asaricin; Myristicin	31
BOPIMTNSYWYZOC-UHFFFAOYSA-N	2	521215;5365674	BOPIMTNSYWYZOC-UHFFFAOYSA-N; Beta-eudesmol	7
BOTWFXYSPFMFNR-UHFFFAOYSA-N	2	145386;56842093	BOTWFXYSPFMFNR-UHFFFAOYSA-N; Phytol	10
BQOFWKZOCNGFEC-UHFFFAOYSA-N	3	26049;5312412;21629956	10-Hexadecenoic Acid; 3-Carene; 3-carene; 3,7,7-Trimethylbicyclo[4.1.0]Hept-3-Ene,3-Carene; 3-Carene; 3-carene; Car-3-Ene; Car-3-ene; Carene; CHEBI:7; Chebi:7	34
BRHDDEIRQPDPMG-UHFFFAOYSA-N	2	22310;159549	BRHDDEIRQPDPMG-UHFFFAOYSA-N; Linalool Oxide; epoxylinalool; linalool oxide; Linalool oxide	11
BTCSSZJGUNDROE-UHFFFAOYSA-N	3	119;539806;6992099	4-Aminobutyric Acid; Gamma-Aminobutyric Acid; Γ-Aminobutyric Acid; Gamma-Aminobutyric Acid; gamma-aminobutyric acid; Gamma-aminobutyric acid	35
BTFJIXJJCSYFAL-UHFFFAOYSA-N	2	12404;5365675	1-Eicosanol; Eicosanol; Eicosanol	5
CATSNJVOTSVZJV-UHFFFAOYSA-N	2	8051;5363228	2-Heptanone; 2-heptanone; Heptan-2-One; heptan-2-one; 2-heptanone; Methyl-N-Pentyl Ketone	12
CCRCUPLGCSFEDV-UHFFFAOYSA-N	2	7644;101204873	Methyl 3-Phenylprop-2-Enoate; Methylcinnamate	4
CDAISMWEOUEBRE-UHFFFAOYSA-N	2	14038843;15523672	(1R,4E,7E,11R)-1,5,9,9-tetramethyl-12-oxabicyclo[9.1.0]dodeca-4,7-diene; Inositol; Myoinositol	13
CDOSHBSSFJOMGT-UHFFFAOYSA-N	3	6549;105119;131752713	(R)-Linalool; (R)-linalool; (r)-linalool; 3,7-dimethyl-1,6-octadien-3-ol; Linalool; linalool; Β-Linalool	84
CHWNEIVBYREQRF-UHFFFAOYSA-N	2	62465;5352703	4-Ethyl-2-Methoxyphenol; 4-ethylguaiacol; Homocresol; Homocresol	4
CJYSHXOWQJASKY-OPZMZFLOSA-N	6	62073;543335;5362687;5367670;6431297;129685482	(E)-13-Octadecenal; 13-Octadecenal; 7,11-Hexadecadienal; 9,17-octadecadienal; Cis-dodec-5-enal; Ergosta-7,22-Diene-3-One; ergosta-7,22-diene-3-one; hexadec-11-enal	9
CKUVNOCSBYYHIS-UHFFFAOYSA-N	3	119307;14081290;14526927	(20R)-Ginsenoside Rh2; 20(r)-ginsenoside-rh2; Ginsenoside Rh2; ginsenoside Rh2; ginsenoside rh2	9
CNNRPFQICPFDPO-UHFFFAOYSA-N	2	68406;6325680	1-Octacosanol,N-Octacosanol; Octacosanol; 1-Octacosanol; 1-Octacosanol,N-Octacosanol; Octacosan-1-Ol; Octacosanol	7
COLNVLDHVKWLRT-QMMMGPOBSA-N	2	6140;6925665	(2S)-2-Azaniumyl-3-Phenylpropanoate; 3-phenylpropanoic acid; DL-Tyrosine; L-Phenylalanine; Phenylalanine	26
CPGCVOVWHCWVTP-UHFFFAOYSA-N	2	75550;240925	10-nonacosanol; Ginnol	5
CQWWASNOGSDPRL-OVHRRVLLSA-N	2	181804;185872	Heterodendrin	2
CRPUJAZIXJMDBK-UHFFFAOYSA-N	3	6616;28456;100966793	(-)-Comphene; (-)-comphene; Camphene; 2,2-Dimethyl-3-Methylenebicyclo[2.2.1]Heptane,Camphene; Camphene; camphene; D-camphene	40
CRUILBNAQILVHZ-UHFFFAOYSA-N	2	12462;11830928	1,2,3-trimethoxybenzene; Methylsyringol	2
CTJZWFCPUDPLME-UHFFFAOYSA-N	2	182251;11833147	9-[[(2R)-3,3-dimethyloxiran-2-yl]methoxy]furo[3,2-g]chromen-7-one; 9-[[(2r)-3,3-dimethyloxiran-2-yl]methoxy]furo[3,2-g]chromen-7-one; Oxyimperatorin; Prangenin	2
CUUMXRBKJIDIAY-UHFFFAOYSA-N	2	528708;636694	CUUMXRBKJIDIAY-UHFFFAOYSA-N; calacorene; Calacorene	8
CWVRJTMFETXNAD-UHFFFAOYSA-N	3	14238;5322042;101661273	5-o-caffeoylquinic acid; Heriguard; Isochlorogenic acid	23
CXQWRCVTCMQVQX-UHFFFAOYSA-N	2	471;41440	11-DECYLDOCOSANE; Taxifolin; Taxifolin	7
CZMRCDWAGMRECN-UHFFFAOYSA-N	2	1115;189086	CZMRCDWAGMRECN-UHFFFAOYSA-N; Sucrose	16
CZWARROQQFCFJB-BYPYZUCNSA-N	2	5287587;86309005	L-Alpha-Amino-Delta-Hydroxyvaleric Acid; L-Î‘-Amino-Î”-Hydroxyvaleric Acid; L-Α-Amino-Δ-Hydroxyvalericacid; L-Α-Amino-Δ-Hydroxyvaleric Acid	2
DAUAQNGYDSHRET-UHFFFAOYSA-N	2	7121;10817	3,4-Dimethoxybenzoicacid; 3-methoxybenzoic acid; PIPERONYLIC ACID; Vanillin acetate; Veratric Acid; Veratric Acid; Veratric acid	8
DAXYUDFNWXHGBE-UHFFFAOYSA-N	3	643726;5281408;12360346	1-Hydroxy-7-methoxy-3-methyl-anthraquinone; Corynoxine b; Isorhyncophylline; Rhynchophylline	9
DCAYPVUWAIABOU-UHFFFAOYSA-N	2	11006;23643241	Hexadecane; Hexadecane; N-Hexadecane; hexadecane; n-hexadecane	36
DCSCXTJOXBUFGB-UHFFFAOYSA-N	2	29025;131750874	DCSCXTJOXBUFGB-UHFFFAOYSA-N; L-verbenone; l-Verbenone	4
DCXXMTOCNZCJGO-UHFFFAOYSA-N	2	11146;6451043	DCXXMTOCNZCJGO-UHFFFAOYSA-N; Stearin; TGL; Tgl	12
DCXYFEDJOCDNAF-REOHCLBHSA-N	2	6267;6992089	(2S)-4-Amino-2-Ammonio-4-Oxobutanoate; Crystal VI; L-Asparagine; L-Aspargine; asparamide; l-aspargine; n.a.	12
DCXYFEDJOCDNAF-UHFFFAOYSA-N	2	236;5247114	Asparagine; DL-Asparagine	2
DFPAKSUCGFBDDF-UHFFFAOYSA-N	3	936;21579305;101700544	N'-Methyl nicotineamide; Niacinamide; Nicotinamide; Nicotinamide-N-oxide; Vitamin B; NCA; Nca; Vitamin b; Nicotinamide	21
DHMQDGOQFOQNFH-UHFFFAOYSA-N	3	750;476547;5257127	GLY; Glycine	39
DMBHHRLKUKUOEG-UHFFFAOYSA-N	2	11487;5362851	DFA; Dfa; Diphenylamine	5
DOFJNFPSMUCECH-UHFFFAOYSA-N	2	358832;100987455	5-demethylnobiletin; 5-demethylnobiletin; demethylnobiletin	3
DOIRQSBPFJWKBE-UHFFFAOYSA-N	2	3026;93476678	Di-n-butyl phthalate; Dibutyl Phthalate; Dibutyl phthalate; dibutyl phthalate; Dibutyl phthalate	49
DRRWBCNQOKKKOL-UHFFFAOYSA-N	2	5273755;21636448	Eupatilin; Eupatilin; eupatilin	2
DRUKNYVQGHETPO-UHFFFAOYSA-N	2	15612;101244036	Dimethyl Azelate; Methyl Azelate; Methyl azelate; Dimethyl Azelate; Methyl azelate	8
DSSYKIVIOFKYAU-UHFFFAOYSA-N	3	2537;24774881;50986185	(s)-camphor; 4,7,7-Trimethylbicyclo[2.2.1]Heptan-3-One; Camphor; camphor; Cam	35
DTGKSKDOIYIVQL-UHFFFAOYSA-N	2	64685;77244	(-)-Borneol; borneol; D-isoborneol	6
DTUQWGWMVIHBKE-UHFFFAOYSA-N	3	998;10889657;101024583	Hyacinthin; Hyacinthin; Phenylacetaldehyde; benzene acetaldehyde; Phenylacetaldehyde	27
FBPFZTCFMRRESA-UHFFFAOYSA-N	2	453;5318861	Alexitol Sodium; Dulcitol	9
FBUBVLUPUDBFME-UHFFFAOYSA-N	2	66654;537411	Brevifolin; Xanthoxylin; brevifolin; Xanthoxylin	7
FBUKVWPVBMHYJY-UHFFFAOYSA-N	2	8158;86172609	NONANOIC ACID; Nonanoate; Nonanoic Acid; nonanoic acid; Nonanoic acid	36
FEBNTWHYQKGEIQ-SUKRRCERSA-N	2	4229818;6440940	2,6-di(tert-butyl)-4-hydroxy-4-methyl-2,5-cyclohexadien-1-one; 3-hydroxy-α-ionone; 4-(2,6,6-Trimethyl-1-cyclohexenl-yl)-3-buten-2-ol; Valerenic Acid	4
FEPAFOYQTIEEIS-LONLNUGOSA-N	2	9982777;21145076	FEPAFOYQTIEEIS-LONLNUGOSA-N; Hamamelitannin; Hamamelitannin	3
FERIUCNNQQJTOY-UHFFFAOYSA-N	2	264;38621	1,3,4-trimethyl-3-cyclohexene-1-carboxaldehyde; BUA; Bua; Butanoic Acid; 2-Methyl butyric acid; 3-methyl-butanoic acid; Butanoic Acid; Butyric acid; butanoic acid; butyrate	25
FFEARJCKVFRZRR-BYPYZUCNSA-N	2	6137;6992087	(2S)-2-Ammonio-4-(Methylsulfanyl)Butanoate; L-Methionine; Methionine; h-Met-h	23
FFEARJCKVFRZRR-UHFFFAOYSA-N	2	876;15378072	DL-METHIONINE; Methionine; Racemethionine	8
FFWOKTFYGVYKIR-UHFFFAOYSA-N	2	10639;15693460	Physcion; Physcion; Physcione; physcion	13
FIGVVZUWCLSUEI-UHFFFAOYSA-N	2	12534;21577055	FIGVVZUWCLSUEI-UHFFFAOYSA-N; N-Tricosane; Tricosane; tricosane; N-Tricosane; Tricosane	16
FJKROLUGYXJWQN-UHFFFAOYSA-N	2	3702506;101995266	P-Hydroxybenzoicacid; P-hydroxybenzoicacid; Paraben	25
FLIACVVOZYBSBS-UHFFFAOYSA-N	2	8181;5319524	Hexadecanoic Acid Methyl Ester; METHYL PALMITATE; Methyl Hexadecanate,Methyl Palmitate; methyl palmitate; Methyl Palmitate; Methyl palmitate; methyl palmitate	66
FMHHVULEAZTJMA-UHFFFAOYSA-N	2	5585;11338042	LACTONE; Lactone; Trioxsalen	9
FPUXKXIZEIDQKW-UHFFFAOYSA-N	3	101115;115221;552393	FPUXKXIZEIDQKW-UHFFFAOYSA-N; Ginkgolid A; Ginkgolid a; Ginkgolide a; n.a.	5
FRMCCTDTYSRUBE-UHFFFAOYSA-N	2	522266;5495920	136458-42-9; FRMCCTDTYSRUBE-UHFFFAOYSA-N	7
FSBIGDSBMBYOPN-VKHMYHEASA-N	2	439202;46224610	Canavanine; Canavanine; GGB; L-canavanine	5
FSLPMRQHCOLESF-UHFFFAOYSA-N	2	73170;225688	3-epi-β-amyrin; Alpha-Amyrin; Alpha-amyrin; alpha-amyrin; α-amyrin	15
FSRZGYRCMPZNJF-UHFFFAOYSA-N	2	518814;14121774	Beta-cubebene; beta-Cubebene; FSRZGYRCMPZNJF-UHFFFAOYSA-N	12
FVYXIJYOAGAUQK-UHFFFAOYSA-N	2	72303;5317132	Honokiol; Honokiol; Magnolol; honokiol	3
GFJIQNADMLPFOW-UHFFFAOYSA-N	2	129540;5320322	2-[(1R,3S,4S)-3-Isopropenyl-4-Methyl-4-Vinylcyclohexyl]Propan-2-Ol; 2-[(1R,3S,4S)-3-isopropenyl-4-methyl-4-vinylcyclohexyl]propan-2-ol; 2-[(1r,3s,4s)-3-isopropenyl-4-methyl-4-vinylcyclohexyl]propan-2-ol; Elemol	10
GGYKPYDKXLHNTI-UHFFFAOYSA-N	2	12523;5465785	2,6,10,14-Tetramethylhexadecane; 2,6,10,14-tetramethylhexadecane; phytane; 2,6,10,14-tetramethyl-hexadecane	8
GHOKWGTUZJEAQD-UHFFFAOYSA-N	3	988;11093434;11117575	3-[[(2S)-2,4-dihydroxy-3,3-dimethylbutanoyl]amino]propanoic acid; Pantothenic Acid, Racemic; PAU; Pau; Vitamin b5	12
GIBQERSGRNPMEH-UHFFFAOYSA-N	2	6949;11282465	GIBQERSGRNPMEH-UHFFFAOYSA-N; Β-Guaiene; Guaiene	7
GJYKUZUTZNTBEC-UHFFFAOYSA-N	2	520384;21579277	Beta-thujene; GJYKUZUTZNTBEC-UHFFFAOYSA-N	6
GLKCOBIIZKYKFN-UHFFFAOYSA-N	2	10729;135398700	Isoxanthopterin; Ranachrome 4	4
GQEZCXVZFLOKMC-UHFFFAOYSA-N	2	12395;124355840	1-Hexadecene; Cetene; Cetene; Hexadec-1-Ene	11
GRWFGVWFFZKLTI-UHFFFAOYSA-N	2	5312740;5319391	(-)-Alpha-Pinene; (-)-alpha-Pinene; (-)-alpha-pinene; Alpha-Pinene; TMH; Tmh	61
GUAFOGOEJLSQBT-UHFFFAOYSA-N	2	8417;101024596	6,7-Dimethoxycoumarin; 6,7-dimethoxycoumarin; Scoparone; scoparone; Scoparone	14
GVJHHUAWPYXKBD-UHFFFAOYSA-N	2	2116;7019274	Alpha-Tochopherol; DL-ALPHA-TOCOPHEROL; Α-Tocopherol; α-tocopherol; Vitamin e	24
GXGJIOMUZAGVEH-UHFFFAOYSA-N	2	10719;101687152	Chamazulene; Dimethulen; Dimethulen	2
GYHFUZHODSMOHU-UHFFFAOYSA-N	2	31289;13857695	Nonaldehyde,Nonanal,Nonaylaldehyde; Nonanal; Nonaldehyde,Nonanal,Nonaylaldehyde; Nonanal; n-nonanal	43
HEFNNWSXXWATRW-SNVBAGLBSA-N	2	3672;114864	GRO	2
HEPHYCJJLAUKSB-UHFFFAOYSA-N	2	95593;137705381	(2S)-2-methyl-3-phenylpropanal; (2s)-2-methyl-3-phenylpropanal; HEPHYCJJLAUKSB-UHFFFAOYSA-N	2
HFJRKMMYBMWEAD-UHFFFAOYSA-N	2	8194;590161	Dodecanal; Lauric Aldehyde; n.a.; Dodecanal; Lauric; Lauric Aldehyde; Laurinaldehyde; n-dodecanal	21
HFPZCAJZSCWRBC-UHFFFAOYSA-N	2	7463;101806253	4-Cymol; P-Cymene; P-Cymol,P-Cymene,Umbelliferone; p-cymene; Cymol	55
HOWGUJZVBDQJKV-UHFFFAOYSA-N	2	12405;93476677	Docosane; HOWGUJZVBDQJKV-UHFFFAOYSA-N; n-docosane; Docosane; TWT; Twt	24
HUEBIMLTDXKIPR-UHFFFAOYSA-N	2	15609;52325855	Methyl Margarate; Methyl margarate; Methyl margarate	6
HUJXHFRXWWGYQH-UHFFFAOYSA-O	2	5280385;133082937	Sinapine Bisulfate; Sinapine; sinapine	2
HUMNYLRZRPPJDN-UHFFFAOYSA-N	2	240;5283378	Benzaldehyde; Benzaldehyde; WLN: VHR; benzaldehyde; benzaldehyde,4-(1-methylethyl); p-Tolualdehyde	46
HXEACLLIILLPRG-UHFFFAOYSA-N	2	25200477;85350942	Cpi; D-Homoproline; D-homoproline; Pipecolic Acid; Pipecolic acid; Pipecolic Acid	4
IAJBQAYHSQIQRE-UHFFFAOYSA-N	2	20525;5358363	Asaronaldehyde; Gazarin	2
IBFYXTRXDNAPMM-UHFFFAOYSA-N	2	3515873;5367382	1,3,6-Octatriene; Geniposide; IBFYXTRXDNAPMM-UHFFFAOYSA-N	8
IBGBGRVKPALMCQ-UHFFFAOYSA-N	2	8768;102093834	3,4-Dihydroxybenzaldehyde; Protocatechualdehyde; Protocatechuic Aldehyde; protocatechualdehyde; pyrocatechualdehyde; Protocatechualdehyde	17
IBVJWOMJGCHRRW-UHFFFAOYSA-N	2	79044;139583819	.alpha.-Carene; .alpha.-carene; 2-Carene	6
IGGUPRCHHJZPBS-UHFFFAOYSA-N	2	12409;11189523	Nonacosane; Nonacosane; n-nonacosane; nonacosane	38
IHPKGUQCSIINRJ-UHFFFAOYSA-N	2	18756;5352710	3,7-Dimethyl-1,3,6-Octatriene; 3,7-Dimethylocta-1,3,6-Triene; Aplotaxene; Ocimene	6
IIYFAKIEWZDVMP-UHFFFAOYSA-N	2	12388;71458306	N-Tridecane; TRD; Trd; N-Tridecane; Tridecane	20
IJDNQMDRQITEOD-UHFFFAOYSA-N	2	7843;10423261	Butane; SBU; Sbu	4
IKGXIBQEEMLURG-UHFFFAOYSA-N	2	10473975;142229057	Quercetin,3-o-rutinoside; quercetin,3-o-rutinoside; Rutin	26
IKMDFBPHZNJCSN-UHFFFAOYSA-N	2	5281672;5319811	3,3',4',5,5',7-Hexahydroxyflavone; 3,5,6-Trihydroxy-4',7-dimethoxyflavone; Azaleatin; Myricetin; Quercetin dihydrate; chrysosplenetin B; myricetin; quercetagetin-3,5,6,3'-tetramethylether; Myricetin	28
ILEDWLMCKZNDJK-UHFFFAOYSA-N	2	5281416;21578963	6-Hydroxycoumarin; Ellagic acid; Esculetin; esculetin; Esculetin	23
IMKHDCBNRDRUEB-UHFFFAOYSA-N	2	27209;576719	(7aR)-4,4,7a-trimethyl-6,7-dihydro-5H-benzofuran-2-one; (7ar)-4,4,7a-trimethyl-6,7-dihydro-5h-benzofuran-2-one; Dihydroactindiolide	3
INGSUUOABGIGJE-UHFFFAOYSA-N	2	5316012;10043694	Collinin; cnidicin	2
IOJUPLGTWVMSFF-UHFFFAOYSA-N	2	7222;60024406	Benzo[D]Thiazole; THZ; Benzothiazole	14
IPCSVZSSVZVIGE-UHFFFAOYSA-N	3	985;11299669;21577099	1-nonanoic acid; Cetylic Acid; Hexadecanoic Acid; Hexadecanoic acid; N-Hexadecanoic Acid; Palmitic Acid; Palmitic acid; Valproate sodium; cetylic acid; hexadecanoic acid; n-hexadecanoic acid; n-octacosanoic acid; palmitic acid; Cetylic acid; Palmitic acid	145
IRAQOCYXUMOFCW-UHFFFAOYSA-N	3	521207;3083821;21575638	(-)-alpha-cedrene; Alpha-cedrene; CEDRENE; Cedrene	12
IRSFLDGTOHBADP-UHFFFAOYSA-N	2	3218;5367523	EMBELIN; Embelin; Embelin	2
ISWSIDIOOBJBQZ-UHFFFAOYSA-N	2	359;20488062	Hydron;Phenoxide; Phloroglucinol	5
ITYNGVSTWVVPIC-UHFFFAOYSA-N	4	15507;91354;136316;11106484	(+)-aromadendrene; (1S,2S,4R)-2-methyl-3-methylene-2-(4-methylpent-3-enyl)norbornane; 1,2,3-trimethylcyclohexane; Alloaromadendrene; Alloaromadedrene; ITYNGVSTWVVPIC-UHFFFAOYSA-N; alloaromadedrene	29
IUJFYXKHXOGPJG-UHFFFAOYSA-N	2	5283292;91730038	(E)-5-Decenol; 2-(4a,8-dimethyl-1,2,3,4,4a,5,6,7-octahydro-napthalen-2-yl)-prop-2en-1-ol	2
IVSZLXZYQVIEFR-UHFFFAOYSA-N	2	7929;15605917	1,3-dimethylnaphthalene; M-XYLENE; M-Xylene; m-xylene; M-xylene	16
IXORZMNAPKEEDV-UHFFFAOYSA-N	2	10175;522636	Gibberellin; Gibberellin; gibberellin	3
IYRMWMYZSQPJKC-UHFFFAOYSA-N	2	5280863;101426476	3,4'-dihydroxyflavone; 3,7-dihydroxy-6-methoxyflavone; 5,7,4'-trihydroxy-3-methoxyflavone; Kaemferol; Kaempferol; kaempferol; kaempferol,3-glucoside_qt; pelargonidin chloride; Kaempferol	83
IZMMJLZUJAZKES-UHFFFAOYSA-N	2	6325360;135449065	7-hydroxybiopterin; IZMMJLZUJAZKES-UHFFFAOYSA-N	2
IZXYHAXVIZHGJV-UHFFFAOYSA-N	2	10279;526657	IZXYHAXVIZHGJV-UHFFFAOYSA-N; Trans-p-2-menthen-1-ol; trans-p-2-Menthen-1-ol	3
JFSHUTJDVKUMTJ-UHFFFAOYSA-N	2	225689;11046840	B-amyrin; b-AMYRIN; JFSHUTJDVKUMTJ-UHFFFAOYSA-N	10
JGMYDQCXGIMHLL-UHFFFAOYSA-N	2	442108;543388	11Z-hexadecenoic acid; 11z-hexadecenoic acid; JGMYDQCXGIMHLL-UHFFFAOYSA-N	3
JPUKWEQWGBDDQB-HBDJNLTOSA-N	2	5462193;5488283	Kaempferol 3-O-D-Galactoside; Kaempferol-3-beta-D-gluco-7-beta-L-rhamnoside; Multiflorin B; quercetin 3-rhamnoside	6
JPUKWEQWGBDDQB-UHFFFAOYSA-N	2	5315698;14756212	5,7-dihydroxy-2-(4-hydroxyphenyl)-3-[(2R,3R,4S,5R,6R)-3,4,5-trihydroxy-6-(hydroxymethyl)oxan-2-yl]oxychromen-4-one; 5,7-dihydroxy-2-(4-hydroxyphenyl)-3-[(2r,3r,4s,5r,6r)-3,4,5-trihydroxy-6-(hydroxymethyl)oxan-2-yl]oxychromen-4-one; Astragalin	13
JSNRRGGBADWTMC-UHFFFAOYSA-N	3	10407;447938;11460797	(E)-beta-Farnesene; (e)-beta-farnesene; Cis-beta-farnesene; JSNRRGGBADWTMC-UHFFFAOYSA-N	23
JXOHGGNKMLTUBP-UHFFFAOYSA-N	2	1094;140362	JXOHGGNKMLTUBP-UHFFFAOYSA-N; Shikimicacid	8
KDFKJOFJHSVROC-UHFFFAOYSA-N	2	10220;101106755	3,9,10-Trimethoxy-6,8,13,13A-Tetrahydro-5H-Isoquinolino[2,1-B]Isoquinolin-2-Ol; Isocorypalmine	3
KDYFGRWQOYBRFD-UHFFFAOYSA-N	2	1110;101366551	Butanedioic Acid; Succinic Acid; succinic acid; Succinic acid	52
KFXARGMQYWECBV-UHFFFAOYSA-N	2	5493674;44134803	KFXARGMQYWECBV-UHFFFAOYSA-N; Linoleyl acetate	3
KFZBENSULWNJKD-UHFFFAOYSA-N	2	3037463;5315830	1-Methoxybrassinin; Methoxybrassinin	3
KGEKLUUHTZCSIP-UHFFFAOYSA-N	3	6448;442723;129716383	(4,7,7-Trimethyl-3-Bicyclo[2.2.1]Heptanyl) Acetate; 1,7,7-Trimethylbicyclo[2.2.1]Heptan-2-Yl Acetate,Bornyl Acetate; Bornyl acetate; L-bornyl acetate; ZINC00388662; Zinc00388662	15
KJKPLXHQKKPHTL-ZWQWEHNQSA-N	2	76331637;162966317	KJKPLXHQKKPHTL-ZWQWEHNQSA-N; hydroxy-beta-sanshool	2
KJXSIXMJHKAJOD-UHFFFAOYSA-N	2	161557;5319751	1-Methyl-2-[(Z)-6-Pentadecenyl]-4(1H)-Quinolone; Ampeloptin; Ampelopsin; Dihydromyricetin	5
KKOXKGNSUHTUBV-UHFFFAOYSA-N	2	521253;90250735	KKOXKGNSUHTUBV-UHFFFAOYSA-N; Zingiberene	9
KMRMUZKLFIEVAO-UHFFFAOYSA-N	2	2;61130	6,6-dimethyl-Bicyclo[3.1.1]hept-2-ene-2-carboxaldehyd; KMRMUZKLFIEVAO-UHFFFAOYSA-N; Myrtenal; Myrtenal	10
KQAZVFVOEIRWHN-UHFFFAOYSA-N	2	17868;30874	(5S)-1-isopropyl-4-methylbicyclo[3.1.0]hex-3-ene; 5-Isopropyl-2-Methylbicyclo[3.1.0]Hex-2-Ene; 5-Isopropyl-2-Methylbicyclo[3.1.0]Hex-2-Ene,Î‘-Thujene; 5-isopropyl-2-methylbicyclo[3.1.0]hex-2-ene; KQAZVFVOEIRWHN-UHFFFAOYSA-N; 21964-48-7; 5-Isopropyl-2-Methylbicyclo[3.1.0]Hex-2-Ene,Α-Thujene; Thujene	17
KUCOHFSKRZZVRO-UHFFFAOYSA-N	2	12173;44630212	Terephthaldehyde; terephthaldehyde; WLN: VHR DVH; Wln: vhr dvh	5
KUKRLSJNTMLPPK-UHFFFAOYSA-N	2	10047;10532968	(1R,4S)-1,7,7-trimethylbicyclo[2.2.1]hept-2-ene; (1r,4s)-1,7,7-trimethylbicyclo[2.2.1]hept-2-ene; Bornylene	2
KWIUHFFTVRNATP-UHFFFAOYSA-N	2	247;248	Betaine; Glycinebetaine; betaine; Glycinebetaine	13
KWOLFJPFCHCOCG-UHFFFAOYSA-N	2	7410;441705	ACETOPHENONE; Acetophenone; Hypnon	13
KZJWDPNRJALLNS-UHFFFAOYSA-N	2	86821;101594685	Beta-sitosterol; Gamma-Sitosterol; KZJWDPNRJALLNS-UHFFFAOYSA-N	72
KZSNJWFQEVHDMF-BYPYZUCNSA-N	2	6287;6971018	(2S)-2-Azaniumyl-3-Methylbutanoate; L-Valine; Valine; valine	22
LBTAFDHXNSPZSZ-QLDIZCGWSA-M	2	5320582;154497761	Picrocrocinic Acid O-Î’-D-Glucopyrinoside; picrocrocinic acid; Picrocrocinic Acid O-Β-D-Glucopyrinoside	2
LHGVFZTZFXWLCP-UHFFFAOYSA-N	3	460;11185028;12044303	2,6-dimethoxyphenol; 2-Methoxyphenol; Guaiacol; Guasol; o-methoxy phenol; Guaiacol; Phenol,2-methoxy	18
LHYHMMRYTDARSZ-UHFFFAOYSA-N	3	90971;519662;9840703	1,2,3,4,5,6-hexahydro-1,1,5,5-tetramethyl-7H-2,4a-methanonaphthalen-7-one; Δ-cadinol; δ-cadinol; Alpha-cadinol; LHYHMMRYTDARSZ-UHFFFAOYSA-N	12
LICNQDPDQQOXCU-FYJFLYSWSA-N	2	5363700;13854911	3-Hydroxy-Î’-Ionone; 3-Hydroxy-Β-Ionone	2
LIIALPBMIOVAHH-UHFFFAOYSA-N	2	10748;9982084	6-methoxycoumarin; Ayapanin; herniarin; Ayapanin	5
LQERIDTXQFOHKA-UHFFFAOYSA-N	2	12401;12431569	LQERIDTXQFOHKA-UHFFFAOYSA-N; N-Nonadecane; Nonadecane; nonadecane; Nonadecane; UPL; Upl	36
LRRLFFLVWQTQGZ-WRMYNCHHSA-N	2	471118;21146989	2,3-Di-O-Galloyl-D-Glucose	2
MBWXNTAXLNYFJB-UHFFFAOYSA-N	2	4812;9975052	MBWXNTAXLNYFJB-UHFFFAOYSA-N; Vitamin k	4
MGSRCZKZVOBKFT-UHFFFAOYSA-N	2	6989;101241953	THYMOL; Thymol; thymol; Thymol	34
MGWAVDBGNNKXQV-UHFFFAOYSA-N	2	6782;5318265	1,2-benzene dicarboxylic acid-bis-(2-methyl)-propyl ester; Bis(2-Methylpropyl) Benzene-1,2-Dicarboxylate; Diisobutyl Phthalate; Diisobutyl phthalate; Isobutyl Phthalate; diisobutyl phthalate; DIBP; Dibp	36
MJJWBJFYYRAYKU-FJPSCYHJSA-N	2	441780;44567218	Albanol A	2
MJJWBJFYYRAYKU-OPKNDJPNSA-N	2	196583;9959532	Albanol; Albanol; mulberrofuran G	2
MOYAFQVGZZPNRA-UHFFFAOYSA-N	2	11463;21632843	A-Terpinolene; Alpha-Terpinolene; D-Terpinolene; Terpinolene; Terpinolene,Î‘-Terpinolene; delta-Terpinene; terpinolene; Tereben	36
MUBZPKHOEPUJKR-UHFFFAOYSA-L	2	971;71081	Glycolic acid; OXL; Oxalic Acid; Oxalic acid; oxalic acid	14
MUBZPKHOEPUJKR-UHFFFAOYSA-N	2	6325679;24893872	OXL; Oxl; Oxalic Acid; Oxalicacid	12
MWOOGOJBHIARFG-UHFFFAOYSA-N	2	1183;11972337	3-Methoxy-4-Hydroxybenzaldehyd; 4-Hydroxy-3-Methoxybenzaldehyde; 4-hydroxy-3-methoxybenzaldehyde; Vanillin; vanillin; Vanillin	44
MWPLVEDNUUSJAV-UHFFFAOYSA-N	2	8418;6325620	Anthracene; anthracene; Green Oil; Green oil	12
NDFKTBCGKNOHPJ-UHFFFAOYSA-N	2	17167;11448499	Alpha-heptenal; NDFKTBCGKNOHPJ-UHFFFAOYSA-N	5
NDTYTMIUWGWIMO-UHFFFAOYSA-N	2	10819;10549683	3,6,6-trimethyl-cyclohex-2-enol; Isocembrol; PERILLYL ALCOHOL; Sirenin; lanceol; [(4r)-4-isopropenyl-1-cyclohexenyl]methanol	11
NDVASEGYNIMXJL-UHFFFAOYSA-N	3	18818;146101;12133315	(1S,5S)-1-isopropyl-4-methylenebicyclo[3.1.0]hexane; (1s,5s)-1-isopropyl-4-methylenebicyclo[3.1.0]hexane; 1-Isopropyl-4-Methylenebicyclo[3.1.0]Hexane,Sabinene; Sabinene; sabinene; Sabinene	34
NEHNMFOYXAPHSD-UHFFFAOYSA-N	2	7794;10909635	(r)-citronellal; 3,7-Dimethyloct-6-Enal; citronellal	11
NGHOLYJTSCBCGC-UHFFFAOYSA-N	2	21577250;21598953	Benzyl cinnamate; Cinnamein	2
NGVDGCNFYWLIFO-UHFFFAOYSA-L	2	644168;22833598	Pyridoxal 5'-Phosphate(2-); Vitamin b6	8
NHMMAMIRMITGRD-UHFFFAOYSA-N	2	76573;15558632	Eucalyptin	2
NIOYUNMRJMEDGI-UHFFFAOYSA-N	2	984;101751331	Hexadecanal; Palmitaldehyde; PLY; Ply	9
NIZFPXZQERMCLE-KVFWHIKKSA-N	2	6442433;14282455	Licuroside; isoliquiritin apioside; Licuroside; licuraside	2
NJGBTKGETPDVIK-UHFFFAOYSA-N	2	21648;11241848	P-Hydroxybenzyl Acetone; Raspberryketone; Rheosmin	3
NKDFYOWSKOHCCO-UHFFFAOYSA-N	2	5315539;5459840	20-HYDROXYECDYSONE; Ecdysterone,Folic Acid; Ecdysterone	8
NNWHUJCUHAELCL-UHFFFAOYSA-N	3	7128;263169;11400799	Isohomogenol; Methyl Isoeugenol; Methyl isoeugenol; NNWHUJCUHAELCL-UHFFFAOYSA-N	8
NPFVOOAXDOBMCE-UHFFFAOYSA-N	3	15574;10920530;21121210	Hex-3-Enyl Acetate; Hex-3-enyl acetate; Hex-3-enyl acetate; Leaf acetate	7
NPNUFJAVOOONJE-UHFFFAOYSA-N	2	2724702;101022604	Isocaryophyllene; Trans-Caryophyllene; Trans-caryophyllene	19
NTNWOCRCBQPEKQ-YFKPBYRVSA-N	2	4366;132862	L(+)-Arginine; L-(+)-Arginine; n.a.	9
NUJGJRNETVAIRJ-UHFFFAOYSA-N	2	454;525428	2,2-bis(methylthio)propane; OYA; Octanal; Oya; N-Octanal; Octanal	14
NVEQFIOZRFFVFW-UHFFFAOYSA-N	4	14350;7330518;15404650;15812759	(-)-Caryophyllene oxide; (-)-caryophyllene oxide; (2R)-7-hydroxy-2-[4-hydroxy-3-(3-methylbut-2-enyl)phenyl]chroman-4-one; Caryophyllene Epoxid; Caryophyllene epoxid; Caryophyllene Epoxide; NVEQFIOZRFFVFW-UHFFFAOYSA-N; Caryophyllene Oxide; Caryophyllene oxide	38
NYHBQMYGNKIUIF-UUOKFMHZSA-N	2	6802;135398635	Guanosine	26
NZXWDTCLMXDSHY-UHFFFAOYSA-N	2	79022;5318213	1,3,3-Trimethyltricyclo[2.2.1.02,6]Heptane; 1,3,3-trimethyltricyclo[2.2.1.02,6]heptane; NZXWDTCLMXDSHY-UHFFFAOYSA-N; cyclofenchene; Cyclofenchene	9
OCOMKVVSXFCESC-UHFFFAOYSA-N	2	5315477;5318259	Bis(4-Hydroxybenzyl)Ether; OCOMKVVSXFCESC-UHFFFAOYSA-N; Bis(4-hydroxybenzyl)ether	2
OEYIOHPDSNJKLS-UHFFFAOYSA-N	2	305;253325	Choline; Choline; choline; choline chloride	35
OFMXGFHWLZPCFL-UHFFFAOYSA-N	2	244297;5317128	FRIEDELIN; Friedelin; Friedelan-3-One; OFMXGFHWLZPCFL-UHFFFAOYSA-N; friedelan-3-one	20
OGLDWXZKYODSOB-UHFFFAOYSA-N	2	7460;5318241	(s)-(+)-alpha-phellandrene; 5-Isopropyl-2-Methylcyclohexa-1,3-Diene,Α-Phellandrene; Alpha-Phellandrene; Alpha-phellandrene; alpha-phellandrene; 2-Methyl-5-Propan-2-Ylcyclohexa-1,3-Diene; Phellandrene; alpha-phellandrene; phellandrene; Α-Phellandrene	21
OIRDTQYFTABQOQ-UHFFFAOYSA-N	3	191;145447;544574	2-(6-Aminopurin-9-Yl)-5-(Hydroxymethyl)Oxolane-3,4-Diol; ADO; Ado; Adenosine	28
OIRFZVJHADZVMD-UHFFFAOYSA-N	2	5315649;12312687	Gamma-camphorene; OIRFZVJHADZVMD-UHFFFAOYSA-N	2
OPFTUNCRGUEPRZ-UHFFFAOYSA-N	2	10583;114523	(-)-cis-.beta.-Elemene; (1r,2r,4s)-2,4-diisopropenyl-1-methyl-1-vinylcyclohexane; Cyclohexane, 1-Ethenyl-1-Methyl-2,4-Bis(1-Methylethenyl)-, (1R,2R,4S)-Rel-; OPFTUNCRGUEPRZ-UHFFFAOYSA-N; (1R,2R,4S)-2,4-diisopropenyl-1-methyl-1-vinylcyclohexane; Beta-Elemene; Beta-elemene; beta-elemene	27
OPNGCUZWAOBYHS-AFMDSPMNSA-N	2	15840593;21774617	(-)-Variabillin; (-)-variabillin; Licoagrocarpin	2
OSWPMRLSEDHDFF-UHFFFAOYSA-N	2	4133;5282804	Methyl Hydroxybenzoate; Methyl Salicylate; methyl salicylate; Methyl salicylate	12
OVBPIULPVIDEAO-LBPRGKRZSA-N	2	6037;135398658	(2S)-2-[[4-[(2-Amino-4-Oxo-1H-Pteridin-6-Yl)Methylamino]Benzoyl]Amino]Pentanedioic Acid; Folic Acid; Folic Acid; Folicacid	14
OVSQVDMCBVZWGM-UHFFFAOYSA-N	2	5378597;11616469	2-(3,4-Dihydroxyphenyl)-5,7-Dihydroxy-3-[3,4,5-Trihydroxy-6-(Hydroxymethyl)Oxan-2-Yl]Oxychromen-4-One; Isoquercitrin; isoquercitrin	23
OWEGMIWEEQEYGQ-ASNDPZRISA-N	2	94448;21596275	Panose; panose; WURCS=2.0/2,3,2/[A2122h-1b_1-5][A2122h-1a_1-5]/1-2-2/A4-B1_b6-C1	3
OXVUXGFZHDKYLS-UHFFFAOYSA-N	2	13653335;91011108	OXVUXGFZHDKYLS-UHFFFAOYSA-N; Tormentic acid; n.a.	3
OZQAPQSEYFAMCY-UHFFFAOYSA-N	2	10123;21599927	(3R,4aR,8aR)-3-isopropenyl-5,8a-dimethyl-2,3,4,4a,7,8-hexahydro-1H-naphthalene; (3r,4ar,8ar)-3-isopropenyl-5,8a-dimethyl-2,3,4,4a,7,8-hexahydro-1h-naphthalene; OZQAPQSEYFAMCY-UHFFFAOYSA-N; α-Selinene	6
PCBSXBYCASFXTM-UHFFFAOYSA-N	2	61007;101916315	4-(4-Methoxyphenyl)Butan-2-One; Anisylacetone; p-methoxybenzylacetone; Anisylacetone	4
PEDCQBHIVMGVHV-UHFFFAOYSA-N	2	753;74426514	Glycerin; Glycerol; IFP; glycerol; IFP; Ifp	25
PFTAWBLQPZVEMU-UHFFFAOYSA-N	2	15619;5316892	(-)Epicatechin; (-)epicatechin; 1,1-Dimethyl-2-(3-Methyl-1,3-Butadiene)-Cyclo-Propane; 1,1-Dimethyl-2-(3-Methyl-1,3-Butadiene)Cyclo-Propane; 1,1-DIMETHOXY-2-METHYLPROPANE; Epicatechin	9
PGTJIOWQJWHTJJ-UHFFFAOYSA-N	2	6537502;53318464	(Z)-calamenene; (z)-calamenene; Trans-calamenene	5
PHWISBHSBNDZDX-UHFFFAOYSA-N	2	519764;129716102	Beta-Sesquiphellandrene; Beta-sesquiphellandrene; PHWISBHSBNDZDX-UHFFFAOYSA-N	6
PJHOFUXBXJNUAC-UHFFFAOYSA-N	2	543268;16681563	7-hexadecenoic acid; Hypogaeic Acid; Hypogaeic acid; Hypogaeic acid	3
PJNOTBMYNJXRIV-UHFFFAOYSA-N	2	68262;54192568	2,6-Dimethoxy-1,4-benzoquinone; Ajugasterone B; Heneicosadienoic acid; heneicosadienoic acid	4
PPBRXRYQALVLMV-UHFFFAOYSA-N	2	7501;9548843	STYRENE; Styrene; styrene; Styrene	9
PQDRXUSSKFWCFA-STMXVASLSA-N	2	5319691;16058296	(?)-Solanone; 8-Methyl-5-Isopropyl-6,8-Nonadiene-2-One; PQDRXUSSKFWCFA-STMXVASLSA-N; 8-Methyl-5-Isopropyl-6,8-Nonadiene-2-One	4
PUPKKEQDLNREIM-UHFFFAOYSA-N	2	12305415;101769703	Kaempferitrin; PUPKKEQDLNREIM-UHFFFAOYSA-N	5
PVOHHXSVHWUAMS-UHFFFAOYSA-N	2	5316691;44719557	1-(2,4,5-Triethoxyphenyl)propan-2-amine; EEE; Eee	10
PZSJOBKRSVRODF-UHFFFAOYSA-N	2	61229;5317430	Acetovanillin; Acetovanillin; Vanillin Acetate; vanillin acetate	5
QEFRNWWLZKMPFJ-UHFFFAOYSA-N	2	5321888;5321889	(2S)-2-ammonio-4-[(R)-methylsulfinyl]butyrate; (2s)-2-ammonio-4-[(r)-methylsulfinyl]butyrate; Methionine sulfoxide; n.a.	6
QGBRLVONZXHAKJ-UHFFFAOYSA-N	2	14259;5319753	Methyl Icosanoate; Methyl icosanoate; QGBRLVONZXHAKJ-UHFFFAOYSA-N; Methyl icosanoate	9
QHMGJGNTMQDRQA-UHFFFAOYSA-N	2	11008;61031	Bicetyl; Bicetyl; QHMGJGNTMQDRQA-UHFFFAOYSA-N; n-Dotriacontane	5
QIQXTHQIDYTFRH-UHFFFAOYSA-N	2	5281;189686	Octadecanoic Acid; Stearic Acid; stearic acid; Stearic acid	99
QMAYBMKBYCGXDH-UHFFFAOYSA-N	2	101708;10885642	1,2,4A,5,6,8A-Hexahydro-4,7-Dimethyl-1-(1-Methylethyl)Naphthalene; QMAYBMKBYCGXDH-UHFFFAOYSA-N; Alpha-muurolene; Alphacadinene	16
QMNWISYXSJWHRY-CDDJQPGQSA-N	2	500122;129012668	(1R,2S,4S,5R)-angelicoidenol 2-O-beta -D-glucopyranoside; (25S)-5β-sprostane-3β-ol-3-O-α-Lrhamnopyranosyl; 5alpha,6alpha-expoxymogroside I E1; Ethyl glucoside; Pseudoginsenoside-RT5; agroastragalosides IV; cinncassiol D2; 5alpha,6alpha-expoxymogroside I E1	9
QNAYBMKLOCPYGJ-UHFFFAOYSA-N	2	602;12148519	Alanine; DL-alanine; LPG; Lpg	14
QPJVMBTYPHYUOC-UHFFFAOYSA-N	2	7150;23667258	10-Undecenoicacid; Clorius; Methyl Benzoate	10
QPRQEDXDYOZYLA-UHFFFAOYSA-N	2	8723;15268	2-Methyl Butanol; 2-Methylbutan-1-Ol; 2-Methyl-Tetradecane; 2-methyl-1-butanol	5
QUQPHWDTPGMPEX-UHFFFAOYSA-N	2	3594;11772047	5-Hydroxy-2-(3-Hydroxy-4-Methoxyphenyl)-7-[3,4,5-Trihydroxy-6-[(3,4,5-Trihydroxy-6-Methyloxan-2-Yl)Oxymethyl]Oxan-2-Yl]Oxy-2,3-Dihydrochromen-4-One; Hesperidin	19
QZZGJDVWLFXDLK-UHFFFAOYSA-N	2	11197;13966509	Lignoceric Acid; lignoceric acid; n-tetracosanoic acid; n.a.; Tetracosanoic acid	27
RNSFDLGSPZXGGP-UHFFFAOYSA-N	2	585174;5312626	16-Heptadecynoic Acid; 16-heptadecynoic acid; 16-heptadecynoic acid	2
RQNXAFVREOYDNA-UHFFFAOYSA-N	2	5319411;10315050	5 -methoxy-bilobetin; 5'-Methoxybilobetin	4
RTBLDXVIGWSICW-UHFFFAOYSA-N	2	99856;469209	Cyperene; RTBLDXVIGWSICW-UHFFFAOYSA-N; Î‘-Cyperene; Α-Cyperene	3
RUVINXPYWBROJD-UHFFFAOYSA-N	2	7703;5370448	1-Methoxy-4-Prop-1-Enylbenzene; Anethole	22
RWQNBRDOKXIBIV-UHFFFAOYSA-N	2	1135;21637637	11Alpha-Methoxysaikosaponin F; Thymine; 5-methyluracil; Thymine	15
RXBQNMWIQKOSCS-UHFFFAOYSA-N	2	10582;101269301	19894-97-4; Myrtenol; bicyclo[3.1.1]hept-2-ene-2-methanol, 6,6-dimethyl-	7
RZJRJXONCZWCBN-UHFFFAOYSA-N	3	11635;520295;86172616	N-Octadecane; Octadecane; N-Octadecane; Oktadekan; RZJRJXONCZWCBN-UHFFFAOYSA-N; octadecane; Oktadekan	34
SBHXYTNGIZCORC-UHFFFAOYSA-N	2	11095;57404335	(+/-)-Eriodictyol; Eriodictyol	3
SBZWTSHAFILOTE-UHFFFAOYSA-N	2	71629;44446832	Leucocyanidin	2
SGNBVLSWZMBQTH-UHFFFAOYSA-N	2	312822;51394521	Campesterol; SGNBVLSWZMBQTH-UHFFFAOYSA-N	15
SIKJAQJRHWYJAI-UHFFFAOYSA-N	2	798;5318122	Indole; Indole; indole	8
SKBXVAOMEVOTGJ-UHFFFAOYSA-N	2	101153;11349632	Pinol; pinol	2
SMNDYUVBFMFKNZ-UHFFFAOYSA-M	2	5460151;100983030	2-Furan-Carboxylate; 2-Furancarboxylic Acid,2-Furoic Acid; 2-furan-carboxylate; SMNDYUVBFMFKNZ-UHFFFAOYSA-M; 2-Furancarboxylicacid; 2-furancarboxylicacid	4
SNRUBQQJIBEYMU-UHFFFAOYSA-N	2	8182;71360448	Dodecane; Dodekan	26
SPCXZDDGSGTVAW-UHFFFAOYSA-N	2	521243;11568667	Alpha-Guriunene; Alpha-gurjunene; n.a.	4
SQIFACVGCPWBQZ-UHFFFAOYSA-N	2	81722;11825153	Delta-Terpineol; Delta-terpineol; SQIFACVGCPWBQZ-UHFFFAOYSA-N; d- terpineol	7
SWYRVCGNMNAFEK-UHFFFAOYSA-N	2	3016654;73815023	(4S)-4-hydroxy-3,5,5-trimethyl-4-[(E,3R)-3-[(2R,3R,4S,5S,6R)-3,4,5-trihydroxy-6-(hydroxymethyl)tetrahydropyran-2-yl]oxybut-1-enyl]cyclohex-2-en-1-one; (6s,9r)-roseoside	5
TUNFSRHWOTWDNC-UHFFFAOYSA-N	2	11005;110680	2-cyclopentene-1-undecanoic acid; Tetradecanoic acid; Myristate; Myristic Acid; Tetradecanoic Acid; myristic acid; tetradecanoic acid	57
TYSOMZQRYGBSKN-UTSLYMIUSA-N	2	5316848;133568458	Angelicide	2
UAHWPYUMFXYFJY-UHFFFAOYSA-N	2	31253;184489	Beta-Myrcene; Myrcene; beta-myrcene; Myrcene	66
UFLHIIWVXFIJGU-UHFFFAOYSA-N	2	10993;57043798	Gamma-hexenol; gamma-Hexenol; UFLHIIWVXFIJGU-UHFFFAOYSA-N	11
UFWIBTONFRDIAS-UHFFFAOYSA-N	2	931;5365678	10,13-Octadecadienoic acid, methyl ester; Naphthalene; Naphthalene; naphthalene; napthalene	33
UHOVQNZJYSORNB-UHFFFAOYSA-N	2	241;5319754	Benzene; Phenanthrene; anthracene; RNG; Rng	13
UILPJVPSNHJFIK-UHFFFAOYSA-N	2	11092;131752411	PAEONOL; Paeonol; Peonol; paeonol; Paeonol	22
ULDHMXUKGWMISQ-UHFFFAOYSA-N	2	7439;10695370	2-methyl-5-(1-methylethenyl)-2-cyclohexen-1-one; CARVONE; Carvacrol; Carvone; carvone; L-carvone	16
USMNOWBWPHYOEA-UHFFFAOYSA-N	2	11027;10869933	(1R,4R,5S)-1-isopropyl-4-methyl-3-bicyclo[3.1.0]hexanone; (1r,4r,5s)-1-isopropyl-4-methyl-3-bicyclo[3.1.0]hexanone; USMNOWBWPHYOEA-UHFFFAOYSA-N	3
UTOPWMOLSKOLTQ-UHFFFAOYSA-M	2	572347;5461029	1,4-diethyl-1,4-dimethyl-2,5-cyclohexadiene; Octacosanate; Octacosanoate	6
UWQYBLOHTQWSQD-UHFFFAOYSA-N	2	5481958;91749747	Kuwanon C; Mulberrin; kuwanon c; Kuwanon c	4
VEPUCZUJLKAVNM-UHFFFAOYSA-N	2	161306;5352905	6-Tridecylsalicylic acid; 6-tridecylsalicylic acid; Ginkgolic Acid 13:0	2
VFLDPWHFBUODDF-UHFFFAOYSA-N	2	2889;21576584	Curcumin; Curcumine	9
VKOBVWXKNCXXDE-UHFFFAOYSA-N	2	10467;588163	Arachic Acid; Arachic acid; Arachidic Acid; Eicosanoic acid; Elcosanoic Acid; Arachic acid; Arachidic Acid; Arachidic acid; Elcosanoic Acid	41
VLXDPFLIRFYIME-UHFFFAOYSA-N	2	19725;5312738	Copaene; VLXDPFLIRFYIME-UHFFFAOYSA-N; alpha-copaene	19
VMOJIHDTVZTGDO-UHFFFAOYSA-N	2	10225;129775721	Cadalin	4
VMYXUZSZMNBRCN-UHFFFAOYSA-N	2	92139;96355400	Alpha-curcumene; alpha-Curcumene; Curcumene; VMYXUZSZMNBRCN-UHFFFAOYSA-N; alpha-curcumene; Α-Curcumene	16
VVIAGPKUTFNRDU-ABLWVSNPSA-N	2	143;6006	5-formyltetrahydrofolate; Folinic acid; Leucovorin	6
WFWKNGZODAOLEO-UHFFFAOYSA-N	2	31231;5321337	1-(4-Methoxyphenyl)Acetone; Anisolacetone,Xanthotoxin , 8-Methoxypsoralen; anisolacetone; Anisketone	4
WHIJSULEEDNKPD-UHFFFAOYSA-N	2	23535;101763917	2-Aminobenzoate-3,7-Dimethyl-1,6-Octadien-3-Ol; 2-aminobenzoate-3,7-dimethyl-1,6-octadien-3-ol; 3,7-Dimethylocta-1,6-Dien-3-Yl 2-Aminobenzoate; linalyl anthranilate; 2-aminobenzoate-3,7-dimethyl-1,6-octadien-3-ol	4
WKOLLVMJNQIZCI-UHFFFAOYSA-N	2	8468;5478978	4-Hydroxy-3-Methoxy Benzoic Acid; 4-hydroxy-3-methoxy benzoic acid; Vanillic Acid; Vanillic acid; vanillic acid	36
WPYMKLBDIGXBTP-UHFFFAOYSA-N	4	243;20144841;74000367;102056661	BOX; Box; Benzenecarboxylic Acid; Benzoic Acid; Benzoic acid; Hydroginkgolinicacid; benzoic acid; Benzoic Acid; Benzoic acid	52
WQEPLUUGTLDZJY-UHFFFAOYSA-N	2	13849;5282316	PENTADECANOIC ACID; Pentadecanoic Acid; PENTADECYLIC ACID; Pentadecanoic acid; Pentadecylic acid	30
WRHGORWNJGOVQY-UHFFFAOYSA-N	2	15094;22457197	Naphthalene,1,2,3,4,4a,5,6,8a-octahydro-7-methyl-4-methylene-1-(1-methylethyl)-,(1alpha,4abeta,8aalpha)-; WRHGORWNJGOVQY-UHFFFAOYSA-N	12
WRMNZCZEMHIOCP-UHFFFAOYSA-N	2	6054;522487	(R)-(-)-1-phenyl-1,2-ethanediol; 2-PHENYLETHANOL; 2-Phenylethanol; Benzyl Ethyl Alcohol; Phenethyl Alcohol; Phenylethyl Alcohol; p-Cymen-9-ol; PEL; Pel	22
WRYLYDPHFGVWKC-UHFFFAOYSA-N	3	11230;5365718;14440539	(R)-p-Menth-1-en-4-ol; (r)-p-menth-1-en-4-ol; [10]-Gingerdione; 1-Isopropyl-4-Methylcyclohex-3-Enol,4-Terpineol; 1-Terpinen-4-Ol; 4-Carvomenthenol; 4-methyl-1-isopropyl-3-cyclohexen-1-ol; Terpinene-4-Ol; Terpineol; terpinen-4-ol; 4-Terpineol; 4-terpineol; Terpinen-4-ol	65
WTARULDDTDQWMU-UHFFFAOYSA-N	3	14896;184475;102216734	(-)-nopinene; 6,6-Dimethyl-2-Methylenebicyclo[3.1.1]Heptane,Î’-Pinene; 6,6-Dimethyl-2-Methylenebicyclo[3.1.1]Heptane,Β-Pinene; Beta-Pinene; beta-pinene; Β-Pinene; Beta-Pinene; Beta-pinene	65
WTTJVINHCBCLGX-UHFFFAOYSA-N	2	8203;588777	Methyl linoleate; WTTJVINHCBCLGX-UHFFFAOYSA-N	15
WTWBUQJHJGUZCY-UHFFFAOYSA-N	2	326;138113962	Cumaldehyde; Cuminaldehyde; cuminal; Cuminal	12
WUOACPNHFRMFPN-UHFFFAOYSA-N	3	17100;549821;10948236	(l)-alpha-terpineol; 2-(4-Methylcyclohex-3-En-1-Yl)Propan-2-Ol; alpha-terpineol; alpha-terpinol; Î‘-Terpineol; Alpha-terpineol	76
WVDDGKGOMKODPV-UHFFFAOYSA-N	3	244;10399059;21575641	10,12-peroxycalamenene; WLN: Q1R; Wln: q1r; Aromatic alcohol; Benzyl Alcohol; phenylmethol; Benzyl Alcohol; Benzyl alcohol	39
WVTKBKWTSCPRNU-UHFFFAOYSA-N	2	5422;6441391	13657-68-6; Tetrandrine; n.a.	4
WWNNZCOKKKDOPX-UHFFFAOYSA-N	2	5570;21717998	Gynesine; Trigonelline; gynesine; trigonelline	11
WWZKQHOCKIZLMA-UHFFFAOYSA-N	2	379;88261	Caprylic Acid; Octanoic Acid; Octanoic acid; caprylic acid; Caprylic acid	52
XBDQKXXYIPTUBI-UHFFFAOYSA-N	2	1032;10904630	Ppi; Propanoic Acid; Propionic Acid	21
XDROKJSWHURZGO-UHFFFAOYSA-N	2	10658;5320025	Angelicin; Angelicin; Isopsoralen; angelicin	13
XHKCYIRZWRRXNG-COMVGSAYSA-N	2	70698293;75251137	Platycodin D3; Platycodin D3; platycodin D3	2
XMGQYMWWDOXHJM-UHFFFAOYSA-N	2	22311;5317591	1-Methyl-4-(Prop-1-En-2-Yl)Cyclohex-1-Ene,Limonene,Dipentene,Î‘-Limonene; 1-Methyl-4-Prop-1-En-2-Ylcyclohexene; Alpha-Limonene; Dipentene; limonene; Hemo-sol; L-Limonen; L-limonen	49
XMIIGOLPHOKFCH-UHFFFAOYSA-N	2	107;15479233	3-Phenylpropionic acid; 3-PhenylpropionicAcid; Benzenepropanoic acid; Phenyl Propionic Acid; HCI; Hci	7
XOAAWQZATWQOTB-UHFFFAOYSA-N	2	1123;4068592	Taurine	13
XQVWYOYUZDUNRW-UHFFFAOYSA-N	2	7013;10897459	N-Phenyl-1-naphthylamine; N-Phenylnaphthalen-1-Amine; PANA; Pana	5
XSIFPSYPOVKYCO-UHFFFAOYSA-N	2	8698;65126	Butyl benzoate; WLN: 4OVR	4
XUEHVOLRMXNRKQ-UHFFFAOYSA-N	2	86609;156852	Alpha-Cubebene; Alpha-cubebene; alpha-Cubebene; XUEHVOLRMXNRKQ-UHFFFAOYSA-N; Î‘-Cubebene; Α-Cubebene	19
XWDAKKDQJHVMKG-LPJPOILFSA-N	2	14807783;129669142	Stigmasta-5,22-Dien-3-One	2
XZRVRYFILCSYSP-UHFFFAOYSA-N	2	77667;403919	1,2,3,4,5-Pentamethylcyclopentadiene; Beta-bisabolene; beta-Bisabolene; 1-Methyl-4-(6-Methylhepta-1,5-Dien-2-Yl)Cyclohexene	19
XZYQCFABZDVOPN-WLYUNCDWSA-N	2	101679;442347	C09628; Carotol; Carotol	4
YCCILVSKPBXVIP-UHFFFAOYSA-N	2	10393;14192854	2-(4-Hydroxyphenyl)Ethanol; 4-Hydroxyphenethyl Alcohol; P-Hydroxyphenylethyl Alcohol; Tyrosol; Tyrosol	10
YCIMNLLNPGFGHC-UHFFFAOYSA-N	2	289;101717754	1,2-Benzenediol; Catechol; Pyrocatechol; catechol; Catechol	30
YCOZIPAWZNQLMR-UHFFFAOYSA-N	2	12391;5321842	MYS; Mys; Pentadecane; N-Pentadecane; Pentadecane; Pentadecane , 2, 6 , 10 , 14-tetramethyl	40
YGVHOSGNOYKRIH-AAYPSMFASA-N	2	250396;16745534	Chebulagic acid; n.a.	2
YGWFATZZDWWLRC-UHFFFAOYSA-N	2	5365828;49874704	Marmesine; Marmesine; Marmesine;nodakenetin	2
YHQGMYUVUMAZJR-UHFFFAOYSA-N	2	7462;101148425	1-Isopropyl-4-Methylcyclohexa-1,3-Diene,Terpilene,Α-Terpinene; Terpilene; Alpha-Terpinene; Terpilene; alpha-terpinene; Α-Terpinen; Α-Terpinene	32
YKPUWZUDDOIDPM-UHFFFAOYSA-N	2	2548;10008574	Capsaicin; N-[(4-Hydroxy-3-Methoxyphenyl)Methyl]-8-Methylnon-6-Enamide	10
YMBFCQPIMVLNIU-UHFFFAOYSA-N	3	86608;627188;14827260	(1r,5r,7s)-4,7-dimethyl-7-(4-methylpent-3-enyl)bicyclo[3.1.1]hept-3-ene; Alpha-Bergamotene; YMBFCQPIMVLNIU-UHFFFAOYSA-N; Î‘-Bergamotene; Α-Bergamotene; Alpha-bergamotene	16
YOVSPTNQHMDJAG-UHFFFAOYSA-N	2	190797;519361	Eudesma-4(14),11-Diene; YOVSPTNQHMDJAG-UHFFFAOYSA-N; Selinene; Wilforonide	19
YVBAUDVGOFCUSG-UHFFFAOYSA-N	2	7409;19602	2-Amyl furan; 2-Pentylfuran; PENTYLFURAN; Pentylfuran	16
ZBTYHECJEINCMD-QUCCMNQESA-N	2	5318770;14630495	Tuberosin	2
ZEACOKJOQLAYTD-UHFFFAOYSA-N	2	364825;3081374	Leucodelphinidin; leucodelphinidin	4
ZFMSMUAANRJZFM-UHFFFAOYSA-N	2	8815;101297625	1-methoxy-4-(2-propenyl)-benzene; Estragole; Methylchavicol; Terragon; Terragon	33
ZGIGZINMAOQWLX-UHFFFAOYSA-N	2	40091;94403	Farnesol acetate; Farnesyl Acetate; Farnesyl acetate	8
ZHHYXNZJDGDGPJ-BSWSSELBSA-N	2	23203;5283339	2,4-Nonadienal; Nonadienal; Nona-2,4-Dienal; Nonadienal	2
ZMQAAUBTXCXRIC-UHFFFAOYSA-N	2	5144;44575609	Safrol; Safrole; safrole	20
ZOOGRGPOEVQQDX-UUOKFMHZSA-N	2	24316;135398570	Cgmp; Cyclic guanosine monophosphate	7
ZRSNZINYAWTAHE-UHFFFAOYSA-N	2	31244;10990905	4-Methoxybenzaldehyde; 4-methoxy-benzaldehyde; 4-methoxybenzaldehyde; Anisaldehyde; Anisaldehyde,Methoxy Bengaldehyde,P-Anisaldehyde; anisaldehyde; Anisaldehyde	23
ZSBXGIUJOOQZMP-UHFFFAOYSA-N	3	165549;285698;101606432	83148-91-8; Matrine; Sophoridine	3
ZSIAUFGUXNUGDI-UHFFFAOYSA-N	2	8103;91156689	1-Hexanol; 1-hexanol; 1-Hexanol; 1-hexanol; Hexanol; N-Hexanol; n-hexanol	29
ZVOLCUVKHLEPEV-UHFFFAOYSA-N	2	8013;5281680	1,3-Propanedithiol; Quercetagetin; Quercetagetin	5
ZWRUINPWMLAQRD-UHFFFAOYSA-N	2	8914;83069	1-Nonanol; 1-nonanol; Nonanol; N-Nonanol; Nonanol	21
ZYGHJZDHTFUPRJ-UHFFFAOYSA-N	2	323;126556	16-Hydroxytriptolide; Coumarin; Coumarin; Isomeramazin; coumarin; psoralen; skimmin;Skimmin (8CI)	31
