herb_canonical	n_unique_cids	n_strict_usable_cids	n_unresolved_no_structure	n_parse_failures	n_within_cid_connectivity_conflicts	n_stereo_or_protonation_variant_cids	n_cross_cid_exact_duplicate_members	n_cross_cid_parent_duplicate_members	strict_usable_fraction
丁香	592	570	0	1	21	49	113	153	0.9628378378378378
乌梅	266	253	0	0	13	25	59	86	0.9511278195488722
乌梢蛇	12	12	0	0	0	1	3	4	1.0
人参	1050	995	2	1	52	72	126	182	0.9476190476190476
余甘子	108	106	0	0	2	13	19	28	0.9814814814814815
佛手	221	213	1	0	7	25	48	59	0.9638009049773756
党参	518	495	0	0	23	20	78	105	0.9555984555984556
八角茴香	360	343	0	0	17	20	90	100	0.9527777777777777
决明子	290	273	1	2	14	19	46	62	0.9413793103448276
刀豆	232	220	0	0	12	18	20	44	0.9482758620689655
化橘红	200	193	0	1	6	14	33	46	0.965
地黄	151	143	1	1	6	13	22	34	0.9470198675496688
夏枯草	299	290	0	0	9	25	36	60	0.9698996655518395
大枣	485	457	1	0	27	41	54	88	0.9422680412371134
天冬	119	111	0	3	5	9	18	26	0.9327731092436975
天麻	175	167	0	0	8	5	29	38	0.9542857142857143
姜黄	275	264	0	0	11	31	46	51	0.96
小茴香	114	106	0	0	8	11	37	45	0.9298245614035088
小蓟	79	77	0	0	2	10	13	20	0.9746835443037974
山柰	188	182	0	0	6	11	41	44	0.9680851063829787
山楂	196	190	0	0	6	24	27	38	0.9693877551020408
山茱萸	586	562	0	0	24	36	103	140	0.9590443686006825
山药	296	282	0	2	12	20	52	65	0.9527027027027027
干姜	145	139	0	0	6	9	25	26	0.9586206896551724
广藿香	259	252	0	0	7	20	46	60	0.972972972972973
当归	608	572	0	1	35	47	96	121	0.9407894736842105
昆布	146	138	1	0	7	13	24	33	0.9452054794520548
木瓜	331	320	0	0	11	28	70	103	0.9667673716012085
杏仁	220	209	0	0	11	24	35	50	0.95
杜仲	284	274	0	0	10	23	36	54	0.9647887323943662
杜仲叶	340	329	0	1	10	35	39	47	0.9676470588235294
枳椇子	59	57	0	0	2	4	16	19	0.9661016949152542
枸杞子	443	423	0	0	20	33	93	113	0.9548532731376975
栀子	611	588	3	2	18	33	63	89	0.9623567921440261
桃仁	182	172	1	0	9	12	18	29	0.945054945054945
桑叶	694	658	0	1	35	48	152	186	0.9481268011527377
桑椹	280	265	2	0	13	19	62	84	0.9464285714285714
桔梗	175	163	1	0	11	13	19	25	0.9314285714285714
榧子	15	15	0	0	0	1	5	7	1.0
槐米	38	36	0	0	2	9	4	8	0.9473684210526315
槐花	368	358	0	0	10	20	47	64	0.9728260869565217
橘红	116	111	2	0	3	7	15	16	0.9568965517241379
沙棘	384	371	2	0	11	33	93	104	0.9661458333333334
淡竹叶	46	43	0	0	3	10	3	4	0.9347826086956522
淡豆豉	160	154	0	0	6	16	17	35	0.9625
火麻仁	373	358	1	0	14	27	40	54	0.9597855227882037
灵芝	667	631	1	0	35	38	70	109	0.9460269865067467
牡蛎	16	16	0	0	0	2	0	7	1.0
玉竹	86	82	0	0	4	7	13	15	0.9534883720930233
玳玳花	303	290	0	0	13	23	58	78	0.9570957095709571
甘草	925	874	0	1	50	36	46	78	0.9448648648648649
生姜	1044	1005	0	0	39	52	170	196	0.9626436781609196
白扁豆	172	158	0	0	14	14	50	62	0.9186046511627907
白果	626	588	0	0	38	50	101	149	0.939297124600639
白芷	556	525	0	0	31	34	111	120	0.9442446043165468
白茅根	261	249	0	0	12	13	32	52	0.9540229885057471
百合	199	188	0	0	11	18	34	39	0.9447236180904522
益智仁	210	204	0	0	6	11	23	28	0.9714285714285714
石斛	49	49	0	0	0	0	1	6	1.0
砂仁	433	417	1	0	15	37	107	121	0.9630484988452656
紫苏子	188	177	0	0	11	19	31	36	0.9414893617021277
罗汉果	262	253	0	0	9	16	70	82	0.9656488549618321
肉桂	379	363	0	1	15	31	94	121	0.9577836411609498
肉苁蓉	320	308	0	2	10	8	43	62	0.9625
肉豆蔻	538	517	1	0	20	37	65	88	0.9609665427509294
胖大海	111	107	0	0	4	6	23	29	0.963963963963964
芡实	80	75	0	0	5	7	15	27	0.9375
芦根	155	141	1	1	12	13	30	38	0.9096774193548387
花椒	652	621	0	0	31	37	104	114	0.9524539877300614
茯苓	369	350	0	0	19	22	37	64	0.948509485094851
草果	146	138	0	0	8	15	23	32	0.9452054794520548
荜茇	235	224	0	0	11	13	41	47	0.9531914893617022
荷叶	283	263	0	0	20	28	66	87	0.9293286219081273
莱菔子	176	168	0	0	8	16	29	42	0.9545454545454546
莲子	147	137	0	0	10	27	24	34	0.9319727891156463
菊花	659	636	0	0	23	33	128	143	0.9650986342943855
葛根	211	198	0	1	12	14	16	26	0.9383886255924171
蒲公英	199	192	1	0	6	27	28	46	0.964824120603015
薄荷	438	415	0	0	23	33	87	112	0.9474885844748858
薏苡仁	173	165	0	0	8	16	19	34	0.953757225433526
薤白	256	244	0	2	10	17	26	34	0.953125
藿香	456	442	0	0	14	25	51	84	0.9692982456140351
蜂蜜	389	373	0	0	16	35	41	89	0.9588688946015425
西洋参	364	343	0	2	19	30	36	57	0.9423076923076923
西红花	347	329	2	0	16	33	65	91	0.9481268011527377
覆盆子	359	338	0	1	20	26	55	71	0.9415041782729805
赤小豆	142	136	0	1	5	19	5	23	0.9577464788732394
郁李仁	72	70	0	0	2	5	8	12	0.9722222222222222
酸枣仁	163	153	1	0	9	11	10	16	0.9386503067484663
金银花	913	870	2	3	38	44	111	141	0.9529025191675794
阿胶	19	19	0	0	0	0	4	12	1.0
陈皮	290	275	0	1	14	24	56	68	0.9482758620689655
青果	127	119	0	0	8	14	29	35	0.937007874015748
香橼	200	187	0	0	13	29	33	40	0.935
香薷	291	278	0	0	13	23	100	107	0.9553264604810997
马齿苋	345	325	0	0	20	40	44	77	0.9420289855072463
高良姜	275	265	0	0	10	17	58	69	0.9636363636363636
鱼腥草	464	441	1	0	22	29	72	90	0.9504310344827587
鸡内金	44	42	0	0	2	0	5	17	0.9545454545454546
麦冬	153	149	0	0	4	7	8	13	0.9738562091503268
麦芽	279	260	0	0	19	25	37	73	0.931899641577061
黄精	99	97	0	0	2	9	8	20	0.9797979797979798
黄芪	377	358	1	1	17	30	25	61	0.9496021220159151
龙眼肉	19	17	0	0	2	4	2	4	0.8947368421052632
