pubchem_cid	pubchem_title	pubchem_supplied_inchikey	pubchem_raw_smiles	pubchem_parse_ok	pubchem_exact_inchikey	pubchem_connectivity_smiles	pubchem_parent_inchikey	pubchem_isomeric_smiles	resolution
0				False					unresolved_after_pubchem
135	4-Hydroxybenzoic Acid	FJKROLUGYXJWQN-UHFFFAOYSA-N	C1=CC(=CC=C1C(=O)O)O	True	FJKROLUGYXJWQN-UHFFFAOYSA-N	O=C(O)c1ccc(O)cc1	FJKROLUGYXJWQN-UHFFFAOYSA-N	O=C(O)c1ccc(O)cc1	resolved_by_authoritative_pubchem
176	Acetic Acid	QTBSBXVTEAMEQO-UHFFFAOYSA-N	CC(=O)O	True	QTBSBXVTEAMEQO-UHFFFAOYSA-N	CC(=O)O	QTBSBXVTEAMEQO-UHFFFAOYSA-N	CC(=O)O	resolved_by_authoritative_pubchem
190	Adenine	GFFGJBXGBJISGV-UHFFFAOYSA-N	C1=NC2=NC=NC(=C2N1)N	True	GFFGJBXGBJISGV-UHFFFAOYSA-N	Nc1ncnc2nc[nH]c12	GFFGJBXGBJISGV-UHFFFAOYSA-N	Nc1ncnc2nc[nH]c12	resolved_by_authoritative_pubchem
764		UYTPUPDQBNUYGX-UHFFFAOYSA-N	C1=NC2=C(N1)C(=O)N=C(N2)N	True	UYTPUPDQBNUYGX-UHFFFAOYSA-N	Nc1nc(=O)c2[nH]cnc2[nH]1	UYTPUPDQBNUYGX-UHFFFAOYSA-N	Nc1nc(=O)c2[nH]cnc2[nH]1	resolved_by_authoritative_pubchem
936	Nicotinamide	DFPAKSUCGFBDDF-UHFFFAOYSA-N	C1=CC(=CN=C1)C(=O)N	True	DFPAKSUCGFBDDF-UHFFFAOYSA-N	NC(=O)c1cccnc1	DFPAKSUCGFBDDF-UHFFFAOYSA-N	NC(=O)c1cccnc1	resolved_by_authoritative_pubchem
957	1-Octanol	KBPLFHHGFOOTCA-UHFFFAOYSA-N	CCCCCCCCO	True	KBPLFHHGFOOTCA-UHFFFAOYSA-N	CCCCCCCCO	KBPLFHHGFOOTCA-UHFFFAOYSA-N	CCCCCCCCO	resolved_by_authoritative_pubchem
996	Phenol	ISWSIDIOOBJBQZ-UHFFFAOYSA-N	C1=CC=C(C=C1)O	True	ISWSIDIOOBJBQZ-UHFFFAOYSA-N	Oc1ccccc1	ISWSIDIOOBJBQZ-UHFFFAOYSA-N	Oc1ccccc1	resolved_by_authoritative_pubchem
1130	Thiamine	JZRWCGZRTZMZEH-UHFFFAOYSA-N	CC1=C(SC=[N+]1CC2=CN=C(N=C2N)C)CCO	True	JZRWCGZRTZMZEH-UHFFFAOYSA-N	Cc1ncc(C[n+]2csc(CCO)c2C)c(N)n1	JZRWCGZRTZMZEH-UHFFFAOYSA-N	Cc1ncc(C[n+]2csc(CCO)c2C)c(N)n1	resolved_by_authoritative_pubchem
1174	Uracil	ISAKRJDGNUQOIC-UHFFFAOYSA-N	C1=CNC(=O)NC1=O	True	ISAKRJDGNUQOIC-UHFFFAOYSA-N	O=c1cc[nH]c(=O)[nH]1	ISAKRJDGNUQOIC-UHFFFAOYSA-N	O=c1cc[nH]c(=O)[nH]1	resolved_by_authoritative_pubchem
2266	Azelaic Acid	BDJRBEYXGGNYIS-UHFFFAOYSA-N	C(CCCC(=O)O)CCCC(=O)O	True	BDJRBEYXGGNYIS-UHFFFAOYSA-N	O=C(O)CCCCCCCC(=O)O	BDJRBEYXGGNYIS-UHFFFAOYSA-N	O=C(O)CCCCCCCC(=O)O	resolved_by_authoritative_pubchem
2353	Berberine	YBHILYKTIRIUTE-UHFFFAOYSA-N	COC1=C(C2=C[N+]3=C(C=C2C=C1)C4=CC5=C(C=C4CC3)OCO5)OC	True	YBHILYKTIRIUTE-UHFFFAOYSA-N	COc1ccc2cc3[n+](cc2c1OC)CCc1cc2c(cc1-3)OCO2	YBHILYKTIRIUTE-UHFFFAOYSA-N	COc1ccc2cc3[n+](cc2c1OC)CCc1cc2c(cc1-3)OCO2	resolved_by_authoritative_pubchem
2682	Cetyl Alcohol	BXWNKGSJHAJOGX-UHFFFAOYSA-N	CCCCCCCCCCCCCCCCO	True	BXWNKGSJHAJOGX-UHFFFAOYSA-N	CCCCCCCCCCCCCCCCO	BXWNKGSJHAJOGX-UHFFFAOYSA-N	CCCCCCCCCCCCCCCCO	resolved_by_authoritative_pubchem
3476	1H-Pyrrole-1-carboxamide, 3-ethyl-2,5-dihydro-4-methyl-N-2-4-(trans-4-methylcyclohexyl)aminocarbonylaminosulfonylphenylethyl-2-oxo-	WIGIZIANZCJQQY-UHFFFAOYSA-N	CCC1=C(CN(C1=O)C(=O)NCCC2=CC=C(C=C2)S(=O)(=O)NC(=O)NC3CCC(CC3)C)C	True	WIGIZIANZCJQQY-UHFFFAOYSA-N	CCC1=C(C)CN(C(=O)NCCc2ccc(S(=O)(=O)NC(=O)NC3CCC(C)CC3)cc2)C1=O	WIGIZIANZCJQQY-UHFFFAOYSA-N	CCC1=C(C)CN(C(=O)NCCc2ccc(S(=O)(=O)NC(=O)NC3CCC(C)CC3)cc2)C1=O	resolved_by_authoritative_pubchem
4076	Mescaline	RHCSKNNOAZULRK-UHFFFAOYSA-N	COC1=CC(=CC(=C1OC)OC)CCN	True	RHCSKNNOAZULRK-UHFFFAOYSA-N	COc1cc(CCN)cc(OC)c1OC	RHCSKNNOAZULRK-UHFFFAOYSA-N	COc1cc(CCN)cc(OC)c1OC	resolved_by_authoritative_pubchem
4680	Papaverine	XQYZDYMELSJDRZ-UHFFFAOYSA-N	COC1=C(C=C(C=C1)CC2=NC=CC3=CC(=C(C=C32)OC)OC)OC	True	XQYZDYMELSJDRZ-UHFFFAOYSA-N	COc1ccc(Cc2nccc3cc(OC)c(OC)cc23)cc1OC	XQYZDYMELSJDRZ-UHFFFAOYSA-N	COc1ccc(Cc2nccc3cc(OC)c(OC)cc23)cc1OC	resolved_by_authoritative_pubchem
5192	Sebacic Acid	CXMXRPHRNRROMY-UHFFFAOYSA-N	C(CCCCC(=O)O)CCCC(=O)O	True	CXMXRPHRNRROMY-UHFFFAOYSA-N	O=C(O)CCCCCCCCC(=O)O	CXMXRPHRNRROMY-UHFFFAOYSA-N	O=C(O)CCCCCCCCC(=O)O	resolved_by_authoritative_pubchem
5756	Estriol	PROQIPRRNZUXQM-ZXXIGWHRSA-N	C[C@]12CC[C@H]3[C@H]([C@@H]1C[C@H]([C@@H]2O)O)CCC4=C3C=CC(=C4)O	True	PROQIPRRNZUXQM-ZXXIGWHRSA-N	CC12CCC3c4ccc(O)cc4CCC3C1CC(O)C2O	PROQIPRRNZUXQM-ZXXIGWHRSA-N	C[C@]12CC[C@@H]3c4ccc(O)cc4CC[C@H]3[C@@H]1C[C@@H](O)[C@@H]2O	resolved_by_authoritative_pubchem
5757	Estradiol	VOXZDWNPVJITMN-ZBRFXRBCSA-N	C[C@]12CC[C@H]3[C@H]([C@@H]1CC[C@@H]2O)CCC4=C3C=CC(=C4)O	True	VOXZDWNPVJITMN-ZBRFXRBCSA-N	CC12CCC3c4ccc(O)cc4CCC3C1CCC2O	VOXZDWNPVJITMN-ZBRFXRBCSA-N	C[C@]12CC[C@@H]3c4ccc(O)cc4CC[C@H]3[C@@H]1CC[C@@H]2O	resolved_by_authoritative_pubchem
6029	Uridine	DRTQHJPVMGBUCF-XVFCMESISA-N	C1=CN(C(=O)NC1=O)[C@H]2[C@@H]([C@@H]([C@H](O2)CO)O)O	True	DRTQHJPVMGBUCF-XVFCMESISA-N	O=c1ccn(C2OC(CO)C(O)C2O)c(=O)[nH]1	DRTQHJPVMGBUCF-XVFCMESISA-N	O=c1ccn([C@@H]2O[C@H](CO)[C@@H](O)[C@H]2O)c(=O)[nH]1	resolved_by_authoritative_pubchem
6305	L-Tryptophan	QIVBCDIJIAJPQS-VIFPVBQESA-N	C1=CC=C2C(=C1)C(=CN2)C[C@@H](C(=O)O)N	True	QIVBCDIJIAJPQS-VIFPVBQESA-N	NC(Cc1c[nH]c2ccccc12)C(=O)O	QIVBCDIJIAJPQS-VIFPVBQESA-N	N[C@@H](Cc1c[nH]c2ccccc12)C(=O)O	resolved_by_authoritative_pubchem
6466	(+)-Gibberellic Acid	IXORZMNAPKEEDV-OBDJNFEBSA-N	C[C@@]12[C@H](C=C[C@@]3([C@@H]1[C@@H]([C@]45[C@H]3CC[C@](C4)(C(=C)C5)O)C(=O)O)OC2=O)O	True	IXORZMNAPKEEDV-OBDJNFEBSA-N	C=C1CC23CC1(O)CCC2C12C=CC(O)C(C)(C(=O)O1)C2C3C(=O)O	IXORZMNAPKEEDV-OBDJNFEBSA-N	C=C1C[C@]23C[C@@]1(O)CC[C@H]2[C@@]12C=C[C@H](O)[C@@](C)(C(=O)O1)[C@H]2[C@@H]3C(=O)O	resolved_by_authoritative_pubchem
6654	(+-)-alpha-Pinene	GRWFGVWFFZKLTI-UHFFFAOYSA-N	CC1=CCC2CC1C2(C)C	True	GRWFGVWFFZKLTI-UHFFFAOYSA-N	CC1=CCC2CC1C2(C)C	GRWFGVWFFZKLTI-UHFFFAOYSA-N	CC1=CCC2CC1C2(C)C	resolved_by_authoritative_pubchem
6890	Gramine	OCDGBSUVYYVKQZ-UHFFFAOYSA-N	CN(C)CC1=CNC2=CC=CC=C21	True	OCDGBSUVYYVKQZ-UHFFFAOYSA-N	CN(C)Cc1c[nH]c2ccccc12	OCDGBSUVYYVKQZ-UHFFFAOYSA-N	CN(C)Cc1c[nH]c2ccccc12	resolved_by_authoritative_pubchem
7720	2-Ethylhexanol	YIWUKEYIRIRTPP-UHFFFAOYSA-N	CCCCC(CC)CO	True	YIWUKEYIRIRTPP-UHFFFAOYSA-N	CCCCC(CC)CO	YIWUKEYIRIRTPP-UHFFFAOYSA-N	CCCCC(CC)CO	resolved_by_authoritative_pubchem
7765	Acetal	DHKHKXVYLBGOIT-UHFFFAOYSA-N	CCOC(C)OCC	True	DHKHKXVYLBGOIT-UHFFFAOYSA-N	CCOC(C)OCC	DHKHKXVYLBGOIT-UHFFFAOYSA-N	CCOC(C)OCC	resolved_by_authoritative_pubchem
7868	2,4,4-Trimethyl-1-pentene	FXNDIJDIPNCZQJ-UHFFFAOYSA-N	CC(=C)CC(C)(C)C	True	FXNDIJDIPNCZQJ-UHFFFAOYSA-N	C=C(C)CC(C)(C)C	FXNDIJDIPNCZQJ-UHFFFAOYSA-N	C=C(C)CC(C)(C)C	resolved_by_authoritative_pubchem
8082	Piperidine	NQRYJNQNLNOLGT-UHFFFAOYSA-N	C1CCNCC1	True	NQRYJNQNLNOLGT-UHFFFAOYSA-N	C1CCNCC1	NQRYJNQNLNOLGT-UHFFFAOYSA-N	C1CCNCC1	resolved_by_authoritative_pubchem
8175	Decanal	KSMVZQYAVGTKIV-UHFFFAOYSA-N	CCCCCCCCCC=O	True	KSMVZQYAVGTKIV-UHFFFAOYSA-N	CCCCCCCCCC=O	KSMVZQYAVGTKIV-UHFFFAOYSA-N	CCCCCCCCCC=O	resolved_by_authoritative_pubchem
10212	Imperatorin	OLOOJGVNMBJLLR-UHFFFAOYSA-N	CC(=CCOC1=C2C(=CC3=C1OC=C3)C=CC(=O)O2)C	True	OLOOJGVNMBJLLR-UHFFFAOYSA-N	CC(C)=CCOc1c2occc2cc2ccc(=O)oc12	OLOOJGVNMBJLLR-UHFFFAOYSA-N	CC(C)=CCOc1c2occc2cc2ccc(=O)oc12	resolved_by_authoritative_pubchem
10227	Kokusaginine	JBRXRVFXQIKPEA-UHFFFAOYSA-N	COC1=C(C=C2C(=C1)C(=C3C=COC3=N2)OC)OC	True	JBRXRVFXQIKPEA-UHFFFAOYSA-N	COc1cc2nc3occc3c(OC)c2cc1OC	JBRXRVFXQIKPEA-UHFFFAOYSA-N	COc1cc2nc3occc3c(OC)c2cc1OC	resolved_by_authoritative_pubchem
10228	Osthol	MBRLOUHOWLUMFF-UHFFFAOYSA-N	CC(=CCC1=C(C=CC2=C1OC(=O)C=C2)OC)C	True	MBRLOUHOWLUMFF-UHFFFAOYSA-N	COc1ccc2ccc(=O)oc2c1CC=C(C)C	MBRLOUHOWLUMFF-UHFFFAOYSA-N	COc1ccc2ccc(=O)oc2c1CC=C(C)C	resolved_by_authoritative_pubchem
10364	Carvacrol	RECUKUPTGUEGMW-UHFFFAOYSA-N	CC1=C(C=C(C=C1)C(C)C)O	True	RECUKUPTGUEGMW-UHFFFAOYSA-N	Cc1ccc(C(C)C)cc1O	RECUKUPTGUEGMW-UHFFFAOYSA-N	Cc1ccc(C(C)C)cc1O	resolved_by_authoritative_pubchem
10430	Isovaleric Acid	GWYFCOCPABKNJV-UHFFFAOYSA-N	CC(C)CC(=O)O	True	GWYFCOCPABKNJV-UHFFFAOYSA-N	CC(C)CC(=O)O	GWYFCOCPABKNJV-UHFFFAOYSA-N	CC(C)CC(=O)O	resolved_by_authoritative_pubchem
10465	Heptadecanoic Acid	KEMQGTRYUADPNZ-UHFFFAOYSA-N	CCCCCCCCCCCCCCCCC(=O)O	True	KEMQGTRYUADPNZ-UHFFFAOYSA-N	CCCCCCCCCCCCCCCCC(=O)O	KEMQGTRYUADPNZ-UHFFFAOYSA-N	CCCCCCCCCCCCCCCCC(=O)O	resolved_by_authoritative_pubchem
10494	Oleanolic Acid	MIJYXULNPSFWEK-GTOFXWBISA-N	C[C@]12CC[C@@H](C([C@@H]1CC[C@@]3([C@@H]2CC=C4[C@]3(CC[C@@]5([C@H]4CC(CC5)(C)C)C(=O)O)C)C)(C)C)O	True	MIJYXULNPSFWEK-GTOFXWBISA-N	CC1(C)CCC2(C(=O)O)CCC3(C)C(=CCC4C5(C)CCC(O)C(C)(C)C5CCC43C)C2C1	MIJYXULNPSFWEK-GTOFXWBISA-N	CC1(C)CC[C@]2(C(=O)O)CC[C@]3(C)C(=CC[C@@H]4[C@@]5(C)CC[C@H](O)C(C)(C)[C@@H]5CC[C@]43C)[C@@H]2C1	resolved_by_authoritative_pubchem
10690	Gluconic Acid	RGHNJXZEOKUKBD-SQOUGZDYSA-N	C([C@H]([C@H]([C@@H]([C@H](C(=O)O)O)O)O)O)O	True	RGHNJXZEOKUKBD-SQOUGZDYSA-N	O=C(O)C(O)C(O)C(O)C(O)CO	RGHNJXZEOKUKBD-SQOUGZDYSA-N	O=C(O)[C@H](O)[C@@H](O)[C@H](O)[C@H](O)CO	resolved_by_authoritative_pubchem
10772	Coixol	MKMCJLMBVKHUMS-UHFFFAOYSA-N	COC1=CC2=C(C=C1)NC(=O)O2	True	MKMCJLMBVKHUMS-UHFFFAOYSA-N	COc1ccc2[nH]c(=O)oc2c1	MKMCJLMBVKHUMS-UHFFFAOYSA-N	COc1ccc2[nH]c(=O)oc2c1	resolved_by_authoritative_pubchem
12530	Tridecanoic acid	SZHOJFHSIKHZHA-UHFFFAOYSA-N	CCCCCCCCCCCCC(=O)O	True	SZHOJFHSIKHZHA-UHFFFAOYSA-N	CCCCCCCCCCCCC(=O)O	SZHOJFHSIKHZHA-UHFFFAOYSA-N	CCCCCCCCCCCCC(=O)O	resolved_by_authoritative_pubchem
12591	Nonadecanoic Acid	ISYWECDDZWTKFF-UHFFFAOYSA-N	CCCCCCCCCCCCCCCCCCC(=O)O	True	ISYWECDDZWTKFF-UHFFFAOYSA-N	CCCCCCCCCCCCCCCCCCC(=O)O	ISYWECDDZWTKFF-UHFFFAOYSA-N	CCCCCCCCCCCCCCCCCCC(=O)O	resolved_by_authoritative_pubchem
15331	Daminozide	NOQGZXFMHARMLW-UHFFFAOYSA-N	CN(C)NC(=O)CCC(=O)O	True	NOQGZXFMHARMLW-UHFFFAOYSA-N	CN(C)NC(=O)CCC(=O)O	NOQGZXFMHARMLW-UHFFFAOYSA-N	CN(C)NC(=O)CCC(=O)O	resolved_by_authoritative_pubchem
16898	Heneicosanoic Acid	CKDDRHZIAZRDBW-UHFFFAOYSA-N	CCCCCCCCCCCCCCCCCCCCC(=O)O	True	CKDDRHZIAZRDBW-UHFFFAOYSA-N	CCCCCCCCCCCCCCCCCCCCC(=O)O	CKDDRHZIAZRDBW-UHFFFAOYSA-N	CCCCCCCCCCCCCCCCCCCCC(=O)O	resolved_by_authoritative_pubchem
19773	Farnesane	YFHFHLSMISYUAQ-UHFFFAOYSA-N	CCC(C)CCCC(C)CCCC(C)C	True	YFHFHLSMISYUAQ-UHFFFAOYSA-N	CCC(C)CCCC(C)CCCC(C)C	YFHFHLSMISYUAQ-UHFFFAOYSA-N	CCC(C)CCCC(C)CCCC(C)C	resolved_by_authoritative_pubchem
25310	L-Rhamnose	SHZGCJCMOBCMKK-JFNONXLTSA-N	C[C@H]1[C@@H]([C@H]([C@H](C(O1)O)O)O)O	True	SHZGCJCMOBCMKK-JFNONXLTSA-N	CC1OC(O)C(O)C(O)C1O	SHZGCJCMOBCMKK-JFNONXLTSA-N	C[C@@H]1OC(O)[C@H](O)[C@H](O)[C@H]1O	resolved_by_authoritative_pubchem
31069	Lirinidine	YXVXMURDCBMPRH-AWEZNQCLSA-N	CN1CCC2=CC(=C(C3=C2[C@@H]1CC4=CC=CC=C43)O)OC	True	YXVXMURDCBMPRH-AWEZNQCLSA-N	COc1cc2c3c(c1O)-c1ccccc1CC3N(C)CC2	YXVXMURDCBMPRH-AWEZNQCLSA-N	COc1cc2c3c(c1O)-c1ccccc1C[C@@H]3N(C)CC2	resolved_by_authoritative_pubchem
35768	2,6,11-Trimethyldodecane	FONXOARHSFUBAN-UHFFFAOYSA-N	CC(C)CCCCC(C)CCCC(C)C	True	FONXOARHSFUBAN-UHFFFAOYSA-N	CC(C)CCCCC(C)CCCC(C)C	FONXOARHSFUBAN-UHFFFAOYSA-N	CC(C)CCCCC(C)CCCC(C)C	resolved_by_authoritative_pubchem
37439	Npc47993	AAWZDTNXLSGCEK-ZHQZDSKASA-N	C1[C@@H](C([C@H](CC1(C(=O)O)O)O)O)O	True	AAWZDTNXLSGCEK-ZHQZDSKASA-N	O=C(O)C1(O)CC(O)C(O)C(O)C1	AAWZDTNXLSGCEK-ZHQZDSKASA-N	O=C(O)C1(O)C[C@H](O)C(O)[C@@H](O)C1	resolved_by_authoritative_pubchem
64947	methyl alpha-D-glucopyranoside	HOVAGTYPODGVJG-ZFYZTMLRSA-N	CO[C@@H]1[C@@H]([C@H]([C@@H]([C@H](O1)CO)O)O)O	True	HOVAGTYPODGVJG-ZFYZTMLRSA-N	COC1OC(CO)C(O)C(O)C1O	HOVAGTYPODGVJG-ZFYZTMLRSA-N	CO[C@H]1O[C@H](CO)[C@@H](O)[C@H](O)[C@H]1O	resolved_by_authoritative_pubchem
65238	Penta-O-galloyl-beta-D-glucose	QJYNZEYHSMRWBK-NIKIMHBISA-N	C1=C(C=C(C(=C1O)O)O)C(=O)OC[C@@H]2[C@H]([C@@H]([C@H]([C@@H](O2)OC(=O)C3=CC(=C(C(=C3)O)O)O)OC(=O)C4=CC(=C(C(=C4)O)O)O)OC(=O)C5=CC(=C(C(=C5)O)O)O)OC(=O)C6=CC(=C(C(=C6)O)O)O	True	QJYNZEYHSMRWBK-NIKIMHBISA-N	O=C(OCC1OC(OC(=O)c2cc(O)c(O)c(O)c2)C(OC(=O)c2cc(O)c(O)c(O)c2)C(OC(=O)c2cc(O)c(O)c(O)c2)C1OC(=O)c1cc(O)c(O)c(O)c1)c1cc(O)c(O)c(O)c1	QJYNZEYHSMRWBK-NIKIMHBISA-N	O=C(OC[C@H]1O[C@@H](OC(=O)c2cc(O)c(O)c(O)c2)[C@H](OC(=O)c2cc(O)c(O)c(O)c2)[C@@H](OC(=O)c2cc(O)c(O)c(O)c2)[C@@H]1OC(=O)c1cc(O)c(O)c(O)c1)c1cc(O)c(O)c(O)c1	resolved_by_authoritative_pubchem
68081	Isoimperatorin	IGWDEVSBEKYORK-UHFFFAOYSA-N	CC(=CCOC1=C2C=CC(=O)OC2=CC3=C1C=CO3)C	True	IGWDEVSBEKYORK-UHFFFAOYSA-N	CC(C)=CCOc1c2ccoc2cc2oc(=O)ccc12	IGWDEVSBEKYORK-UHFFFAOYSA-N	CC(C)=CCOc1c2ccoc2cc2oc(=O)ccc12	resolved_by_authoritative_pubchem
68085	Dictamnine	WIONIXOBNMDJFJ-UHFFFAOYSA-N	COC1=C2C=COC2=NC3=CC=CC=C31	True	WIONIXOBNMDJFJ-UHFFFAOYSA-N	COc1c2ccccc2nc2occc12	WIONIXOBNMDJFJ-UHFFFAOYSA-N	COc1c2ccccc2nc2occc12	resolved_by_authoritative_pubchem
68247	Cyanidin Chloride	COAWNPJQKJEHPG-UHFFFAOYSA-N	C1=CC(=C(C=C1C2=[O+]C3=CC(=CC(=C3C=C2O)O)O)O)O.[Cl-]	True	COAWNPJQKJEHPG-UHFFFAOYSA-N	Oc1cc(O)c2cc(O)c(-c3ccc(O)c(O)c3)[o+]c2c1.[Cl-]	VEVZSMAEJFVWIL-UHFFFAOYSA-O	Oc1cc(O)c2cc(O)c(-c3ccc(O)c(O)c3)[o+]c2c1.[Cl-]	resolved_by_authoritative_pubchem
68313	Hordenine	KUBCEEMXQZUPDQ-UHFFFAOYSA-N	CN(C)CCC1=CC=C(C=C1)O	True	KUBCEEMXQZUPDQ-UHFFFAOYSA-N	CN(C)CCc1ccc(O)cc1	KUBCEEMXQZUPDQ-UHFFFAOYSA-N	CN(C)CCc1ccc(O)cc1	resolved_by_authoritative_pubchem
69016	alpha-Linalool	GYJHTGZQPKPEOT-UHFFFAOYSA-N	CC(=C)CCCC(C)(C=C)O	True	GYJHTGZQPKPEOT-UHFFFAOYSA-N	C=CC(C)(O)CCCC(=C)C	GYJHTGZQPKPEOT-UHFFFAOYSA-N	C=CC(C)(O)CCCC(=C)C	resolved_by_authoritative_pubchem
72259	Fagomine	YZNNBIPIQWYLDM-HSUXUTPPSA-N	C1CN[C@@H]([C@H]([C@@H]1O)O)CO	True	YZNNBIPIQWYLDM-HSUXUTPPSA-N	OCC1NCCC(O)C1O	YZNNBIPIQWYLDM-HSUXUTPPSA-N	OC[C@H]1NCC[C@@H](O)[C@@H]1O	resolved_by_authoritative_pubchem
72340	Tetrahydroalstonine	GRTOGORTSDXSFK-DLLGKBFGSA-N	C[C@H]1[C@@H]2CN3CCC4=C([C@@H]3C[C@@H]2C(=CO1)C(=O)OC)NC5=CC=CC=C45	True	GRTOGORTSDXSFK-DLLGKBFGSA-N	COC(=O)C1=COC(C)C2CN3CCc4c([nH]c5ccccc45)C3CC12	GRTOGORTSDXSFK-DLLGKBFGSA-N	COC(=O)C1=CO[C@@H](C)[C@@H]2CN3CCc4c([nH]c5ccccc45)[C@@H]3C[C@H]12	resolved_by_authoritative_pubchem
73299	Hederagenin	PGOYMURMZNDHNS-MYPRUECHSA-N	C[C@]12CC[C@@H]([C@@]([C@@H]1CC[C@@]3([C@@H]2CC=C4[C@]3(CC[C@@]5([C@H]4CC(CC5)(C)C)C(=O)O)C)C)(C)CO)O	True	PGOYMURMZNDHNS-MYPRUECHSA-N	CC1(C)CCC2(C(=O)O)CCC3(C)C(=CCC4C5(C)CCC(O)C(C)(CO)C5CCC43C)C2C1	PGOYMURMZNDHNS-MYPRUECHSA-N	CC1(C)CC[C@]2(C(=O)O)CC[C@]3(C)C(=CC[C@@H]4[C@@]5(C)CC[C@H](O)[C@@](C)(CO)[C@@H]5CC[C@]43C)[C@@H]2C1	resolved_by_authoritative_pubchem
73549	Tryptanthrin	VQQVWGVXDIPORV-UHFFFAOYSA-N	C1=CC=C2C(=C1)C(=O)N3C4=CC=CC=C4C(=O)C3=N2	True	VQQVWGVXDIPORV-UHFFFAOYSA-N	O=C1c2ccccc2-n2c1nc1ccccc1c2=O	VQQVWGVXDIPORV-UHFFFAOYSA-N	O=C1c2ccccc2-n2c1nc1ccccc1c2=O	resolved_by_authoritative_pubchem
73644	Casuarictin	SWRFKGRMQVLMKA-JIZJWZDPSA-N	C1[C@@H]2[C@H]([C@H]3[C@H]([C@@H](O2)OC(=O)C4=CC(=C(C(=C4)O)O)O)OC(=O)C5=CC(=C(C(=C5C6=C(C(=C(C=C6C(=O)O3)O)O)O)O)O)O)OC(=O)C7=CC(=C(C(=C7C8=C(C(=C(C=C8C(=O)O1)O)O)O)O)O)O	True	SWRFKGRMQVLMKA-JIZJWZDPSA-N	O=C(OC1OC2COC(=O)c3cc(O)c(O)c(O)c3-c3c(cc(O)c(O)c3O)C(=O)OC2C2OC(=O)c3cc(O)c(O)c(O)c3-c3c(cc(O)c(O)c3O)C(=O)OC12)c1cc(O)c(O)c(O)c1	SWRFKGRMQVLMKA-JIZJWZDPSA-N	O=C(O[C@@H]1O[C@@H]2COC(=O)c3cc(O)c(O)c(O)c3-c3c(cc(O)c(O)c3O)C(=O)O[C@H]2[C@@H]2OC(=O)c3cc(O)c(O)c(O)c3-c3c(cc(O)c(O)c3O)C(=O)O[C@@H]12)c1cc(O)c(O)c(O)c1	resolved_by_authoritative_pubchem
92231	Spathulenol	FRMCCTDTYSRUBE-BGPZULBFSA-N	C[C@@]1(CC[C@@H]2[C@@H]1[C@H]3[C@H](C3(C)C)CCC2=C)O	True	FRMCCTDTYSRUBE-BGPZULBFSA-N	C=C1CCC2C(C3C1CCC3(C)O)C2(C)C	FRMCCTDTYSRUBE-BGPZULBFSA-N	C=C1CC[C@@H]2[C@H]([C@H]3[C@H]1CC[C@]3(C)O)C2(C)C	resolved_by_authoritative_pubchem
94175	Epiquinidine	LOUPRKONTZGTKE-AFHBHXEDSA-N	COC1=CC2=C(C=CN=C2C=C1)[C@H]([C@H]3C[C@@H]4CCN3C[C@@H]4C=C)O	True	LOUPRKONTZGTKE-AFHBHXEDSA-N	C=CC1CN2CCC1CC2C(O)c1ccnc2ccc(OC)cc12	LOUPRKONTZGTKE-AFHBHXEDSA-N	C=C[C@H]1CN2CC[C@H]1C[C@@H]2[C@H](O)c1ccnc2ccc(OC)cc12	resolved_by_authoritative_pubchem
100199	6(2H)-Benzofuranone, 2-(1,3-benzodioxol-5-yl)-3,3a-dihydro-5-methoxy-3-methyl-3a-(2-propenyl)-, (2S-(2alpha,3beta,3abeta))-	SOLJFAQVSWXZEQ-UHFFFAOYSA-N	CC1C(OC2=CC(=O)C(=CC12CC=C)OC)C3=CC4=C(C=C3)OCO4	True	SOLJFAQVSWXZEQ-UHFFFAOYSA-N	C=CCC12C=C(OC)C(=O)C=C1OC(c1ccc3c(c1)OCO3)C2C	SOLJFAQVSWXZEQ-UHFFFAOYSA-N	C=CCC12C=C(OC)C(=O)C=C1OC(c1ccc3c(c1)OCO3)C2C	resolved_by_authoritative_pubchem
101405	2,5-Dimethoxy-2,5-cyclohexadiene-1,4-dione	RMMPZDDLWLALLJ-UHFFFAOYSA-N	COC1=CC(=O)C(=CC1=O)OC	True	RMMPZDDLWLALLJ-UHFFFAOYSA-N	COC1=CC(=O)C(OC)=CC1=O	RMMPZDDLWLALLJ-UHFFFAOYSA-N	COC1=CC(=O)C(OC)=CC1=O	resolved_by_authoritative_pubchem
115149	Amarogentin	DBOVHQOUSDWAPQ-WTONXPSSSA-N	C=C[C@@H]1[C@@H]2CCOC(=O)C2=CO[C@H]1O[C@H]3[C@@H]([C@H]([C@@H]([C@H](O3)CO)O)O)OC(=O)C4=C(C=C(C=C4O)O)C5=CC(=CC=C5)O	True	DBOVHQOUSDWAPQ-WTONXPSSSA-N	C=CC1C(OC2OC(CO)C(O)C(O)C2OC(=O)c2c(O)cc(O)cc2-c2cccc(O)c2)OC=C2C(=O)OCCC21	DBOVHQOUSDWAPQ-WTONXPSSSA-N	C=C[C@H]1[C@H](O[C@@H]2O[C@H](CO)[C@@H](O)[C@H](O)[C@H]2OC(=O)c2c(O)cc(O)cc2-c2cccc(O)c2)OC=C2C(=O)OCC[C@H]21	resolved_by_authoritative_pubchem
119205	(-)-Matairesinol	MATGKVZWFZHCLI-LSDHHAIUSA-N	COC1=C(C=CC(=C1)C[C@H]2COC(=O)[C@@H]2CC3=CC(=C(C=C3)O)OC)O	True	MATGKVZWFZHCLI-LSDHHAIUSA-N	COc1cc(CC2COC(=O)C2Cc2ccc(O)c(OC)c2)ccc1O	MATGKVZWFZHCLI-LSDHHAIUSA-N	COc1cc(C[C@H]2COC(=O)[C@@H]2Cc2ccc(O)c(OC)c2)ccc1O	resolved_by_authoritative_pubchem
122097	Soyasaponin I	PTDAHAWQAGSZDD-IOVCITQVSA-N	C[C@H]1[C@@H]([C@H]([C@H]([C@@H](O1)O[C@@H]2[C@H]([C@H]([C@H](O[C@H]2O[C@@H]3[C@H]([C@@H]([C@H](O[C@H]3O[C@H]4CC[C@]5([C@H]([C@@]4(C)CO)CC[C@@]6([C@@H]5CC=C7[C@]6(CC[C@@]8([C@H]7CC(C[C@H]8O)(C)C)C)C)C)C)C(=O)O)O)O)CO)O)O)O)O)O	True	PTDAHAWQAGSZDD-IOVCITQVSA-N	CC1OC(OC2C(OC3C(OC4CCC5(C)C(CCC6(C)C5CC=C5C7CC(C)(C)CC(O)C7(C)CCC56C)C4(C)CO)OC(C(=O)O)C(O)C3O)OC(CO)C(O)C2O)C(O)C(O)C1O	PTDAHAWQAGSZDD-IOVCITQVSA-N	C[C@@H]1O[C@@H](O[C@H]2[C@H](O[C@H]3[C@H](O[C@H]4CC[C@@]5(C)[C@@H](CC[C@]6(C)[C@@H]5CC=C5[C@@H]7CC(C)(C)C[C@@H](O)[C@]7(C)CC[C@]56C)[C@@]4(C)CO)O[C@H](C(=O)O)[C@@H](O)[C@@H]3O)O[C@H](CO)[C@H](O)[C@@H]2O)[C@H](O)[C@H](O)[C@H]1O	resolved_by_authoritative_pubchem
122844	(+)-Betulonic acid	SLJTWDNVZKIDAU-SVAFSPIFSA-N	CC(=C)[C@@H]1CC[C@]2([C@H]1[C@H]3CC[C@@H]4[C@]5(CCC(=O)C([C@@H]5CC[C@]4([C@@]3(CC2)C)C)(C)C)C)C(=O)O	True	SLJTWDNVZKIDAU-SVAFSPIFSA-N	C=C(C)C1CCC2(C(=O)O)CCC3(C)C(CCC4C5(C)CCC(=O)C(C)(C)C5CCC43C)C12	SLJTWDNVZKIDAU-SVAFSPIFSA-N	C=C(C)[C@@H]1CC[C@]2(C(=O)O)CC[C@]3(C)[C@H](CC[C@@H]4[C@@]5(C)CCC(=O)C(C)(C)[C@@H]5CC[C@]43C)[C@@H]12	resolved_by_authoritative_pubchem
124052	Glabridin	LBQIJVLKGVZRIW-ZDUSSCGKSA-N	CC1(C=CC2=C(O1)C=CC3=C2OC[C@H](C3)C4=C(C=C(C=C4)O)O)C	True	LBQIJVLKGVZRIW-ZDUSSCGKSA-N	CC1(C)C=Cc2c(ccc3c2OCC(c2ccc(O)cc2O)C3)O1	LBQIJVLKGVZRIW-ZDUSSCGKSA-N	CC1(C)C=Cc2c(ccc3c2OC[C@@H](c2ccc(O)cc2O)C3)O1	resolved_by_authoritative_pubchem
124702	2,5-Dideoxy-2,5-Imino-D-Mannitol	PFYHYHZGDNWFIF-KVTDHHQDSA-N	C([C@@H]1[C@H]([C@@H]([C@H](N1)CO)O)O)O	True	PFYHYHZGDNWFIF-KVTDHHQDSA-N	OCC1NC(CO)C(O)C1O	PFYHYHZGDNWFIF-KVTDHHQDSA-N	OC[C@H]1N[C@H](CO)[C@@H](O)[C@@H]1O	resolved_by_authoritative_pubchem
133867	Licobenzofuran	KRWXHCWICDLYOY-UHFFFAOYSA-N	CC(=CCC1=C(C=CC(=C1)C2=C(C3=CC(=C(C=C3O2)OC)OC)O)O)C	True	KRWXHCWICDLYOY-UHFFFAOYSA-N	COc1cc2oc(-c3ccc(O)c(CC=C(C)C)c3)c(O)c2cc1OC	KRWXHCWICDLYOY-UHFFFAOYSA-N	COc1cc2oc(-c3ccc(O)c(CC=C(C)C)c3)c(O)c2cc1OC	resolved_by_authoritative_pubchem
145937	Eckol	PCZZRBGISTUIOA-UHFFFAOYSA-N	C1=C(C=C(C=C1O)OC2=C(C=C(C3=C2OC4=C(C=C(C=C4O3)O)O)O)O)O	True	PCZZRBGISTUIOA-UHFFFAOYSA-N	Oc1cc(O)cc(Oc2c(O)cc(O)c3c2Oc2c(O)cc(O)cc2O3)c1	PCZZRBGISTUIOA-UHFFFAOYSA-N	Oc1cc(O)cc(Oc2c(O)cc(O)c3c2Oc2c(O)cc(O)cc2O3)c1	resolved_by_authoritative_pubchem
146501	Anteisohexadecanoic acid	WWASUAHHCLARMF-UHFFFAOYSA-N	CCC(C)CCCCCCCCCCCC(=O)O	True	WWASUAHHCLARMF-UHFFFAOYSA-N	CCC(C)CCCCCCCCCCCC(=O)O	WWASUAHHCLARMF-UHFFFAOYSA-N	CCC(C)CCCCCCCCCCCC(=O)O	resolved_by_authoritative_pubchem
148124	Docetaxel	ZDZOTLJHXYCWBA-VCVYQWHSSA-N	CC1=C2[C@H](C(=O)[C@@]3([C@H](C[C@@H]4[C@]([C@H]3[C@@H]([C@@](C2(C)C)(C[C@@H]1OC(=O)[C@@H]([C@H](C5=CC=CC=C5)NC(=O)OC(C)(C)C)O)O)OC(=O)C6=CC=CC=C6)(CO4)OC(=O)C)O)C)O	True	ZDZOTLJHXYCWBA-VCVYQWHSSA-N	CC(=O)OC12COC1CC(O)C1(C)C(=O)C(O)C3=C(C)C(OC(=O)C(O)C(NC(=O)OC(C)(C)C)c4ccccc4)CC(O)(C(OC(=O)c4ccccc4)C21)C3(C)C	ZDZOTLJHXYCWBA-VCVYQWHSSA-N	CC(=O)O[C@@]12CO[C@@H]1C[C@H](O)[C@@]1(C)C(=O)[C@H](O)C3=C(C)[C@@H](OC(=O)[C@H](O)[C@@H](NC(=O)OC(C)(C)C)c4ccccc4)C[C@@](O)([C@@H](OC(=O)c4ccccc4)[C@H]21)C3(C)C	resolved_by_authoritative_pubchem
151014	13-Methyltetradecanoic Acid	ZOCYQVNGROEVLU-UHFFFAOYSA-N	CC(C)CCCCCCCCCCCC(=O)O	True	ZOCYQVNGROEVLU-UHFFFAOYSA-N	CC(C)CCCCCCCCCCCC(=O)O	ZOCYQVNGROEVLU-UHFFFAOYSA-N	CC(C)CCCCCCCCCCCC(=O)O	resolved_by_authoritative_pubchem
154417	Benzeneacetic acid, alpha-(hydroxymethyl)-, (3-endo)-8-methyl-8-azabicyclo(3.2.1)oct-3-yl ester, (alphaS)-	RKUNBYITZUJHSG-VFSICIBPSA-N	CN1[C@@H]2CC[C@H]1CC(C2)OC(=O)[C@H](CO)C3=CC=CC=C3	True	RKUNBYITZUJHSG-VFSICIBPSA-N	CN1C2CCC1CC(OC(=O)C(CO)c1ccccc1)C2	RKUNBYITZUJHSG-VFSICIBPSA-N	CN1[C@@H]2CC[C@H]1CC(OC(=O)[C@H](CO)c1ccccc1)C2	resolved_by_authoritative_pubchem
155942	Boschnaloside	MRIFZKMKTDPBHR-XLOWEYQUSA-N	C[C@@H]1CC[C@H]2[C@@H]1[C@@H](OC=C2C=O)O[C@H]3[C@@H]([C@H]([C@@H]([C@H](O3)CO)O)O)O	True	MRIFZKMKTDPBHR-XLOWEYQUSA-N	CC1CCC2C(C=O)=COC(OC3OC(CO)C(O)C(O)C3O)C12	MRIFZKMKTDPBHR-XLOWEYQUSA-N	C[C@@H]1CC[C@@H]2C(C=O)=CO[C@@H](O[C@@H]3O[C@H](CO)[C@@H](O)[C@H](O)[C@H]3O)[C@H]12	resolved_by_authoritative_pubchem
158595	Asparanin D	FFAHEGKVGQPZOA-UHFFFAOYSA-N	CC1CCC2(C(C3C(O2)CC4C3(CCC5C4CCC6C5(CCC(C6)OC7C(C(C(C(O7)COC8C(C(C(C(O8)C)O)O)O)OC9C(C(C(CO9)O)O)O)O)OC2C(C(C(C(O2)CO)O)O)O)C)C)C)OC1	True	FFAHEGKVGQPZOA-UHFFFAOYSA-N	CC1CCC2(OC1)OC1CC3C4CCC5CC(OC6OC(COC7OC(C)C(O)C(O)C7O)C(OC7OCC(O)C(O)C7O)C(O)C6OC6OC(CO)C(O)C(O)C6O)CCC5(C)C4CCC3(C)C1C2C	FFAHEGKVGQPZOA-UHFFFAOYSA-N	CC1CCC2(OC1)OC1CC3C4CCC5CC(OC6OC(COC7OC(C)C(O)C(O)C7O)C(OC7OCC(O)C(O)C7O)C(O)C6OC6OC(CO)C(O)C(O)C6O)CCC5(C)C4CCC3(C)C1C2C	resolved_by_authoritative_pubchem
159055	D-Camphor	DSSYKIVIOFKYAU-XCBNKYQSSA-N	C[C@@]12CC[C@@H](C1(C)C)CC2=O	True	DSSYKIVIOFKYAU-XCBNKYQSSA-N	CC12CCC(CC1=O)C2(C)C	DSSYKIVIOFKYAU-XCBNKYQSSA-N	CC1(C)[C@@H]2CC[C@@]1(C)C(=O)C2	resolved_by_authoritative_pubchem
160597	Anonaine	VZTUKBKUWSHDFM-CYBMUJFWSA-N	C1CN[C@@H]2CC3=CC=CC=C3C4=C2C1=CC5=C4OCO5	True	VZTUKBKUWSHDFM-CYBMUJFWSA-N	c1ccc2c(c1)CC1NCCc3cc4c(c-2c31)OCO4	VZTUKBKUWSHDFM-CYBMUJFWSA-N	c1ccc2c(c1)C[C@H]1NCCc3cc4c(c-2c31)OCO4	resolved_by_authoritative_pubchem
161352	Ceanothic Acid	WLCHQSHZHFLMJH-VILVJDKQSA-N	CC(=C)[C@@H]1CC[C@]2([C@H]1[C@H]3CC[C@H]4[C@]([C@@]3(CC2)C)(CC[C@@H]5[C@@]4([C@H]([C@@H](C5(C)C)O)C(=O)O)C)C)C(=O)O	True	WLCHQSHZHFLMJH-VILVJDKQSA-N	C=C(C)C1CCC2(C(=O)O)CCC3(C)C(CCC4C5(C)C(C(=O)O)C(O)C(C)(C)C5CCC43C)C12	WLCHQSHZHFLMJH-VILVJDKQSA-N	C=C(C)[C@@H]1CC[C@]2(C(=O)O)CC[C@]3(C)[C@H](CC[C@@H]4[C@@]5(C)[C@@H](C(=O)O)[C@H](O)C(C)(C)[C@@H]5CC[C@]43C)[C@@H]12	resolved_by_authoritative_pubchem
162739	Cepharanone B	YHQIYHDLBZXUON-UHFFFAOYSA-N	COC1=C(C2=C3C(=C1)C(=O)NC3=CC4=CC=CC=C42)OC	True	YHQIYHDLBZXUON-UHFFFAOYSA-N	COc1cc2c3c(cc4ccccc4c3c1OC)NC2=O	YHQIYHDLBZXUON-UHFFFAOYSA-N	COc1cc2c3c(cc4ccccc4c3c1OC)NC2=O	resolved_by_authoritative_pubchem
162958	6-Tridecylresorcylic acid	SGSYRRSNJWAOJZ-UHFFFAOYSA-N	CCCCCCCCCCCCCC1=C(C(=CC(=C1)O)O)C(=O)O	True	SGSYRRSNJWAOJZ-UHFFFAOYSA-N	CCCCCCCCCCCCCc1cc(O)cc(O)c1C(=O)O	SGSYRRSNJWAOJZ-UHFFFAOYSA-N	CCCCCCCCCCCCCc1cc(O)cc(O)c1C(=O)O	resolved_by_authoritative_pubchem
163001	Malabaricone B	KOAPDMKKECXPHX-UHFFFAOYSA-N	C1=CC(=C(C(=C1)O)C(=O)CCCCCCCCC2=CC=C(C=C2)O)O	True	KOAPDMKKECXPHX-UHFFFAOYSA-N	O=C(CCCCCCCCc1ccc(O)cc1)c1c(O)cccc1O	KOAPDMKKECXPHX-UHFFFAOYSA-N	O=C(CCCCCCCCc1ccc(O)cc1)c1c(O)cccc1O	resolved_by_authoritative_pubchem
171548	Biotin	YBJHBAHKTGYVGT-ZKWXMUAHSA-N	C1[C@H]2[C@@H]([C@@H](S1)CCCCC(=O)O)NC(=O)N2	True	YBJHBAHKTGYVGT-ZKWXMUAHSA-N	O=C(O)CCCCC1SCC2NC(=O)NC21	YBJHBAHKTGYVGT-ZKWXMUAHSA-N	O=C(O)CCCC[C@@H]1SC[C@@H]2NC(=O)N[C@@H]21	resolved_by_authoritative_pubchem
176983	p-Mentha-1,3,8-triene	XNMPFDIYAMOYRM-UHFFFAOYSA-N	CC1=CC=C(CC1)C(=C)C	True	XNMPFDIYAMOYRM-UHFFFAOYSA-N	C=C(C)C1=CC=C(C)CC1	XNMPFDIYAMOYRM-UHFFFAOYSA-N	C=C(C)C1=CC=C(C)CC1	resolved_by_authoritative_pubchem
193679	Isobavachin	KYFBXCHUXFKMGQ-IBGZPJMESA-N	CC(=CCC1=C(C=CC2=C1O[C@@H](CC2=O)C3=CC=C(C=C3)O)O)C	True	KYFBXCHUXFKMGQ-IBGZPJMESA-N	CC(C)=CCc1c(O)ccc2c1OC(c1ccc(O)cc1)CC2=O	KYFBXCHUXFKMGQ-IBGZPJMESA-N	CC(C)=CCc1c(O)ccc2c1O[C@H](c1ccc(O)cc1)CC2=O	resolved_by_authoritative_pubchem
197678	(2S)-2,3-Dihydro-2-(4-hydroxy-3-(3-methyl-2-buten-1-yl)phenyl)-8,8-dimethyl-4H,8H-benzo(1,2-b:3,4-b')dipyran-4-one	NEIURIYDQMKXIG-QHCPKHFHSA-N	CC(=CCC1=C(C=CC(=C1)[C@@H]2CC(=O)C3=C(O2)C4=C(C=C3)OC(C=C4)(C)C)O)C	True	NEIURIYDQMKXIG-QHCPKHFHSA-N	CC(C)=CCc1cc(C2CC(=O)c3ccc4c(c3O2)C=CC(C)(C)O4)ccc1O	NEIURIYDQMKXIG-QHCPKHFHSA-N	CC(C)=CCc1cc([C@@H]2CC(=O)c3ccc4c(c3O2)C=CC(C)(C)O4)ccc1O	resolved_by_authoritative_pubchem
215338	Ochrolifuanine A	BYHWAEAVIGYEBJ-QJTMEEEXSA-N	CC[C@H]1CN2CCC3=C([C@@H]2C[C@@H]1C[C@@H]4C5=C(CCN4)C6=CC=CC=C6N5)NC7=CC=CC=C37	True	BYHWAEAVIGYEBJ-QJTMEEEXSA-N	CCC1CN2CCc3c([nH]c4ccccc34)C2CC1CC1NCCc2c1[nH]c1ccccc21	BYHWAEAVIGYEBJ-QJTMEEEXSA-N	CC[C@H]1CN2CCc3c([nH]c4ccccc34)[C@@H]2C[C@@H]1C[C@H]1NCCc2c1[nH]c1ccccc21	resolved_by_authoritative_pubchem
222656	L-Malic Acid	BJEPYKJPYRNKOW-REOHCLBHSA-N	C([C@@H](C(=O)O)O)C(=O)O	True	BJEPYKJPYRNKOW-REOHCLBHSA-N	O=C(O)CC(O)C(=O)O	BJEPYKJPYRNKOW-REOHCLBHSA-N	O=C(O)C[C@H](O)C(=O)O	resolved_by_authoritative_pubchem
229854	14,15,16,17-Tetradehydroveratraman-3,23-diol	MALFODICFSIXPO-UHFFFAOYSA-N	CC1CC(C(NC1)C(C)C2=C(C3=C(C=C2)C4CC=C5CC(CCC5(C4C3)C)O)C)O	True	MALFODICFSIXPO-UHFFFAOYSA-N	Cc1c(C(C)C2NCC(C)CC2O)ccc2c1CC1C2CC=C2CC(O)CCC21C	MALFODICFSIXPO-UHFFFAOYSA-N	Cc1c(C(C)C2NCC(C)CC2O)ccc2c1CC1C2CC=C2CC(O)CCC21C	resolved_by_authoritative_pubchem
336327	Medicarpin	NSRJSISNDPOJOP-BBRMVZONSA-N	COC1=CC2=C(C=C1)[C@@H]3COC4=C([C@@H]3O2)C=CC(=C4)O	True	NSRJSISNDPOJOP-BBRMVZONSA-N	COc1ccc2c(c1)OC1c3ccc(O)cc3OCC21	NSRJSISNDPOJOP-BBRMVZONSA-N	COc1ccc2c(c1)O[C@H]1c3ccc(O)cc3OC[C@@H]21	resolved_by_authoritative_pubchem
439177	Glycogen	BYSGBSNPRWKUQH-UJDJLXLFSA-N	C([C@@H]1[C@H]([C@@H]([C@H]([C@H](O1)OC[C@@H]2[C@H]([C@@H]([C@H]([C@H](O2)O[C@@H]3[C@H](O[C@@H]([C@@H]([C@H]3O)O)O)CO)O)O)O[C@@H]4[C@@H]([C@H]([C@@H]([C@H](O4)CO)O)O)O)O)O)O)O	True	BYSGBSNPRWKUQH-UJDJLXLFSA-N	OCC1OC(OCC2OC(OC3C(CO)OC(O)C(O)C3O)C(O)C(O)C2OC2OC(CO)C(O)C(O)C2O)C(O)C(O)C1O	BYSGBSNPRWKUQH-UJDJLXLFSA-N	OC[C@H]1O[C@H](OC[C@H]2O[C@H](O[C@H]3[C@H](O)[C@@H](O)[C@@H](O)O[C@@H]3CO)[C@H](O)[C@@H](O)[C@@H]2O[C@H]2O[C@H](CO)[C@@H](O)[C@H](O)[C@H]2O)[C@H](O)[C@@H](O)[C@@H]1O	resolved_by_authoritative_pubchem
439238	(1R,2R)-1-hydroxypropane-1,2,3-tricarboxylic acid	ODBLHEXUDAPZAU-VVJJHMBFSA-N	C([C@H]([C@H](C(=O)O)O)C(=O)O)C(=O)O	True	ODBLHEXUDAPZAU-VVJJHMBFSA-N	O=C(O)CC(C(=O)O)C(O)C(=O)O	ODBLHEXUDAPZAU-VVJJHMBFSA-N	O=C(O)C[C@@H](C(=O)O)[C@@H](O)C(=O)O	resolved_by_authoritative_pubchem
439336	D-Galacto-d-mannan	OMDQUFIYNPYJFM-XKDAHURESA-N	C([C@@H]1[C@@H]([C@@H]([C@H]([C@H](O1)OC[C@@H]2[C@H]([C@@H]([C@@H]([C@@H](O2)O)O)O)O[C@H]3[C@H]([C@H]([C@@H]([C@H](O3)CO)O)O)O)O)O)O)O	True	OMDQUFIYNPYJFM-XKDAHURESA-N	OCC1OC(OCC2OC(O)C(O)C(O)C2OC2OC(CO)C(O)C(O)C2O)C(O)C(O)C1O	OMDQUFIYNPYJFM-XKDAHURESA-N	OC[C@H]1O[C@H](OC[C@H]2O[C@@H](O)[C@@H](O)[C@@H](O)[C@@H]2O[C@@H]2O[C@H](CO)[C@@H](O)[C@H](O)[C@@H]2O)[C@H](O)[C@@H](O)[C@H]1O	resolved_by_authoritative_pubchem
439531	Stachyose	UQZIYBXSHAGNOE-XNSRJBNMSA-N	C([C@@H]1[C@@H]([C@@H]([C@H]([C@H](O1)OC[C@@H]2[C@@H]([C@@H]([C@H]([C@H](O2)OC[C@@H]3[C@H]([C@@H]([C@H]([C@H](O3)O[C@]4([C@H]([C@@H]([C@H](O4)CO)O)O)CO)O)O)O)O)O)O)O)O)O)O	True	UQZIYBXSHAGNOE-XNSRJBNMSA-N	OCC1OC(OCC2OC(OCC3OC(OC4(CO)OC(CO)C(O)C4O)C(O)C(O)C3O)C(O)C(O)C2O)C(O)C(O)C1O	UQZIYBXSHAGNOE-XNSRJBNMSA-N	OC[C@H]1O[C@H](OC[C@H]2O[C@H](OC[C@H]3O[C@H](O[C@]4(CO)O[C@H](CO)[C@@H](O)[C@@H]4O)[C@H](O)[C@@H](O)[C@@H]3O)[C@H](O)[C@@H](O)[C@H]2O)[C@H](O)[C@@H](O)[C@H]1O	resolved_by_authoritative_pubchem
439713	Allantoin, (R)-	POJWUDADGALRAB-PVQJCKRUSA-N	[C@@H]1(C(=O)NC(=O)N1)NC(=O)N	True	POJWUDADGALRAB-PVQJCKRUSA-N	NC(=O)NC1NC(=O)NC1=O	POJWUDADGALRAB-PVQJCKRUSA-N	NC(=O)N[C@@H]1NC(=O)NC1=O	resolved_by_authoritative_pubchem
440409	L-threo-isocitric acid	ODBLHEXUDAPZAU-FONMRSAGSA-N	C([C@H]([C@@H](C(=O)O)O)C(=O)O)C(=O)O	True	ODBLHEXUDAPZAU-FONMRSAGSA-N	O=C(O)CC(C(=O)O)C(O)C(=O)O	ODBLHEXUDAPZAU-FONMRSAGSA-N	O=C(O)C[C@@H](C(=O)O)[C@H](O)C(=O)O	resolved_by_authoritative_pubchem
440968	(-)-alpha-Pinene	GRWFGVWFFZKLTI-IUCAKERBSA-N	CC1=CC[C@H]2C[C@@H]1C2(C)C	True	GRWFGVWFFZKLTI-IUCAKERBSA-N	CC1=CCC2CC1C2(C)C	GRWFGVWFFZKLTI-IUCAKERBSA-N	CC1=CC[C@H]2C[C@@H]1C2(C)C	resolved_by_authoritative_pubchem
441251	7-O-Methylluteone	AZPLXDBZIQMMMT-UHFFFAOYSA-N	CC(=CCC1=C(C=C2C(=C1O)C(=O)C(=CO2)C3=C(C=C(C=C3)O)O)OC)C	True	AZPLXDBZIQMMMT-UHFFFAOYSA-N	COc1cc2occ(-c3ccc(O)cc3O)c(=O)c2c(O)c1CC=C(C)C	AZPLXDBZIQMMMT-UHFFFAOYSA-N	COc1cc2occ(-c3ccc(O)cc3O)c(=O)c2c(O)c1CC=C(C)C	resolved_by_authoritative_pubchem
442343	Levomenol	RGZSQWQPBWRIAQ-CABCVRRESA-N	CC1=CC[C@H](CC1)[C@](C)(CCC=C(C)C)O	True	RGZSQWQPBWRIAQ-CABCVRRESA-N	CC(C)=CCCC(C)(O)C1CC=C(C)CC1	RGZSQWQPBWRIAQ-CABCVRRESA-N	CC(C)=CCC[C@](C)(O)[C@@H]1CC=C(C)CC1	resolved_by_authoritative_pubchem
442360	(-)-alpha-Curcumene	VMYXUZSZMNBRCN-CQSZACIVSA-N	CC1=CC=C(C=C1)[C@H](C)CCC=C(C)C	True	VMYXUZSZMNBRCN-CQSZACIVSA-N	CC(C)=CCCC(C)c1ccc(C)cc1	VMYXUZSZMNBRCN-CQSZACIVSA-N	CC(C)=CCC[C@@H](C)c1ccc(C)cc1	resolved_by_authoritative_pubchem
442972	Cyclopamine	QASFUMOKHFSJGL-LAFRSMQTSA-N	C[C@H]1C[C@@H]2[C@H]([C@H]([C@]3(O2)CC[C@H]4[C@@H]5CC=C6C[C@H](CC[C@@]6([C@H]5CC4=C3C)C)O)C)NC1	True	QASFUMOKHFSJGL-LAFRSMQTSA-N	CC1=C2CC3C(CC=C4CC(O)CCC43C)C2CCC12OC1CC(C)CNC1C2C	QASFUMOKHFSJGL-LAFRSMQTSA-N	CC1=C2C[C@H]3[C@@H](CC=C4C[C@@H](O)CC[C@@]43C)[C@@H]2CC[C@]12O[C@@H]1C[C@H](C)CN[C@H]1[C@H]2C	resolved_by_authoritative_pubchem
446222	3,4-Pyrrolidinediol, 2-(hydroxymethyl)-, (2R,3R,4S)-	OQEBIHBLFRADNM-MROZADKFSA-N	C1[C@@H]([C@@H]([C@H](N1)CO)O)O	True	OQEBIHBLFRADNM-MROZADKFSA-N	OCC1NCC(O)C1O	OQEBIHBLFRADNM-MROZADKFSA-N	OC[C@H]1NC[C@H](O)[C@@H]1O	resolved_by_authoritative_pubchem
447805	D-erythro-Isocitric acid	ODBLHEXUDAPZAU-OKKQSCSOSA-N	C([C@@H]([C@@H](C(=O)O)O)C(=O)O)C(=O)O	True	ODBLHEXUDAPZAU-OKKQSCSOSA-N	O=C(O)CC(C(=O)O)C(O)C(=O)O	ODBLHEXUDAPZAU-OKKQSCSOSA-N	O=C(O)C[C@H](C(=O)O)[C@H](O)C(=O)O	resolved_by_authoritative_pubchem
471002	Ganoderic Acid A	DYOKDAQBNHPJFD-JNTBEZBXSA-N	C[C@H](CC(=O)C[C@@H](C)C(=O)O)[C@H]1C[C@@H]([C@@]2([C@@]1(CC(=O)C3=C2[C@H](C[C@@H]4[C@@]3(CCC(=O)C4(C)C)C)O)C)C)O	True	DYOKDAQBNHPJFD-JNTBEZBXSA-N	CC(CC(=O)CC(C)C1CC(O)C2(C)C3=C(C(=O)CC12C)C1(C)CCC(=O)C(C)(C)C1CC3O)C(=O)O	DYOKDAQBNHPJFD-JNTBEZBXSA-N	C[C@H](CC(=O)C[C@@H](C)[C@H]1C[C@H](O)[C@@]2(C)C3=C(C(=O)C[C@]12C)[C@@]1(C)CCC(=O)C(C)(C)[C@@H]1C[C@@H]3O)C(=O)O	resolved_by_authoritative_pubchem
480777	Gancaonin I	DKVBYQAVNNRVNN-UHFFFAOYSA-N	CC(=CCC1=C(C=C2C(=C1OC)C=C(O2)C3=C(C=C(C=C3)O)O)OC)C	True	DKVBYQAVNNRVNN-UHFFFAOYSA-N	COc1cc2oc(-c3ccc(O)cc3O)cc2c(OC)c1CC=C(C)C	DKVBYQAVNNRVNN-UHFFFAOYSA-N	COc1cc2oc(-c3ccc(O)cc3O)cc2c(OC)c1CC=C(C)C	resolved_by_authoritative_pubchem
480783	6,8-Diprenylgenistein	UCHYSPNEUSDFQR-UHFFFAOYSA-N	CC(=CCC1=C(C(=C2C(=C1O)C(=O)C(=CO2)C3=CC=C(C=C3)O)CC=C(C)C)O)C	True	UCHYSPNEUSDFQR-UHFFFAOYSA-N	CC(C)=CCc1c(O)c(CC=C(C)C)c2occ(-c3ccc(O)cc3)c(=O)c2c1O	UCHYSPNEUSDFQR-UHFFFAOYSA-N	CC(C)=CCc1c(O)c(CC=C(C)C)c2occ(-c3ccc(O)cc3)c(=O)c2c1O	resolved_by_authoritative_pubchem
480859	Glyasperin C	RCZMWVKBVFOCEE-ZDUSSCGKSA-N	CC(=CCC1=C(C2=C(C=C1O)OC[C@H](C2)C3=C(C=C(C=C3)O)O)OC)C	True	RCZMWVKBVFOCEE-ZDUSSCGKSA-N	COc1c(CC=C(C)C)c(O)cc2c1CC(c1ccc(O)cc1O)CO2	RCZMWVKBVFOCEE-ZDUSSCGKSA-N	COc1c(CC=C(C)C)c(O)cc2c1C[C@H](c1ccc(O)cc1O)CO2	resolved_by_authoritative_pubchem
480860	Glyasperin D	DDMAUIOCNQXFHL-AWEZNQCLSA-N	CC(=CCC1=C(C=C2C(=C1OC)C[C@@H](CO2)C3=C(C=C(C=C3)O)O)OC)C	True	DDMAUIOCNQXFHL-AWEZNQCLSA-N	COc1cc2c(c(OC)c1CC=C(C)C)CC(c1ccc(O)cc1O)CO2	DDMAUIOCNQXFHL-AWEZNQCLSA-N	COc1cc2c(c(OC)c1CC=C(C)C)C[C@H](c1ccc(O)cc1O)CO2	resolved_by_authoritative_pubchem
503731	Licocoumarone	CNPMAFLUEHEXRE-UHFFFAOYSA-N	CC(=CCC1=C(C2=C(C=C1O)OC(=C2)C3=C(C=C(C=C3)O)O)OC)C	True	CNPMAFLUEHEXRE-UHFFFAOYSA-N	COc1c(CC=C(C)C)c(O)cc2oc(-c3ccc(O)cc3O)cc12	CNPMAFLUEHEXRE-UHFFFAOYSA-N	COc1c(CC=C(C)C)c(O)cc2oc(-c3ccc(O)cc3O)cc12	resolved_by_authoritative_pubchem
527143	Menthadienol	UIMAEYMKYMNCGW-UHFFFAOYSA-N	CC1=CCC(CC1)C(=C)CO	True	UIMAEYMKYMNCGW-UHFFFAOYSA-N	C=C(CO)C1CC=C(C)CC1	UIMAEYMKYMNCGW-UHFFFAOYSA-N	C=C(CO)C1CC=C(C)CC1	resolved_by_authoritative_pubchem
562075	5-Hydroxy-1,7-Diphenylheptan-3-One	CCNKTMMNRPJQHV-UHFFFAOYSA-N	C1=CC=C(C=C1)CCC(CC(=O)CCC2=CC=CC=C2)O	True	CCNKTMMNRPJQHV-UHFFFAOYSA-N	O=C(CCc1ccccc1)CC(O)CCc1ccccc1	CCNKTMMNRPJQHV-UHFFFAOYSA-N	O=C(CCc1ccccc1)CC(O)CCc1ccccc1	resolved_by_authoritative_pubchem
636822	Asarone	RKFAZBXYICVSKP-AATRIKPKSA-N	C/C=C/C1=CC(=C(C=C1OC)OC)OC	True	RKFAZBXYICVSKP-AATRIKPKSA-N	CC=Cc1cc(OC)c(OC)cc1OC	RKFAZBXYICVSKP-AATRIKPKSA-N	C/C=C/c1cc(OC)c(OC)cc1OC	resolved_by_authoritative_pubchem
637517	Elaidic Acid	ZQPPMHVWECSIRJ-MDZDMXLPSA-N	CCCCCCCC/C=C/CCCCCCCC(=O)O	True	ZQPPMHVWECSIRJ-MDZDMXLPSA-N	CCCCCCCCC=CCCCCCCCC(=O)O	ZQPPMHVWECSIRJ-MDZDMXLPSA-N	CCCCCCCC/C=C/CCCCCCCC(=O)O	resolved_by_authoritative_pubchem
637577	((1S,5R)-8-Methyl-8-Azabicyclo(3.2.1)Octan-3-Yl) (2R)-3-Hydroxy-2-Phenylpropanoate	RKUNBYITZUJHSG-QXULXFAOSA-N	CN1[C@@H]2CC[C@H]1CC(C2)OC(=O)[C@@H](CO)C3=CC=CC=C3	True	RKUNBYITZUJHSG-QXULXFAOSA-N	CN1C2CCC1CC(OC(=O)C(CO)c1ccccc1)C2	RKUNBYITZUJHSG-QXULXFAOSA-N	CN1[C@@H]2CC[C@H]1CC(OC(=O)[C@@H](CO)c1ccccc1)C2	resolved_by_authoritative_pubchem
644019	Cannabidiol	QHMBSVQNZZTUGM-ZWKOTPCHSA-N	CCCCCC1=CC(=C(C(=C1)O)[C@@H]2C=C(CC[C@H]2C(=C)C)C)O	True	QHMBSVQNZZTUGM-ZWKOTPCHSA-N	C=C(C)C1CCC(C)=CC1c1c(O)cc(CCCCC)cc1O	QHMBSVQNZZTUGM-ZWKOTPCHSA-N	C=C(C)[C@@H]1CCC(C)=C[C@H]1c1c(O)cc(CCCCC)cc1O	resolved_by_authoritative_pubchem
1548943	Capsaicin	YKPUWZUDDOIDPM-SOFGYWHQSA-N	CC(C)/C=C/CCCCC(=O)NCC1=CC(=C(C=C1)O)OC	True	YKPUWZUDDOIDPM-SOFGYWHQSA-N	COc1cc(CNC(=O)CCCCC=CC(C)C)ccc1O	YKPUWZUDDOIDPM-SOFGYWHQSA-N	COc1cc(CNC(=O)CCCC/C=C/C(C)C)ccc1O	resolved_by_authoritative_pubchem
1549992	Bisabolol	RGZSQWQPBWRIAQ-LSDHHAIUSA-N	CC1=CC[C@@H](CC1)[C@@](C)(CCC=C(C)C)O	True	RGZSQWQPBWRIAQ-LSDHHAIUSA-N	CC(C)=CCCC(C)(O)C1CC=C(C)CC1	RGZSQWQPBWRIAQ-LSDHHAIUSA-N	CC(C)=CCC[C@@](C)(O)[C@H]1CC=C(C)CC1	resolved_by_authoritative_pubchem
2288415	N-[2-(3,4-dimethoxyphenyl)ethyl]-3-phenylacrylamide	YMZWKEYJSYDVKL-LUAWRHEFSA-N	COC1=C(C=C(C=C1)CCNC(=O)/C=C\C2=CC=CC=C2)OC	True	YMZWKEYJSYDVKL-LUAWRHEFSA-N	COc1ccc(CCNC(=O)C=Cc2ccccc2)cc1OC	YMZWKEYJSYDVKL-LUAWRHEFSA-N	COc1ccc(CCNC(=O)/C=C\c2ccccc2)cc1OC	resolved_by_authoritative_pubchem
3081016	Piperolactam A	KBGNBPGXVKPRQI-UHFFFAOYSA-N	COC1=C(C2=C3C(=C1)C(=O)NC3=CC4=CC=CC=C42)O	True	KBGNBPGXVKPRQI-UHFFFAOYSA-N	COc1cc2c3c(cc4ccccc4c3c1O)NC2=O	KBGNBPGXVKPRQI-UHFFFAOYSA-N	COc1cc2c3c(cc4ccccc4c3c1O)NC2=O	resolved_by_authoritative_pubchem
5057077	3-(2,4-Dihydroxyphenyl)-1-(4-hydroxyphenyl)prop-2-en-1-one	VDYSHUXENHRSOO-UHFFFAOYSA-N	C1=CC(=CC=C1C(=O)C=CC2=C(C=C(C=C2)O)O)O	True	VDYSHUXENHRSOO-UHFFFAOYSA-N	O=C(C=Cc1ccc(O)cc1O)c1ccc(O)cc1	VDYSHUXENHRSOO-UHFFFAOYSA-N	O=C(C=Cc1ccc(O)cc1O)c1ccc(O)cc1	resolved_by_authoritative_pubchem
5273469	Benzyl Cinnamate	NGHOLYJTSCBCGC-VAWYXSNFSA-N	C1=CC=C(C=C1)COC(=O)/C=C/C2=CC=CC=C2	True	NGHOLYJTSCBCGC-VAWYXSNFSA-N	O=C(C=Cc1ccccc1)OCc1ccccc1	NGHOLYJTSCBCGC-VAWYXSNFSA-N	O=C(/C=C/c1ccccc1)OCc1ccccc1	resolved_by_authoritative_pubchem
5280457	Pinosylvin	YCVPRTHEGLPYPB-VOTSOKGWSA-N	C1=CC=C(C=C1)/C=C/C2=CC(=CC(=C2)O)O	True	YCVPRTHEGLPYPB-VOTSOKGWSA-N	Oc1cc(O)cc(C=Cc2ccccc2)c1	YCVPRTHEGLPYPB-VOTSOKGWSA-N	Oc1cc(O)cc(/C=C/c2ccccc2)c1	resolved_by_authoritative_pubchem
5280896	Abscisic Acid	JLIDBLDQVAYHNE-YKALOCIXSA-N	CC1=CC(=O)CC([C@]1(/C=C/C(=C\C(=O)O)/C)O)(C)C	True	JLIDBLDQVAYHNE-YKALOCIXSA-N	CC(C=CC1(O)C(C)=CC(=O)CC1(C)C)=CC(=O)O	JLIDBLDQVAYHNE-YKALOCIXSA-N	CC1=CC(=O)CC(C)(C)[C@@]1(O)/C=C/C(C)=C\C(=O)O	resolved_by_authoritative_pubchem
5280934	Linolenic Acid	DTOSIQBPPRVQHS-PDBXOOCHSA-N	CC/C=C\C/C=C\C/C=C\CCCCCCCC(=O)O	True	DTOSIQBPPRVQHS-PDBXOOCHSA-N	CCC=CCC=CCC=CCCCCCCCC(=O)O	DTOSIQBPPRVQHS-PDBXOOCHSA-N	CC/C=C\C/C=C\C/C=C\CCCCCCCC(=O)O	resolved_by_authoritative_pubchem
5281119	Myristoleic Acid	YWWVWXASSLXJHU-WAYWQWQTSA-N	CCCC/C=C\CCCCCCCC(=O)O	True	YWWVWXASSLXJHU-WAYWQWQTSA-N	CCCCC=CCCCCCCCC(=O)O	YWWVWXASSLXJHU-WAYWQWQTSA-N	CCCC/C=C\CCCCCCCC(=O)O	resolved_by_authoritative_pubchem
5281232	Crocetin	PANKHBYNKQNAHN-MQQNZMFNSA-N	C/C(=C\C=C\C=C(\C=C\C=C(\C(=O)O)/C)/C)/C=C/C=C(/C(=O)O)\C	True	PANKHBYNKQNAHN-MQQNZMFNSA-N	CC(C=CC=C(C)C(=O)O)=CC=CC=C(C)C=CC=C(C)C(=O)O	PANKHBYNKQNAHN-MQQNZMFNSA-N	CC(/C=C/C=C(\C)C(=O)O)=C\C=C\C=C(C)\C=C\C=C(/C)C(=O)O	resolved_by_authoritative_pubchem
5281297	4-((2E)-3,7-Dimethyl-2,6-octadien-1-yl)-5-(6-hydroxy-2-benzofuranyl)-1,3-benzenediol	KGOOVUKZICPAIZ-FRKPEAEDSA-N	CC(=CCC/C(=C/CC1=C(C=C(C=C1O)O)C2=CC3=C(O2)C=C(C=C3)O)/C)C	True	KGOOVUKZICPAIZ-FRKPEAEDSA-N	CC(C)=CCCC(C)=CCc1c(O)cc(O)cc1-c1cc2ccc(O)cc2o1	KGOOVUKZICPAIZ-FRKPEAEDSA-N	CC(C)=CCC/C(C)=C/Cc1c(O)cc(O)cc1-c1cc2ccc(O)cc2o1	resolved_by_authoritative_pubchem
5281332	2-(2-((2E)-3,7-Dimethyl-2,6-octadien-1-yl)-5-hydroxy-3-methoxyphenyl)-6-benzofuranol	MQYYTNPXQXSQGM-CAOOACKPSA-N	CC(=CCC/C(=C/CC1=C(C=C(C=C1OC)O)C2=CC3=C(O2)C=C(C=C3)O)/C)C	True	MQYYTNPXQXSQGM-CAOOACKPSA-N	COc1cc(O)cc(-c2cc3ccc(O)cc3o2)c1CC=C(C)CCC=C(C)C	MQYYTNPXQXSQGM-CAOOACKPSA-N	COc1cc(O)cc(-c2cc3ccc(O)cc3o2)c1C/C=C(\C)CCC=C(C)C	resolved_by_authoritative_pubchem
5281525	(3S,6E)-Nerolidol	FQTLCLSUCSAZDY-ATGUSINASA-N	CC(=CCC/C(=C/CC[C@@](C)(C=C)O)/C)C	True	FQTLCLSUCSAZDY-ATGUSINASA-N	C=CC(C)(O)CCC=C(C)CCC=C(C)C	FQTLCLSUCSAZDY-ATGUSINASA-N	C=C[C@@](C)(O)CC/C=C(\C)CCC=C(C)C	resolved_by_authoritative_pubchem
5281600	Amentoflavone	YUSWMAULDXZHPY-UHFFFAOYSA-N	C1=CC(=CC=C1C2=CC(=O)C3=C(O2)C(=C(C=C3O)O)C4=C(C=CC(=C4)C5=CC(=O)C6=C(C=C(C=C6O5)O)O)O)O	True	YUSWMAULDXZHPY-UHFFFAOYSA-N	O=c1cc(-c2ccc(O)c(-c3c(O)cc(O)c4c(=O)cc(-c5ccc(O)cc5)oc34)c2)oc2cc(O)cc(O)c12	YUSWMAULDXZHPY-UHFFFAOYSA-N	O=c1cc(-c2ccc(O)c(-c3c(O)cc(O)c4c(=O)cc(-c5ccc(O)cc5)oc34)c2)oc2cc(O)cc(O)c12	resolved_by_authoritative_pubchem
5281612	Diosmetin	MBNGWHIJMBWFHU-UHFFFAOYSA-N	COC1=C(C=C(C=C1)C2=CC(=O)C3=C(C=C(C=C3O2)O)O)O	True	MBNGWHIJMBWFHU-UHFFFAOYSA-N	COc1ccc(-c2cc(=O)c3c(O)cc(O)cc3o2)cc1O	MBNGWHIJMBWFHU-UHFFFAOYSA-N	COc1ccc(-c2cc(=O)c3c(O)cc(O)cc3o2)cc1O	resolved_by_authoritative_pubchem
5281696	Sciadopitysin	YCXRBCHEOFVYEN-UHFFFAOYSA-N	COC1=CC=C(C=C1)C2=CC(=O)C3=C(O2)C(=C(C=C3O)O)C4=C(C=CC(=C4)C5=CC(=O)C6=C(C=C(C=C6O5)OC)O)OC	True	YCXRBCHEOFVYEN-UHFFFAOYSA-N	COc1ccc(-c2cc(=O)c3c(O)cc(O)c(-c4cc(-c5cc(=O)c6c(O)cc(OC)cc6o5)ccc4OC)c3o2)cc1	YCXRBCHEOFVYEN-UHFFFAOYSA-N	COc1ccc(-c2cc(=O)c3c(O)cc(O)c(-c4cc(-c5cc(=O)c6c(O)cc(OC)cc6o5)ccc4OC)c3o2)cc1	resolved_by_authoritative_pubchem
5281707	Coumestrol	ZZIALNLLNHEQPJ-UHFFFAOYSA-N	C1=CC2=C(C=C1O)OC3=C2C(=O)OC4=C3C=CC(=C4)O	True	ZZIALNLLNHEQPJ-UHFFFAOYSA-N	O=c1oc2cc(O)ccc2c2oc3cc(O)ccc3c12	ZZIALNLLNHEQPJ-UHFFFAOYSA-N	O=c1oc2cc(O)ccc2c2oc3cc(O)ccc3c12	resolved_by_authoritative_pubchem
5282762	12-Octadecenoic acid	OXEDXHIBHVMDST-VOTSOKGWSA-N	CCCCC/C=C/CCCCCCCCCCC(=O)O	True	OXEDXHIBHVMDST-VOTSOKGWSA-N	CCCCCC=CCCCCCCCCCCC(=O)O	OXEDXHIBHVMDST-VOTSOKGWSA-N	CCCCC/C=C/CCCCCCCCCCC(=O)O	resolved_by_authoritative_pubchem
5283324	(E)-2-Octenal	LVBXEMGDVWVTGY-VOTSOKGWSA-N	CCCCC/C=C/C=O	True	LVBXEMGDVWVTGY-VOTSOKGWSA-N	CCCCCC=CC=O	LVBXEMGDVWVTGY-VOTSOKGWSA-N	CCCCC/C=C/C=O	resolved_by_authoritative_pubchem
5283383	9,12-Octadecadienal	HXLZULGRVFOIDK-AVQMFFATSA-N	CCCCC/C=C/C/C=C/CCCCCCCC=O	True	HXLZULGRVFOIDK-AVQMFFATSA-N	CCCCCC=CCC=CCCCCCCCC=O	HXLZULGRVFOIDK-AVQMFFATSA-N	CCCCC/C=C/C/C=C/CCCCCCCC=O	resolved_by_authoritative_pubchem
5315422	Zanthobungeanine	SYNIFQKDJZQOLI-UHFFFAOYSA-N	CC1(C=CC2=C(O1)C3=C(C(=CC=C3)OC)N(C2=O)C)C	True	SYNIFQKDJZQOLI-UHFFFAOYSA-N	COc1cccc2c3c(c(=O)n(C)c12)C=CC(C)(C)O3	SYNIFQKDJZQOLI-UHFFFAOYSA-N	COc1cccc2c3c(c(=O)n(C)c12)C=CC(C)(C)O3	resolved_by_authoritative_pubchem
5315473	2,6-Bis(2-methylpropyl)-4-methylphenol	FAVZTHXOOBZCOB-UHFFFAOYSA-N	CC1=CC(=C(C(=C1)CC(C)C)O)CC(C)C	True	FAVZTHXOOBZCOB-UHFFFAOYSA-N	Cc1cc(CC(C)C)c(O)c(CC(C)C)c1	FAVZTHXOOBZCOB-UHFFFAOYSA-N	Cc1cc(CC(C)C)c(O)c(CC(C)C)c1	resolved_by_authoritative_pubchem
5315565	n-Butyl allophanate	RNXRXBFLIGLDTC-UHFFFAOYSA-N	CCCCOC(=O)NC(=O)N	True	RNXRXBFLIGLDTC-UHFFFAOYSA-N	CCCCOC(=O)NC(N)=O	RNXRXBFLIGLDTC-UHFFFAOYSA-N	CCCCOC(=O)NC(N)=O	resolved_by_authoritative_pubchem
5316410	16-Azabicyclo[10.3.1]hexadeca-1(16),12,14-triene	YZPIVPVXEUAVNR-UHFFFAOYSA-N	C1CCCCCC2=CC=CC(=N2)CCCC1	True	YZPIVPVXEUAVNR-UHFFFAOYSA-N	c1cc2nc(c1)CCCCCCCCCC2	YZPIVPVXEUAVNR-UHFFFAOYSA-N	c1cc2nc(c1)CCCCCCCCCC2	resolved_by_authoritative_pubchem
5316846	3,3-Dimethyl-1,5-bis(2-methylpropyl)bicyclo[3.1.0]hexane-2,4-dione	KJAYCZWTDKBKOL-UHFFFAOYSA-N	CC(C)CC12CC1(C(=O)C(C2=O)(C)C)CC(C)C	True	KJAYCZWTDKBKOL-UHFFFAOYSA-N	CC(C)CC12CC1(CC(C)C)C(=O)C(C)(C)C2=O	KJAYCZWTDKBKOL-UHFFFAOYSA-N	CC(C)CC12CC1(CC(C)C)C(=O)C(C)(C)C2=O	resolved_by_authoritative_pubchem
5317271	Eugenone	ZYRBXTNFHYZHSK-UHFFFAOYSA-N	CC(=O)CC(=O)C1=C(C=C(C=C1OC)OC)OC	True	ZYRBXTNFHYZHSK-UHFFFAOYSA-N	COc1cc(OC)c(C(=O)CC(C)=O)c(OC)c1	ZYRBXTNFHYZHSK-UHFFFAOYSA-N	COc1cc(OC)c(C(=O)CC(C)=O)c(OC)c1	resolved_by_authoritative_pubchem
5317525	(4S,4aS,7aS)-4,7-bis(hydroxymethyl)-4-methyl-1,4a,5,7a-tetrahydrocyclopenta[c]pyran-3-one	BTTOWNPBHGPOLE-WCABBAIRSA-N	C[C@]1([C@H]2CC=C([C@H]2COC1=O)CO)CO	True	BTTOWNPBHGPOLE-WCABBAIRSA-N	CC1(CO)C(=O)OCC2C(CO)=CCC21	BTTOWNPBHGPOLE-WCABBAIRSA-N	C[C@]1(CO)C(=O)OC[C@@H]2C(CO)=CC[C@@H]21	resolved_by_authoritative_pubchem
5317590	1-(4-Hydroxy-3-methoxyphenyl)tetradecane-3,5-diol	LGSIUDXMEDKEPY-UHFFFAOYSA-N	CCCCCCCCCC(CC(CCC1=CC(=C(C=C1)O)OC)O)O	True	LGSIUDXMEDKEPY-UHFFFAOYSA-N	CCCCCCCCCC(O)CC(O)CCc1ccc(O)c(OC)c1	LGSIUDXMEDKEPY-UHFFFAOYSA-N	CCCCCCCCCC(O)CC(O)CCc1ccc(O)c(OC)c1	resolved_by_authoritative_pubchem
5317764	Glycyrrhisoflavone	JOQWUUJQWPZLAT-UHFFFAOYSA-N	CC(=CCC1=C(C(=CC(=C1)C2=COC3=CC(=CC(=C3C2=O)O)O)O)O)C	True	JOQWUUJQWPZLAT-UHFFFAOYSA-N	CC(C)=CCc1cc(-c2coc3cc(O)cc(O)c3c2=O)cc(O)c1O	JOQWUUJQWPZLAT-UHFFFAOYSA-N	CC(C)=CCc1cc(-c2coc3cc(O)cc(O)c3c2=O)cc(O)c1O	resolved_by_authoritative_pubchem
5318035	Npc186653	DSTCZBGJCUOFLM-COECVNONSA-N	CCCCCCCCCCCCCCCC(=O)OCC1=C[C@H]2C3C(C3(C)C)C[C@H]([C@]4(C2=O)C=C([C@@H]([C@]4([C@@H]1O)O)O)C)C	True	DSTCZBGJCUOFLM-COECVNONSA-N	CCCCCCCCCCCCCCCC(=O)OCC1=CC2C(=O)C3(C=C(C)C(O)C3(O)C1O)C(C)CC1C2C1(C)C	DSTCZBGJCUOFLM-COECVNONSA-N	CCCCCCCCCCCCCCCC(=O)OCC1=C[C@@H]2C(=O)[C@]3(C=C(C)[C@H](O)[C@@]3(O)[C@@H]1O)[C@H](C)CC1C2C1(C)C	resolved_by_authoritative_pubchem
5318118	2-Hydroxy-6-tetradecylbenzoic acid	DNTSXRMSSGNLFL-UHFFFAOYSA-N	CCCCCCCCCCCCCCC1=C(C(=CC=C1)O)C(=O)O	True	DNTSXRMSSGNLFL-UHFFFAOYSA-N	CCCCCCCCCCCCCCc1cccc(O)c1C(=O)O	DNTSXRMSSGNLFL-UHFFFAOYSA-N	CCCCCCCCCCCCCCc1cccc(O)c1C(=O)O	resolved_by_authoritative_pubchem
5318119	(2R,4aS,6bR,12aS)-2,10,14b-trihydroxy-4a,6a,6b,9,9,12a-hexamethyl-13-oxo-1,3,4,5,6,6a,7,8,8a,10,11,12-dodecahydropicene-2-carboxylic acid	DQJMQSQDWCQFBD-LJYRQACQSA-N	C[C@]12CC[C@@](CC1(C3=CC(=O)C4[C@]5(CCC(C(C5CC[C@]4(C3(CC2)C)C)(C)C)O)C)O)(C(=O)O)O	True	DQJMQSQDWCQFBD-LJYRQACQSA-N	CC1(C)C(O)CCC2(C)C1CCC1(C)C2C(=O)C=C2C1(C)CCC1(C)CCC(O)(C(=O)O)CC21O	DQJMQSQDWCQFBD-LJYRQACQSA-N	CC1(C)C(O)CC[C@@]2(C)C1CC[C@]1(C)C2C(=O)C=C2C3(O)C[C@@](O)(C(=O)O)CC[C@]3(C)CCC21C	resolved_by_authoritative_pubchem
5318518	N-Isobutyl-2,4,8,10,12-tetradecapentaenamide	KVUKDCFEXVWYBN-FMBIJHKPSA-N	C/C=C/C=C/C=C/CC/C=C/C=C/C(=O)NCC(C)C	True	KVUKDCFEXVWYBN-FMBIJHKPSA-N	CC=CC=CC=CCCC=CC=CC(=O)NCC(C)C	KVUKDCFEXVWYBN-FMBIJHKPSA-N	C/C=C/C=C/C=C/CC/C=C/C=C/C(=O)NCC(C)C	resolved_by_authoritative_pubchem
5318569	Isoginkgetin	HUOOMAOYXQFIDQ-UHFFFAOYSA-N	COC1=CC=C(C=C1)C2=CC(=O)C3=C(O2)C(=C(C=C3O)O)C4=C(C=CC(=C4)C5=CC(=O)C6=C(C=C(C=C6O5)O)O)OC	True	HUOOMAOYXQFIDQ-UHFFFAOYSA-N	COc1ccc(-c2cc(=O)c3c(O)cc(O)c(-c4cc(-c5cc(=O)c6c(O)cc(O)cc6o5)ccc4OC)c3o2)cc1	HUOOMAOYXQFIDQ-UHFFFAOYSA-N	COc1ccc(-c2cc(=O)c3c(O)cc(O)c(-c4cc(-c5cc(=O)c6c(O)cc(O)cc6o5)ccc4OC)c3o2)cc1	resolved_by_authoritative_pubchem
5318965	(Z)-N-[2-(3,4-dimethoxyphenyl)ethyl]-N-methyl-3-phenylprop-2-enamide	FXPCTDSVAYDNFM-BENRWUELSA-N	CN(CCC1=CC(=C(C=C1)OC)OC)C(=O)/C=C\C2=CC=CC=C2	True	FXPCTDSVAYDNFM-BENRWUELSA-N	COc1ccc(CCN(C)C(=O)C=Cc2ccccc2)cc1OC	FXPCTDSVAYDNFM-BENRWUELSA-N	COc1ccc(CCN(C)C(=O)/C=C\c2ccccc2)cc1OC	resolved_by_authoritative_pubchem
5318997	Icariin	TZJALUIVHRYQQB-XLRXWWTNSA-N	C[C@H]1[C@@H]([C@H]([C@H]([C@@H](O1)OC2=C(OC3=C(C2=O)C(=CC(=C3CC=C(C)C)O[C@H]4[C@@H]([C@H]([C@@H]([C@H](O4)CO)O)O)O)O)C5=CC=C(C=C5)OC)O)O)O	True	TZJALUIVHRYQQB-XLRXWWTNSA-N	COc1ccc(-c2oc3c(CC=C(C)C)c(OC4OC(CO)C(O)C(O)C4O)cc(O)c3c(=O)c2OC2OC(C)C(O)C(O)C2O)cc1	TZJALUIVHRYQQB-XLRXWWTNSA-N	COc1ccc(-c2oc3c(CC=C(C)C)c(O[C@@H]4O[C@H](CO)[C@@H](O)[C@H](O)[C@H]4O)cc(O)c3c(=O)c2O[C@@H]2O[C@@H](C)[C@H](O)[C@@H](O)[C@H]2O)cc1	resolved_by_authoritative_pubchem
5318998	Licochalcone A	KAZSKMJFUPEHHW-DHZHZOJOSA-N	CC(C)(C=C)C1=C(C=C(C(=C1)/C=C/C(=O)C2=CC=C(C=C2)O)OC)O	True	KAZSKMJFUPEHHW-DHZHZOJOSA-N	C=CC(C)(C)c1cc(C=CC(=O)c2ccc(O)cc2)c(OC)cc1O	KAZSKMJFUPEHHW-DHZHZOJOSA-N	C=CC(C)(C)c1cc(/C=C/C(=O)c2ccc(O)cc2)c(OC)cc1O	resolved_by_authoritative_pubchem
5319487	19-Methoxy-3,13,21-triazapentacyclo[11.8.0.02,10.04,9.015,20]henicosa-1(21),2(10),4,6,8,15(20),16,18-octaen-14-one	HUQHSJJIKVPMHA-UHFFFAOYSA-N	COC1=CC=CC2=C1N=C3C4=C(CCN3C2=O)C5=CC=CC=C5N4	True	HUQHSJJIKVPMHA-UHFFFAOYSA-N	COc1cccc2c(=O)n3c(nc12)-c1[nH]c2ccccc2c1CC3	HUQHSJJIKVPMHA-UHFFFAOYSA-N	COc1cccc2c(=O)n3c(nc12)-c1[nH]c2ccccc2c1CC3	resolved_by_authoritative_pubchem
5319925	Cudraflavone B	XIWCDUHPYMOFIL-UHFFFAOYSA-N	CC(=CCC1=C(OC2=CC3=C(C=CC(O3)(C)C)C(=C2C1=O)O)C4=C(C=C(C=C4)O)O)C	True	XIWCDUHPYMOFIL-UHFFFAOYSA-N	CC(C)=CCc1c(-c2ccc(O)cc2O)oc2cc3c(c(O)c2c1=O)C=CC(C)(C)O3	XIWCDUHPYMOFIL-UHFFFAOYSA-N	CC(C)=CCc1c(-c2ccc(O)cc2O)oc2cc3c(c(O)c2c1=O)C=CC(C)(C)O3	resolved_by_authoritative_pubchem
5320621	Piperlonguminine	WHAAPCGHVWVUEX-GGWOSOGESA-N	CC(C)CNC(=O)/C=C/C=C/C1=CC2=C(C=C1)OCO2	True	WHAAPCGHVWVUEX-GGWOSOGESA-N	CC(C)CNC(=O)C=CC=Cc1ccc2c(c1)OCO2	WHAAPCGHVWVUEX-GGWOSOGESA-N	CC(C)CNC(=O)/C=C/C=C/c1ccc2c(c1)OCO2	resolved_by_authoritative_pubchem
5321844	Tetrahydrobungeanool	GJDPGFHVEKFXEZ-SQIWNDBBSA-N	CCCCCCCCC/C=C/C=C/C(=O)NCC(C)(C)O	True	GJDPGFHVEKFXEZ-SQIWNDBBSA-N	CCCCCCCCCC=CC=CC(=O)NCC(C)(C)O	GJDPGFHVEKFXEZ-SQIWNDBBSA-N	CCCCCCCCC/C=C/C=C/C(=O)NCC(C)(C)O	resolved_by_authoritative_pubchem
5356544	Peruviol	FQTLCLSUCSAZDY-QKXCFHHRSA-N	CC(=CCC/C(=C\CC[C@@](C)(C=C)O)/C)C	True	FQTLCLSUCSAZDY-QKXCFHHRSA-N	C=CC(C)(O)CCC=C(C)CCC=C(C)C	FQTLCLSUCSAZDY-QKXCFHHRSA-N	C=C[C@@](C)(O)CC/C=C(/C)CCC=C(C)C	resolved_by_authoritative_pubchem
5364497	13-Octadecenal, (13Z)-	QIRGIHPYVVKWTO-WAYWQWQTSA-N	CCCC/C=C\CCCCCCCCCCCC=O	True	QIRGIHPYVVKWTO-WAYWQWQTSA-N	CCCCC=CCCCCCCCCCCCC=O	QIRGIHPYVVKWTO-WAYWQWQTSA-N	CCCC/C=C\CCCCCCCCCCCC=O	resolved_by_authoritative_pubchem
5372162	Pipercide	RPOYGOULCHMVBB-ADDDGJNWSA-N	CC(C)CNC(=O)/C=C/C=C/CCCC/C=C/C1=CC2=C(C=C1)OCO2	True	RPOYGOULCHMVBB-ADDDGJNWSA-N	CC(C)CNC(=O)C=CC=CCCCCC=Cc1ccc2c(c1)OCO2	RPOYGOULCHMVBB-ADDDGJNWSA-N	CC(C)CNC(=O)/C=C/C=C/CCCC/C=C/c1ccc2c(c1)OCO2	resolved_by_authoritative_pubchem
5372945	Paprazine	RXGUTQNKCXHALN-BJMVGYQFSA-N	C1=CC(=CC=C1CCNC(=O)/C=C/C2=CC=C(C=C2)O)O	True	RXGUTQNKCXHALN-BJMVGYQFSA-N	O=C(C=Cc1ccc(O)cc1)NCCc1ccc(O)cc1	RXGUTQNKCXHALN-BJMVGYQFSA-N	O=C(/C=C/c1ccc(O)cc1)NCCc1ccc(O)cc1	resolved_by_authoritative_pubchem
5464156	(-)-Lavandulol	CZVXBFUKBZRMKR-JTQLQIEISA-N	CC(=CC[C@@H](CO)C(=C)C)C	True	CZVXBFUKBZRMKR-JTQLQIEISA-N	C=C(C)C(CO)CC=C(C)C	CZVXBFUKBZRMKR-JTQLQIEISA-N	C=C(C)[C@H](CO)CC=C(C)C	resolved_by_authoritative_pubchem
5481663	Narcissin	UIDGLYUNOUKLBM-GEBJFKNCSA-N	C[C@H]1[C@@H]([C@H]([C@H]([C@@H](O1)OC[C@@H]2[C@H]([C@@H]([C@H]([C@@H](O2)OC3=C(OC4=CC(=CC(=C4C3=O)O)O)C5=CC(=C(C=C5)O)OC)O)O)O)O)O)O	True	UIDGLYUNOUKLBM-GEBJFKNCSA-N	COc1cc(-c2oc3cc(O)cc(O)c3c(=O)c2OC2OC(COC3OC(C)C(O)C(O)C3O)C(O)C(O)C2O)ccc1O	UIDGLYUNOUKLBM-GEBJFKNCSA-N	COc1cc(-c2oc3cc(O)cc(O)c3c(=O)c2O[C@@H]2O[C@H](CO[C@@H]3O[C@@H](C)[C@H](O)[C@@H](O)[C@H]3O)[C@@H](O)[C@H](O)[C@H]2O)ccc1O	resolved_by_authoritative_pubchem
5481949	Gancaonin H	CCUZOQMNQONIMX-UHFFFAOYSA-N	CC(=CCC1=C(C2=C(C=C1O)OC=C(C2=O)C3=CC4=C(C(=C3)O)OC(C=C4)(C)C)O)C	True	CCUZOQMNQONIMX-UHFFFAOYSA-N	CC(C)=CCc1c(O)cc2occ(-c3cc(O)c4c(c3)C=CC(C)(C)O4)c(=O)c2c1O	CCUZOQMNQONIMX-UHFFFAOYSA-N	CC(C)=CCc1c(O)cc2occ(-c3cc(O)c4c(c3)C=CC(C)(C)O4)c(=O)c2c1O	resolved_by_authoritative_pubchem
5481965	Topazolin	VVXGFIWLFZMBCJ-UHFFFAOYSA-N	CC(=CCC1=C(C2=C(C=C1O)OC(=C(C2=O)OC)C3=CC=C(C=C3)O)O)C	True	VVXGFIWLFZMBCJ-UHFFFAOYSA-N	COc1c(-c2ccc(O)cc2)oc2cc(O)c(CC=C(C)C)c(O)c2c1=O	VVXGFIWLFZMBCJ-UHFFFAOYSA-N	COc1c(-c2ccc(O)cc2)oc2cc(O)c(CC=C(C)C)c(O)c2c1=O	resolved_by_authoritative_pubchem
6324916	10-O-Acetylgeniposide	LOXQKSBAJJTUOX-BZDYRZRUSA-N	CC(=O)OCC1=CC[C@H]2[C@@H]1[C@@H](OC=C2C(=O)OC)O[C@H]3[C@@H]([C@H]([C@@H]([C@H](O3)CO)O)O)O	True	LOXQKSBAJJTUOX-BZDYRZRUSA-N	COC(=O)C1=COC(OC2OC(CO)C(O)C(O)C2O)C2C(COC(C)=O)=CCC12	LOXQKSBAJJTUOX-BZDYRZRUSA-N	COC(=O)C1=CO[C@@H](O[C@@H]2O[C@H](CO)[C@@H](O)[C@H](O)[C@H]2O)[C@@H]2C(COC(C)=O)=CC[C@H]12	resolved_by_authoritative_pubchem
6325021	Deacetyl asperulosidic acid methyl ester	WSGPLSDARZNMCW-FCVLBCLDSA-N	COC(=O)C1=CO[C@H]([C@H]2[C@@H]1[C@H](C=C2CO)O)O[C@H]3[C@@H]([C@H]([C@@H]([C@H](O3)CO)O)O)O	True	WSGPLSDARZNMCW-FCVLBCLDSA-N	COC(=O)C1=COC(OC2OC(CO)C(O)C(O)C2O)C2C(CO)=CC(O)C12	WSGPLSDARZNMCW-FCVLBCLDSA-N	COC(=O)C1=CO[C@@H](O[C@@H]2O[C@H](CO)[C@@H](O)[C@H](O)[C@H]2O)[C@@H]2C(CO)=C[C@H](O)[C@H]12	resolved_by_authoritative_pubchem
6419931	L-5-methylhydantoin	VMAQYKGITHDWKL-REOHCLBHSA-N	C[C@H]1C(=O)NC(=O)N1	True	VMAQYKGITHDWKL-REOHCLBHSA-N	CC1NC(=O)NC1=O	VMAQYKGITHDWKL-REOHCLBHSA-N	C[C@@H]1NC(=O)NC1=O	resolved_by_authoritative_pubchem
6432308	(1R,4aR,8aS)-1-Isopropyl-7-methyl-4-methylene-1,2,3,4,4a,5,6,8a-octahydronaphthalene	WRHGORWNJGOVQY-QLFBSQMISA-N	CC1=C[C@H]2[C@@H](CC1)C(=C)CC[C@@H]2C(C)C	True	WRHGORWNJGOVQY-QLFBSQMISA-N	C=C1CCC(C(C)C)C2C=C(C)CCC12	WRHGORWNJGOVQY-QLFBSQMISA-N	C=C1CC[C@H](C(C)C)[C@H]2C=C(C)CC[C@@H]12	resolved_by_authoritative_pubchem
6439848	Eicosadienoic Acid	XSXIVVZCUAHUJO-HZJYTTRNSA-N	CCCCC/C=C\C/C=C\CCCCCCCCCC(=O)O	True	XSXIVVZCUAHUJO-HZJYTTRNSA-N	CCCCCC=CCC=CCCCCCCCCCC(=O)O	XSXIVVZCUAHUJO-HZJYTTRNSA-N	CCCCC/C=C\C/C=C\CCCCCCCCCC(=O)O	resolved_by_authoritative_pubchem
6443006	Dodecatetraenoic acid isobutylamide, (2E,4E)-	BBRMJCAPNGJKEM-AQASXUMVSA-N	CCCCCCC/C=C/C=C/C(=O)NCC(C)C	True	BBRMJCAPNGJKEM-AQASXUMVSA-N	CCCCCCCC=CC=CC(=O)NCC(C)C	BBRMJCAPNGJKEM-AQASXUMVSA-N	CCCCCCC/C=C/C=C/C(=O)NCC(C)C	resolved_by_authoritative_pubchem
6912026	Pyrene-d10	BBEAQIROQSPTKN-LHNTUAQVSA-N	[2H]C1=C(C2=C3C(=C1[2H])C(=C(C4=C(C(=C(C(=C43)C(=C2[2H])[2H])[2H])[2H])[2H])[2H])[2H])[2H]	True	BBEAQIROQSPTKN-LHNTUAQVSA-N	[H]c1c([H])c2c([H])c([H])c3c([H])c([H])c([H])c4c([H])c([H])c(c1[H])c2c34	BBEAQIROQSPTKN-LHNTUAQVSA-N	[2H]c1c([2H])c2c([2H])c([2H])c3c([2H])c([2H])c([2H])c4c([2H])c([2H])c(c1[2H])c2c34	resolved_by_authoritative_pubchem
6992099	4-Ammoniobutanoate	BTCSSZJGUNDROE-UHFFFAOYSA-N	C(CC(=O)[O-])C[NH3+]	True	BTCSSZJGUNDROE-UHFFFAOYSA-N	[NH3+]CCCC(=O)[O-]	BTCSSZJGUNDROE-UHFFFAOYSA-N	[NH3+]CCCC(=O)[O-]	resolved_by_authoritative_pubchem
7059437	Trifluridine Impurity 25	DRTQHJPVMGBUCF-MLQRGLMKSA-N	C1=CN(C(=O)NC1=O)[C@H]2[C@@H]([C@@H]([C@@H](O2)CO)O)O	True	DRTQHJPVMGBUCF-MLQRGLMKSA-N	O=c1ccn(C2OC(CO)C(O)C2O)c(=O)[nH]1	DRTQHJPVMGBUCF-MLQRGLMKSA-N	O=c1ccn([C@@H]2O[C@@H](CO)[C@@H](O)[C@H]2O)c(=O)[nH]1	resolved_by_authoritative_pubchem
9799386	3-O-Feruloylquinic acid	RAGZUCNPTLULOL-KJJWLSQTSA-N	COC1=C(C=CC(=C1)/C=C/C(=O)O[C@@H]2C[C@@](C[C@H]([C@H]2O)O)(C(=O)O)O)O	True	RAGZUCNPTLULOL-KJJWLSQTSA-N	COc1cc(C=CC(=O)OC2CC(O)(C(=O)O)CC(O)C2O)ccc1O	RAGZUCNPTLULOL-KJJWLSQTSA-N	COc1cc(/C=C/C(=O)O[C@@H]2C[C@](O)(C(=O)O)C[C@@H](O)[C@H]2O)ccc1O	resolved_by_authoritative_pubchem
9928523	(2S)-Isoxanthohumol	YKGCBLWILMDSAV-SFHVURJKSA-N	CC(=CCC1=C2C(=C(C=C1O)OC)C(=O)C[C@H](O2)C3=CC=C(C=C3)O)C	True	YKGCBLWILMDSAV-SFHVURJKSA-N	COc1cc(O)c(CC=C(C)C)c2c1C(=O)CC(c1ccc(O)cc1)O2	YKGCBLWILMDSAV-SFHVURJKSA-N	COc1cc(O)c(CC=C(C)C)c2c1C(=O)C[C@@H](c1ccc(O)cc1)O2	resolved_by_authoritative_pubchem
9982511	Cirrhopetalanthin	CNLFNDMTGHNGIV-UHFFFAOYSA-N	COC1=C2C3=C(C=CC2=C(C(=C1)O)C4=C5C=CC6=C(C5=C(C=C4O)OC)C=CC(=C6)O)C=C(C=C3)O	True	CNLFNDMTGHNGIV-UHFFFAOYSA-N	COc1cc(O)c(-c2c(O)cc(OC)c3c2ccc2cc(O)ccc23)c2ccc3cc(O)ccc3c12	CNLFNDMTGHNGIV-UHFFFAOYSA-N	COc1cc(O)c(-c2c(O)cc(OC)c3c2ccc2cc(O)ccc23)c2ccc3cc(O)ccc3c12	resolved_by_authoritative_pubchem
10098048	ganodermic acid B	LWPLEHFGBRFRKI-BBFKVXDGSA-N	C[C@H](CC(=O)CC(C)C(=O)O)[C@H]1CC(=O)[C@@]2([C@@]1(CC(=O)C3=C2[C@H](C[C@@H]4[C@@]3(CC[C@@H](C4(C)C)O)C)O)C)C	True	LWPLEHFGBRFRKI-BBFKVXDGSA-N	CC(CC(=O)CC(C)C1CC(=O)C2(C)C3=C(C(=O)CC12C)C1(C)CCC(O)C(C)(C)C1CC3O)C(=O)O	LWPLEHFGBRFRKI-BBFKVXDGSA-N	CC(CC(=O)C[C@@H](C)[C@H]1CC(=O)[C@@]2(C)C3=C(C(=O)C[C@]12C)[C@@]1(C)CC[C@H](O)C(C)(C)[C@@H]1C[C@@H]3O)C(=O)O	resolved_by_authoritative_pubchem
10220912	Hydroxy-Beta-Sanshool	LHFKHAVGGJJQFF-UMYNZBAMSA-N	C/C=C/C=C/C=C/CC/C=C/C(=O)NCC(C)(C)O	True	LHFKHAVGGJJQFF-UMYNZBAMSA-N	CC=CC=CC=CCCC=CC(=O)NCC(C)(C)O	LHFKHAVGGJJQFF-UMYNZBAMSA-N	C/C=C/C=C/C=C/CC/C=C/C(=O)NCC(C)(C)O	resolved_by_authoritative_pubchem
10246505	Licoflavone C	MEHHCBRCXIDGKZ-UHFFFAOYSA-N	CC(=CCC1=C2C(=C(C=C1O)O)C(=O)C=C(O2)C3=CC=C(C=C3)O)C	True	MEHHCBRCXIDGKZ-UHFFFAOYSA-N	CC(C)=CCc1c(O)cc(O)c2c(=O)cc(-c3ccc(O)cc3)oc12	MEHHCBRCXIDGKZ-UHFFFAOYSA-N	CC(C)=CCc1c(O)cc(O)c2c(=O)cc(-c3ccc(O)cc3)oc12	resolved_by_authoritative_pubchem
10481601	(2S,6R)-6-[(5R,7S,10S,13R,14R,17R)-7-hydroxy-4,4,10,13,14-pentamethyl-3,11,15-trioxo-1,2,5,6,7,12,16,17-octahydrocyclopenta[a]phenanthren-17-yl]-2-methyl-4-oxoheptanoic acid	YTVGSCZIHGRVAV-YQKBFJOXSA-N	C[C@H](CC(=O)C[C@H](C)C(=O)O)[C@H]1CC(=O)[C@@]2([C@@]1(CC(=O)C3=C2[C@H](C[C@@H]4[C@@]3(CCC(=O)C4(C)C)C)O)C)C	True	YTVGSCZIHGRVAV-YQKBFJOXSA-N	CC(CC(=O)CC(C)C1CC(=O)C2(C)C3=C(C(=O)CC12C)C1(C)CCC(=O)C(C)(C)C1CC3O)C(=O)O	YTVGSCZIHGRVAV-YQKBFJOXSA-N	C[C@H](CC(=O)C[C@H](C)C(=O)O)[C@H]1CC(=O)[C@@]2(C)C3=C(C(=O)C[C@]12C)[C@@]1(C)CCC(=O)C(C)(C)[C@@H]1C[C@@H]3O	resolved_by_authoritative_pubchem
10744450	(2S,8S,9R,10R,13R,14S,16R,17R)-17-[(E,2S)-2,6-dihydroxy-6-methyl-3-oxohept-4-en-2-yl]-2,16-dihydroxy-4,4,9,13,14-pentamethyl-2,7,8,10,12,15,16,17-octahydro-1H-cyclopenta[a]phenanthrene-3,11-dione	SRPHMISUTWFFKJ-MKSGFSFGSA-N	C[C@@]12C[C@H]([C@@H]([C@]1(CC(=O)[C@@]3([C@H]2CC=C4[C@H]3C[C@@H](C(=O)C4(C)C)O)C)C)[C@@](C)(C(=O)/C=C/C(C)(C)O)O)O	True	SRPHMISUTWFFKJ-MKSGFSFGSA-N	CC(C)(O)C=CC(=O)C(C)(O)C1C(O)CC2(C)C3CC=C4C(CC(O)C(=O)C4(C)C)C3(C)C(=O)CC12C	SRPHMISUTWFFKJ-MKSGFSFGSA-N	CC(C)(O)/C=C/C(=O)[C@@](C)(O)[C@H]1[C@H](O)C[C@@]2(C)[C@@H]3CC=C4[C@@H](C[C@H](O)C(=O)C4(C)C)[C@]3(C)C(=O)C[C@]12C	resolved_by_authoritative_pubchem
10908841	(Z)-Aldosecologanin (Centauroside)	MWLKXILGJPSPKZ-LWSBBEHMSA-N	COC(=O)C1=CO[C@H]([C@@H]([C@@H]1C/C=C(\C=O)/[C@H]2[C@H]([C@@H](OC=C2C(=O)OC)O[C@H]3[C@@H]([C@H]([C@@H]([C@H](O3)CO)O)O)O)C=C)C=C)O[C@H]4[C@@H]([C@H]([C@@H]([C@H](O4)CO)O)O)O	True	MWLKXILGJPSPKZ-LWSBBEHMSA-N	C=CC1C(OC2OC(CO)C(O)C(O)C2O)OC=C(C(=O)OC)C1CC=C(C=O)C1C(C(=O)OC)=COC(OC2OC(CO)C(O)C(O)C2O)C1C=C	MWLKXILGJPSPKZ-LWSBBEHMSA-N	C=C[C@H]1[C@H](O[C@@H]2O[C@H](CO)[C@@H](O)[C@H](O)[C@H]2O)OC=C(C(=O)OC)[C@H]1C/C=C(\C=O)[C@@H]1C(C(=O)OC)=CO[C@@H](O[C@@H]2O[C@H](CO)[C@@H](O)[C@H](O)[C@H]2O)[C@@H]1C=C	resolved_by_authoritative_pubchem
10970376	Corymbosin	FLCVGMVLNHYJAW-UHFFFAOYSA-N	COC1=CC(=C2C(=C1)OC(=CC2=O)C3=CC(=C(C(=C3)OC)OC)OC)O	True	FLCVGMVLNHYJAW-UHFFFAOYSA-N	COc1cc(O)c2c(=O)cc(-c3cc(OC)c(OC)c(OC)c3)oc2c1	FLCVGMVLNHYJAW-UHFFFAOYSA-N	COc1cc(O)c2c(=O)cc(-c3cc(OC)c(OC)c(OC)c3)oc2c1	resolved_by_authoritative_pubchem
11266523	Cardanol	JOLVYUIAMRUBRK-UTOQUPLUSA-N	C=CC/C=C\C/C=C\CCCCCCCC1=CC(=CC=C1)O	True	JOLVYUIAMRUBRK-UTOQUPLUSA-N	C=CCC=CCC=CCCCCCCCc1cccc(O)c1	JOLVYUIAMRUBRK-UTOQUPLUSA-N	C=CC/C=C\C/C=C\CCCCCCCc1cccc(O)c1	resolved_by_authoritative_pubchem
11349817	Licoflavone B	GLDVIKFETPAZNV-UHFFFAOYSA-N	CC(=CCC1=CC2=C(C=C1O)OC(=CC2=O)C3=CC(=C(C=C3)O)CC=C(C)C)C	True	GLDVIKFETPAZNV-UHFFFAOYSA-N	CC(C)=CCc1cc(-c2cc(=O)c3cc(CC=C(C)C)c(O)cc3o2)ccc1O	GLDVIKFETPAZNV-UHFFFAOYSA-N	CC(C)=CCc1cc(-c2cc(=O)c3cc(CC=C(C)C)c(O)cc3o2)ccc1O	resolved_by_authoritative_pubchem
11546269	Glycyrrhizol A	CBPFOSMNDISZLV-UHFFFAOYSA-N	CC(=CCC1=CC2=C(C=C1O)OC3=C2COC4=C3C(=C(C(=C4)O)CC=C(C)C)OC)C	True	CBPFOSMNDISZLV-UHFFFAOYSA-N	COc1c(CC=C(C)C)c(O)cc2c1-c1oc3cc(O)c(CC=C(C)C)cc3c1CO2	CBPFOSMNDISZLV-UHFFFAOYSA-N	COc1c(CC=C(C)C)c(O)cc2c1-c1oc3cc(O)c(CC=C(C)C)cc3c1CO2	resolved_by_authoritative_pubchem
11556931	Platycoside L	NVFXXKZKCWJLMJ-TUGXMJRRSA-N	C[C@@]12CC[C@@H]3[C@@]([C@H]1CC=C4[C@]2(C[C@H]([C@@]5([C@H]4CC(CC5)(C)C)C(=O)O)O)C)(C[C@@H]([C@@H](C3(CO)CO)O[C@H]6[C@@H]([C@H]([C@@H]([C@H](O6)CO[C@H]7[C@@H]([C@H]([C@@H]([C@H](O7)CO)O)O)O)O)O)O)O)C	True	NVFXXKZKCWJLMJ-TUGXMJRRSA-N	CC1(C)CCC2(C(=O)O)C(O)CC3(C)C(=CCC4C5(C)CC(O)C(OC6OC(COC7OC(CO)C(O)C(O)C7O)C(O)C(O)C6O)C(CO)(CO)C5CCC43C)C2C1	NVFXXKZKCWJLMJ-TUGXMJRRSA-N	CC1(C)CC[C@]2(C(=O)O)[C@H](O)C[C@]3(C)C(=CC[C@@H]4[C@@]5(C)C[C@H](O)[C@H](O[C@@H]6O[C@H](CO[C@@H]7O[C@H](CO)[C@@H](O)[C@H](O)[C@H]7O)[C@@H](O)[C@H](O)[C@H]6O)C(CO)(CO)[C@@H]5CC[C@]43C)[C@@H]2C1	resolved_by_authoritative_pubchem
11600642	Danshensu	PAFLSMZLRSPALU-MRVPVSSYSA-N	C1=CC(=C(C=C1C[C@H](C(=O)O)O)O)O	True	PAFLSMZLRSPALU-MRVPVSSYSA-N	O=C(O)C(O)Cc1ccc(O)c(O)c1	PAFLSMZLRSPALU-MRVPVSSYSA-N	O=C(O)[C@H](O)Cc1ccc(O)c(O)c1	resolved_by_authoritative_pubchem
11679800	Ginsenoside Rd	RLDVZILFNVRJTL-IWFVLDDISA-N	CC(=CCC[C@@](C)([C@H]1CC[C@@]2([C@@H]1[C@@H](C[C@H]3[C@]2(CC[C@@H]4[C@@]3(CC[C@@H](C4(C)C)O[C@H]5[C@@H]([C@H]([C@@H]([C@H](O5)CO)O)O)O[C@H]6[C@@H]([C@H]([C@@H]([C@H](O6)CO)O)O)O)C)C)O)C)O[C@H]7[C@@H]([C@H]([C@@H]([C@H](O7)CO)O)O)O)C	True	RLDVZILFNVRJTL-IWFVLDDISA-N	CC(C)=CCCC(C)(OC1OC(CO)C(O)C(O)C1O)C1CCC2(C)C1C(O)CC1C3(C)CCC(OC4OC(CO)C(O)C(O)C4OC4OC(CO)C(O)C(O)C4O)C(C)(C)C3CCC12C	RLDVZILFNVRJTL-IWFVLDDISA-N	CC(C)=CCC[C@](C)(O[C@@H]1O[C@H](CO)[C@@H](O)[C@H](O)[C@H]1O)[C@H]1CC[C@]2(C)[C@@H]1[C@H](O)C[C@@H]1[C@@]3(C)CC[C@H](O[C@@H]4O[C@H](CO)[C@@H](O)[C@H](O)[C@H]4O[C@@H]4O[C@H](CO)[C@@H](O)[C@H](O)[C@H]4O)C(C)(C)[C@@H]3CC[C@]12C	resolved_by_authoritative_pubchem
11725801	Sauchinone	GMTJIWUFFXGFHH-WPAOEJHSSA-N	C[C@@H]1C[C@@H]2[C@H]3[C@@H]([C@H]1C)C4=CC5=C(C=C4O[C@@]36C(=CC2=O)OCO6)OCO5	True	GMTJIWUFFXGFHH-WPAOEJHSSA-N	CC1CC2C(=O)C=C3OCOC34Oc3cc5c(cc3C(C1C)C24)OCO5	GMTJIWUFFXGFHH-WPAOEJHSSA-N	C[C@@H]1[C@H]2c3cc4c(cc3O[C@@]35OCOC3=CC(=O)[C@H](C[C@H]1C)[C@@H]25)OCO4	resolved_by_authoritative_pubchem
11736507	10alpha-Hydroperoxy-guaia-1,11-diene	WVEJIBNZNZLFEF-SFDCQRBFSA-N	C[C@H]1CC=C2[C@H]1C[C@@H](CC[C@@]2(C)OO)C(=C)C	True	WVEJIBNZNZLFEF-SFDCQRBFSA-N	C=C(C)C1CCC(C)(OO)C2=CCC(C)C2C1	WVEJIBNZNZLFEF-SFDCQRBFSA-N	C=C(C)[C@@H]1CC[C@@](C)(OO)C2=CC[C@H](C)[C@@H]2C1	resolved_by_authoritative_pubchem
11962143	Tachioside	KWVHACHAQJFTLZ-UJPOAAIJSA-N	COC1=C(C=CC(=C1)O[C@H]2[C@@H]([C@H]([C@@H]([C@H](O2)CO)O)O)O)O	True	KWVHACHAQJFTLZ-UJPOAAIJSA-N	COc1cc(OC2OC(CO)C(O)C(O)C2O)ccc1O	KWVHACHAQJFTLZ-UJPOAAIJSA-N	COc1cc(O[C@@H]2O[C@H](CO)[C@@H](O)[C@H](O)[C@H]2O)ccc1O	resolved_by_authoritative_pubchem
11968794	Nelumboside	RFPZGZUMXXMVEL-UBSYNHCDSA-N	C1=CC(=C(C=C1C2=C(C(=O)C3=C(C=C(C=C3O2)O)O)O[C@H]4[C@@H]([C@H]([C@@H]([C@H](O4)C(=O)O)O[C@H]5[C@@H]([C@H]([C@@H]([C@H](O5)CO)O)O)O)O)O)O)O	True	RFPZGZUMXXMVEL-UBSYNHCDSA-N	O=C(O)C1OC(Oc2c(-c3ccc(O)c(O)c3)oc3cc(O)cc(O)c3c2=O)C(O)C(O)C1OC1OC(CO)C(O)C(O)C1O	RFPZGZUMXXMVEL-UBSYNHCDSA-N	O=C(O)[C@H]1O[C@@H](Oc2c(-c3ccc(O)c(O)c3)oc3cc(O)cc(O)c3c2=O)[C@H](O)[C@@H](O)[C@@H]1O[C@@H]1O[C@H](CO)[C@@H](O)[C@H](O)[C@H]1O	resolved_by_authoritative_pubchem
11972479	Torachrysone 8-O-Glucoside	GHKWPHRULCFTBB-CZNQJBLBSA-N	CC1=CC2=CC(=CC(=C2C(=C1C(=O)C)O)O[C@H]3[C@@H]([C@H]([C@@H]([C@H](O3)CO)O)O)O)OC	True	GHKWPHRULCFTBB-CZNQJBLBSA-N	COc1cc(OC2OC(CO)C(O)C(O)C2O)c2c(O)c(C(C)=O)c(C)cc2c1	GHKWPHRULCFTBB-CZNQJBLBSA-N	COc1cc(O[C@@H]2O[C@H](CO)[C@@H](O)[C@H](O)[C@H]2O)c2c(O)c(C(C)=O)c(C)cc2c1	resolved_by_authoritative_pubchem
11982685	(1R,4E,9S)-11,11-dimethyl-8-methylidenebicyclo[7.2.0]undec-4-ene	NSBBNKZXPXCEKG-IJWDBEHRSA-N	CC1(C[C@H]2[C@H]1CC/C=C/CCC2=C)C	True	NSBBNKZXPXCEKG-IJWDBEHRSA-N	C=C1CCC=CCCC2C1CC2(C)C	NSBBNKZXPXCEKG-IJWDBEHRSA-N	C=C1CC/C=C/CC[C@@H]2[C@@H]1CC2(C)C	resolved_by_authoritative_pubchem
12303287	Citromitin	LTRBUBSPQISFFL-UHFFFAOYSA-N	COC1=C(C=C(C=C1)C2CC(=O)C3=C(O2)C(=C(C(=C3OC)OC)OC)OC)OC	True	LTRBUBSPQISFFL-UHFFFAOYSA-N	COc1ccc(C2CC(=O)c3c(OC)c(OC)c(OC)c(OC)c3O2)cc1OC	LTRBUBSPQISFFL-UHFFFAOYSA-N	COc1ccc(C2CC(=O)c3c(OC)c(OC)c(OC)c(OC)c3O2)cc1OC	resolved_by_authoritative_pubchem
12305517	11-Deoxyglycyrrhetinic Acid	JZFSMVXQUWRSIW-BTJIZOSBSA-N	C[C@]12CC[C@](C[C@H]1C3=CC[C@@H]4[C@]5(CC[C@@H](C([C@@H]5CC[C@]4([C@@]3(CC2)C)C)(C)C)O)C)(C)C(=O)O	True	JZFSMVXQUWRSIW-BTJIZOSBSA-N	CC1(C(=O)O)CCC2(C)CCC3(C)C(=CCC4C5(C)CCC(O)C(C)(C)C5CCC43C)C2C1	JZFSMVXQUWRSIW-BTJIZOSBSA-N	CC1(C)[C@@H](O)CC[C@]2(C)[C@H]3CC=C4[C@@H]5C[C@@](C)(C(=O)O)CC[C@]5(C)CC[C@@]4(C)[C@]3(C)CC[C@@H]12	resolved_by_authoritative_pubchem
12310283	30-Hydroxy-11-oxo-beta-amyrin	JCGXIYQLRYPHDG-DQOTWGJISA-N	C[C@]12CC[C@](C[C@H]1C3=CC(=O)[C@@H]4[C@]5(CC[C@@H](C([C@@H]5CC[C@]4([C@@]3(CC2)C)C)(C)C)O)C)(C)CO	True	JCGXIYQLRYPHDG-DQOTWGJISA-N	CC1(CO)CCC2(C)CCC3(C)C(=CC(=O)C4C5(C)CCC(O)C(C)(C)C5CCC43C)C2C1	JCGXIYQLRYPHDG-DQOTWGJISA-N	CC1(C)[C@@H](O)CC[C@]2(C)[C@H]3C(=O)C=C4[C@@H]5C[C@@](C)(CO)CC[C@]5(C)CC[C@@]4(C)[C@]3(C)CC[C@@H]12	resolved_by_authoritative_pubchem
12310830	(1R,3S,4S,5S)-3-((E)-3-(3,4-Dihydroxyphenyl)Acryloyloxy)-1,4,5-Trihydroxycyclohexanecarboxylic Acid	CWVRJTMFETXNAD-KJOPMHRFSA-N	C1[C@@H]([C@@H]([C@H](C[C@]1(C(=O)O)O)OC(=O)/C=C/C2=CC(=C(C=C2)O)O)O)O	True	CWVRJTMFETXNAD-KJOPMHRFSA-N	O=C(C=Cc1ccc(O)c(O)c1)OC1CC(O)(C(=O)O)CC(O)C1O	CWVRJTMFETXNAD-KJOPMHRFSA-N	O=C(/C=C/c1ccc(O)c(O)c1)O[C@H]1C[C@@](O)(C(=O)O)C[C@H](O)[C@@H]1O	resolved_by_authoritative_pubchem
12313579	N-Nornuciferine	QQKAHDMMPBQDAC-CQSZACIVSA-N	COC1=C(C2=C3[C@@H](CC4=CC=CC=C42)NCCC3=C1)OC	True	QQKAHDMMPBQDAC-CQSZACIVSA-N	COc1cc2c3c(c1OC)-c1ccccc1CC3NCC2	QQKAHDMMPBQDAC-CQSZACIVSA-N	COc1cc2c3c(c1OC)-c1ccccc1C[C@H]3NCC2	resolved_by_authoritative_pubchem
12313704	Oleanonic Acid	FMIMFCRXYXVFTA-FUAOEXFOSA-N	C[C@]12CCC(=O)C([C@@H]1CC[C@@]3([C@@H]2CC=C4[C@]3(CC[C@@]5([C@H]4CC(CC5)(C)C)C(=O)O)C)C)(C)C	True	FMIMFCRXYXVFTA-FUAOEXFOSA-N	CC1(C)CCC2(C(=O)O)CCC3(C)C(=CCC4C5(C)CCC(=O)C(C)(C)C5CCC43C)C2C1	FMIMFCRXYXVFTA-FUAOEXFOSA-N	CC1(C)CC[C@]2(C(=O)O)CC[C@]3(C)C(=CC[C@@H]4[C@@]5(C)CCC(=O)C(C)(C)[C@@H]5CC[C@]43C)[C@@H]2C1	resolved_by_authoritative_pubchem
12314427	Polygalacic acid	KGGGRGBDMBZXKF-PWFIOIGMSA-N	C[C@@]12CC[C@@H]3[C@@]([C@H]1CC=C4[C@]2(C[C@H]([C@@]5([C@H]4CC(CC5)(C)C)C(=O)O)O)C)(C[C@@H]([C@@H]([C@@]3(C)CO)O)O)C	True	KGGGRGBDMBZXKF-PWFIOIGMSA-N	CC1(C)CCC2(C(=O)O)C(O)CC3(C)C(=CCC4C5(C)CC(O)C(O)C(C)(CO)C5CCC43C)C2C1	KGGGRGBDMBZXKF-PWFIOIGMSA-N	CC1(C)CC[C@]2(C(=O)O)[C@H](O)C[C@]3(C)C(=CC[C@@H]4[C@@]5(C)C[C@H](O)[C@H](O)[C@@](C)(CO)[C@@H]5CC[C@]43C)[C@@H]2C1	resolved_by_authoritative_pubchem
12444386	Arjungenin	IFIQVSCCFRXSJV-NWCCWSSZSA-N	C[C@@]12CC[C@@H]3[C@@]([C@H]1CC=C4[C@]2(CC[C@@]5([C@H]4[C@@H](C(CC5)(C)C)O)C(=O)O)C)(C[C@H]([C@@H]([C@@]3(C)CO)O)O)C	True	IFIQVSCCFRXSJV-NWCCWSSZSA-N	CC1(C)CCC2(C(=O)O)CCC3(C)C(=CCC4C5(C)CC(O)C(O)C(C)(CO)C5CCC43C)C2C1O	IFIQVSCCFRXSJV-NWCCWSSZSA-N	CC1(C)CC[C@]2(C(=O)O)CC[C@]3(C)C(=CC[C@@H]4[C@@]5(C)C[C@@H](O)[C@H](O)[C@@](C)(CO)[C@@H]5CC[C@]43C)[C@@H]2[C@@H]1O	resolved_by_authoritative_pubchem
12773960	Kuwanon-G	APPXYONGBIXGRO-QPFJYYDMSA-N	CC1=C[C@H]([C@@H]([C@H](C1)C2=C(C=C(C=C2)O)O)C(=O)C3=C(C=C(C=C3)O)O)C4=C(C=C(C5=C4OC(=C(C5=O)CC=C(C)C)C6=C(C=C(C=C6)O)O)O)O	True	APPXYONGBIXGRO-QPFJYYDMSA-N	CC(C)=CCc1c(-c2ccc(O)cc2O)oc2c(C3C=C(C)CC(c4ccc(O)cc4O)C3C(=O)c3ccc(O)cc3O)c(O)cc(O)c2c1=O	APPXYONGBIXGRO-QPFJYYDMSA-N	CC(C)=CCc1c(-c2ccc(O)cc2O)oc2c([C@@H]3C=C(C)C[C@H](c4ccc(O)cc4O)[C@H]3C(=O)c3ccc(O)cc3O)c(O)cc(O)c2c1=O	resolved_by_authoritative_pubchem
13326387	Azukisaponin II	OKIHRVKXRCAJFQ-RVAPODRHSA-N	C[C@]12CC[C@@H]([C@]([C@@H]1CC[C@@]3([C@@H]2CC=C4[C@]3(CC[C@@]5([C@H]4CC(C[C@H]5O)(C)C)C)C)C)(C)CO)O[C@H]6[C@@H]([C@H]([C@@H]([C@H](O6)C(=O)O)O)O)O[C@H]7[C@@H]([C@H]([C@@H]([C@H](O7)CO)O)O)O	True	OKIHRVKXRCAJFQ-RVAPODRHSA-N	CC1(C)CC(O)C2(C)CCC3(C)C(=CCC4C5(C)CCC(OC6OC(C(=O)O)C(O)C(O)C6OC6OC(CO)C(O)C(O)C6O)C(C)(CO)C5CCC43C)C2C1	OKIHRVKXRCAJFQ-RVAPODRHSA-N	CC1(C)C[C@@H](O)[C@]2(C)CC[C@]3(C)C(=CC[C@@H]4[C@@]5(C)CC[C@H](O[C@@H]6O[C@H](C(=O)O)[C@@H](O)[C@H](O)[C@H]6O[C@@H]6O[C@H](CO)[C@@H](O)[C@H](O)[C@H]6O)[C@](C)(CO)[C@@H]5CC[C@]43C)[C@@H]2C1	resolved_by_authoritative_pubchem
13336517	Denudatin A	GGRIWHJBFXFKGS-OITMNORJSA-N	C[C@@H]1[C@H](OC2=CC(=O)C(=C[C@@]12OC)CC=C)C3=CC4=C(C=C3)OCO4	True	GGRIWHJBFXFKGS-OITMNORJSA-N	C=CCC1=CC2(OC)C(=CC1=O)OC(c1ccc3c(c1)OCO3)C2C	GGRIWHJBFXFKGS-OITMNORJSA-N	C=CCC1=C[C@]2(OC)C(=CC1=O)O[C@H](c1ccc3c(c1)OCO3)[C@H]2C	resolved_by_authoritative_pubchem
13992211	Majoroside F1	FAJNTKKJVSRNEJ-UHFFFAOYSA-N	CC(=C)C(CCC(C)(C1CCC2(C1C(CC3C2(CCC4C3(CCC(C4(C)C)OC5C(C(C(C(O5)CO)O)O)OC6C(C(C(C(O6)CO)O)O)O)C)C)O)C)OC7C(C(C(C(O7)CO)O)O)O)O	True	FAJNTKKJVSRNEJ-UHFFFAOYSA-N	C=C(C)C(O)CCC(C)(OC1OC(CO)C(O)C(O)C1O)C1CCC2(C)C1C(O)CC1C3(C)CCC(OC4OC(CO)C(O)C(O)C4OC4OC(CO)C(O)C(O)C4O)C(C)(C)C3CCC12C	FAJNTKKJVSRNEJ-UHFFFAOYSA-N	C=C(C)C(O)CCC(C)(OC1OC(CO)C(O)C(O)C1O)C1CCC2(C)C1C(O)CC1C3(C)CCC(OC4OC(CO)C(O)C(O)C4OC4OC(CO)C(O)C(O)C4O)C(C)(C)C3CCC12C	resolved_by_authoritative_pubchem
14131423	(3S)-7-hydroxy-3-(8-hydroxy-2,2-dimethylchromen-6-yl)-5-methoxy-2,3-dihydrochromen-4-one	OTJMSWBNEUNNEW-CQSZACIVSA-N	CC1(C=CC2=C(O1)C(=CC(=C2)[C@H]3COC4=C(C3=O)C(=CC(=C4)O)OC)O)C	True	OTJMSWBNEUNNEW-CQSZACIVSA-N	COc1cc(O)cc2c1C(=O)C(c1cc(O)c3c(c1)C=CC(C)(C)O3)CO2	OTJMSWBNEUNNEW-CQSZACIVSA-N	COc1cc(O)cc2c1C(=O)[C@@H](c1cc(O)c3c(c1)C=CC(C)(C)O3)CO2	resolved_by_authoritative_pubchem
14135319	Bungeanool	HSFPMLIZJAVYHM-GTDPEVRFSA-N	CC/C=C\C/C=C\CC/C=C/C=C/C(=O)NCC(C)(C)O	True	HSFPMLIZJAVYHM-GTDPEVRFSA-N	CCC=CCC=CCCC=CC=CC(=O)NCC(C)(C)O	HSFPMLIZJAVYHM-GTDPEVRFSA-N	CC/C=C\C/C=C\CC/C=C/C=C/C(=O)NCC(C)(C)O	resolved_by_authoritative_pubchem
14162969	Malonyl ginsenoside Rb2	FWCWPAUCBWOOGG-HCSCSRTKSA-N	CC(=CCC[C@@](C)([C@H]1CC[C@@]2([C@@H]1[C@@H](C[C@H]3[C@]2(CC[C@@H]4[C@@]3(CC[C@@H](C4(C)C)O[C@H]5[C@@H]([C@H]([C@@H]([C@H](O5)CO)O)O)O[C@H]6[C@@H]([C@H]([C@@H]([C@H](O6)COC(=O)CC(=O)O)O)O)O)C)C)O)C)O[C@H]7[C@@H]([C@H]([C@@H]([C@H](O7)CO[C@H]8[C@@H]([C@H]([C@H](CO8)O)O)O)O)O)O)C	True	FWCWPAUCBWOOGG-HCSCSRTKSA-N	CC(C)=CCCC(C)(OC1OC(COC2OCC(O)C(O)C2O)C(O)C(O)C1O)C1CCC2(C)C1C(O)CC1C3(C)CCC(OC4OC(CO)C(O)C(O)C4OC4OC(COC(=O)CC(=O)O)C(O)C(O)C4O)C(C)(C)C3CCC12C	FWCWPAUCBWOOGG-HCSCSRTKSA-N	CC(C)=CCC[C@](C)(O[C@@H]1O[C@H](CO[C@@H]2OC[C@H](O)[C@H](O)[C@H]2O)[C@@H](O)[C@H](O)[C@H]1O)[C@H]1CC[C@]2(C)[C@@H]1[C@H](O)C[C@@H]1[C@@]3(C)CC[C@H](O[C@@H]4O[C@H](CO)[C@@H](O)[C@H](O)[C@H]4O[C@@H]4O[C@H](COC(=O)CC(=O)O)[C@@H](O)[C@H](O)[C@H]4O)C(C)(C)[C@@H]3CC[C@]12C	resolved_by_authoritative_pubchem
14237659	2'-Hydroxyisolupalbigenin	VHWHNZUORPFYQI-UHFFFAOYSA-N	CC(=CCC1=C(C=CC(=C1O)C2=COC3=C(C(=CC(=C3C2=O)O)O)CC=C(C)C)O)C	True	VHWHNZUORPFYQI-UHFFFAOYSA-N	CC(C)=CCc1c(O)ccc(-c2coc3c(CC=C(C)C)c(O)cc(O)c3c2=O)c1O	VHWHNZUORPFYQI-UHFFFAOYSA-N	CC(C)=CCc1c(O)ccc(-c2coc3c(CC=C(C)C)c(O)cc(O)c3c2=O)c1O	resolved_by_authoritative_pubchem
14891565	Licoricesaponin G2	WBQVRPYEEYUEBQ-OJVDLISWSA-N	C[C@]12CC[C@](C[C@H]1C3=CC(=O)[C@@H]4[C@]5(CC[C@@H]([C@]([C@@H]5CC[C@]4([C@@]3(CC2)C)C)(C)CO)O[C@H]6[C@@H]([C@H]([C@@H]([C@H](O6)C(=O)O)O)O)O[C@H]7[C@@H]([C@H]([C@@H]([C@H](O7)C(=O)O)O)O)O)C)(C)C(=O)O	True	WBQVRPYEEYUEBQ-OJVDLISWSA-N	CC1(C(=O)O)CCC2(C)CCC3(C)C(=CC(=O)C4C5(C)CCC(OC6OC(C(=O)O)C(O)C(O)C6OC6OC(C(=O)O)C(O)C(O)C6O)C(C)(CO)C5CCC43C)C2C1	WBQVRPYEEYUEBQ-OJVDLISWSA-N	C[C@]1(C(=O)O)CC[C@]2(C)CC[C@]3(C)C(=CC(=O)[C@@H]4[C@@]5(C)CC[C@H](O[C@@H]6O[C@H](C(=O)O)[C@@H](O)[C@H](O)[C@H]6O[C@@H]6O[C@H](C(=O)O)[C@@H](O)[C@H](O)[C@H]6O)[C@](C)(CO)[C@@H]5CC[C@]43C)[C@@H]2C1	resolved_by_authoritative_pubchem
14891570	Licoricesaponin J2	SLWCVFLNZDOMEZ-WFCUWKETSA-N	C[C@]12CC[C@](C[C@H]1C3=CC[C@@H]4[C@]5(CC[C@@H]([C@]([C@@H]5CC[C@]4([C@@]3(CC2)C)C)(C)CO)O[C@H]6[C@@H]([C@H]([C@@H]([C@H](O6)C(=O)O)O)O)O[C@H]7[C@@H]([C@H]([C@@H]([C@H](O7)C(=O)O)O)O)O)C)(C)C(=O)O	True	SLWCVFLNZDOMEZ-WFCUWKETSA-N	CC1(C(=O)O)CCC2(C)CCC3(C)C(=CCC4C5(C)CCC(OC6OC(C(=O)O)C(O)C(O)C6OC6OC(C(=O)O)C(O)C(O)C6O)C(C)(CO)C5CCC43C)C2C1	SLWCVFLNZDOMEZ-WFCUWKETSA-N	C[C@]1(C(=O)O)CC[C@]2(C)CC[C@]3(C)C(=CC[C@@H]4[C@@]5(C)CC[C@H](O[C@@H]6O[C@H](C(=O)O)[C@@H](O)[C@H](O)[C@H]6O[C@@H]6O[C@H](C(=O)O)[C@@H](O)[C@H](O)[C@H]6O)[C@](C)(CO)[C@@H]5CC[C@]43C)[C@@H]2C1	resolved_by_authoritative_pubchem
15605952	Manassantin A	ZGXXNVOBEIRACL-VOGCUZRYSA-N	C[C@@H]1[C@H]([C@H](O[C@@H]1C2=CC(=C(C=C2)O[C@H](C)[C@@H](C3=CC(=C(C=C3)OC)OC)O)OC)C4=CC(=C(C=C4)O[C@H](C)[C@@H](C5=CC(=C(C=C5)OC)OC)O)OC)C	True	ZGXXNVOBEIRACL-VOGCUZRYSA-N	COc1ccc(C(O)C(C)Oc2ccc(C3OC(c4ccc(OC(C)C(O)c5ccc(OC)c(OC)c5)c(OC)c4)C(C)C3C)cc2OC)cc1OC	ZGXXNVOBEIRACL-VOGCUZRYSA-N	COc1ccc([C@@H](O)[C@@H](C)Oc2ccc([C@H]3O[C@H](c4ccc(O[C@H](C)[C@H](O)c5ccc(OC)c(OC)c5)c(OC)c4)[C@H](C)[C@H]3C)cc2OC)cc1OC	resolved_by_authoritative_pubchem
15664151	Angustone A	KKFAKKIIFUFASS-UHFFFAOYSA-N	CC(=CCC1=C(C=CC(=C1O)C2=COC3=C(C2=O)C(=C(C(=C3)O)CC=C(C)C)O)O)C	True	KKFAKKIIFUFASS-UHFFFAOYSA-N	CC(C)=CCc1c(O)ccc(-c2coc3cc(O)c(CC=C(C)C)c(O)c3c2=O)c1O	KKFAKKIIFUFASS-UHFFFAOYSA-N	CC(C)=CCc1c(O)ccc(-c2coc3cc(O)c(CC=C(C)C)c(O)c3c2=O)c1O	resolved_by_authoritative_pubchem
15818598	Glyurallin A	AEAIWNGAMDGGNB-UHFFFAOYSA-N	CC(=CCC1=C(C2=C(C=C1O)OCC3=C2OC4=C3C=CC(=C4)O)OC)C	True	AEAIWNGAMDGGNB-UHFFFAOYSA-N	COc1c(CC=C(C)C)c(O)cc2c1-c1oc3cc(O)ccc3c1CO2	AEAIWNGAMDGGNB-UHFFFAOYSA-N	COc1c(CC=C(C)C)c(O)cc2c1-c1oc3cc(O)ccc3c1CO2	resolved_by_authoritative_pubchem
16061189	Adonixanthin	YECXHLPYMXGEBI-ZNQVSPAOSA-N	CC1=C(C(C[C@@H](C1)O)(C)C)/C=C/C(=C/C=C/C(=C/C=C/C=C(\C)/C=C/C=C(\C)/C=C/C2=C(C(=O)[C@H](CC2(C)C)O)C)/C)/C	True	YECXHLPYMXGEBI-ZNQVSPAOSA-N	CC(C=CC=C(C)C=CC1=C(C)CC(O)CC1(C)C)=CC=CC=C(C)C=CC=C(C)C=CC1=C(C)C(=O)C(O)CC1(C)C	YECXHLPYMXGEBI-ZNQVSPAOSA-N	CC1=C(/C=C/C(C)=C/C=C/C(C)=C/C=C/C=C(C)/C=C/C=C(C)/C=C/C2=C(C)C(=O)[C@@H](O)CC2(C)C)C(C)(C)C[C@H](O)C1	resolved_by_authoritative_pubchem
21148065	6,8-Diprenylorobol	OAUIRSVJXOFAOO-UHFFFAOYSA-N	CC(=CCC1=C(C(=C2C(=C1O)C(=O)C(=CO2)C3=CC(=C(C=C3)O)O)CC=C(C)C)O)C	True	OAUIRSVJXOFAOO-UHFFFAOYSA-N	CC(C)=CCc1c(O)c(CC=C(C)C)c2occ(-c3ccc(O)c(O)c3)c(=O)c2c1O	OAUIRSVJXOFAOO-UHFFFAOYSA-N	CC(C)=CCc1c(O)c(CC=C(C)C)c2occ(-c3ccc(O)c(O)c3)c(=O)c2c1O	resolved_by_authoritative_pubchem
21159042	26,27-Dihydroxylanosta-7,9(11),24-trien-3,16-dione	KWZNLJRIABJHPG-IOSWJYSCSA-N	C[C@H](CCC=C(CO)CO)[C@H]1C(=O)C[C@@]2([C@@]1(CC=C3C2=CC[C@@H]4[C@@]3(CCC(=O)C4(C)C)C)C)C	True	KWZNLJRIABJHPG-IOSWJYSCSA-N	CC(CCC=C(CO)CO)C1C(=O)CC2(C)C3=CCC4C(C)(C)C(=O)CCC4(C)C3=CCC12C	KWZNLJRIABJHPG-IOSWJYSCSA-N	C[C@H](CCC=C(CO)CO)[C@H]1C(=O)C[C@@]2(C)C3=CC[C@H]4C(C)(C)C(=O)CC[C@]4(C)C3=CC[C@]12C	resolved_by_authoritative_pubchem
21574472	Oleracein A	VICXKBPMEPRWFK-GTKZJKJXSA-N	C1[C@H](N(C2=CC(=C(C=C21)O)O[C@H]3[C@@H]([C@H]([C@@H]([C@H](O3)CO)O)O)O)C(=O)/C=C/C4=CC=C(C=C4)O)C(=O)O	True	VICXKBPMEPRWFK-GTKZJKJXSA-N	O=C(O)C1Cc2cc(O)c(OC3OC(CO)C(O)C(O)C3O)cc2N1C(=O)C=Cc1ccc(O)cc1	VICXKBPMEPRWFK-GTKZJKJXSA-N	O=C(O)[C@@H]1Cc2cc(O)c(O[C@@H]3O[C@H](CO)[C@@H](O)[C@H](O)[C@H]3O)cc2N1C(=O)/C=C/c1ccc(O)cc1	resolved_by_authoritative_pubchem
21574473	Oleracein B	HTRBZHHBMJDWGG-CGHSGWKJSA-N	COC1=C(C=CC(=C1)/C=C/C(=O)N2[C@@H](CC3=CC(=C(C=C32)O[C@H]4[C@@H]([C@H]([C@@H]([C@H](O4)CO)O)O)O)O)C(=O)O)O	True	HTRBZHHBMJDWGG-CGHSGWKJSA-N	COc1cc(C=CC(=O)N2c3cc(OC4OC(CO)C(O)C(O)C4O)c(O)cc3CC2C(=O)O)ccc1O	HTRBZHHBMJDWGG-CGHSGWKJSA-N	COc1cc(/C=C/C(=O)N2c3cc(O[C@@H]4O[C@H](CO)[C@@H](O)[C@H](O)[C@H]4O)c(O)cc3C[C@H]2C(=O)O)ccc1O	resolved_by_authoritative_pubchem
21574474	Oleracein C	FDKIQKZQSBQELL-DBIVONCISA-N	C1[C@H](N(C2=CC(=C(C=C21)O)O[C@H]3[C@@H]([C@H]([C@@H]([C@H](O3)CO)O)O)O)C(=O)/C=C/C4=CC=C(C=C4)O[C@H]5[C@@H]([C@H]([C@@H]([C@H](O5)CO)O)O)O)C(=O)O	True	FDKIQKZQSBQELL-DBIVONCISA-N	O=C(O)C1Cc2cc(O)c(OC3OC(CO)C(O)C(O)C3O)cc2N1C(=O)C=Cc1ccc(OC2OC(CO)C(O)C(O)C2O)cc1	FDKIQKZQSBQELL-DBIVONCISA-N	O=C(O)[C@@H]1Cc2cc(O)c(O[C@@H]3O[C@H](CO)[C@@H](O)[C@H](O)[C@H]3O)cc2N1C(=O)/C=C/c1ccc(O[C@@H]2O[C@H](CO)[C@@H](O)[C@H](O)[C@H]2O)cc1	resolved_by_authoritative_pubchem
21574475	Oleracein D	GRIGERORCOQKIJ-PYCQGYPLSA-N	COC1=C(C=CC(=C1)/C=C/C(=O)N2[C@@H](CC3=CC(=C(C=C32)O[C@H]4[C@@H]([C@H]([C@@H]([C@H](O4)CO)O)O)O)O)C(=O)O)O[C@H]5[C@@H]([C@H]([C@@H]([C@H](O5)CO)O)O)O	True	GRIGERORCOQKIJ-PYCQGYPLSA-N	COc1cc(C=CC(=O)N2c3cc(OC4OC(CO)C(O)C(O)C4O)c(O)cc3CC2C(=O)O)ccc1OC1OC(CO)C(O)C(O)C1O	GRIGERORCOQKIJ-PYCQGYPLSA-N	COc1cc(/C=C/C(=O)N2c3cc(O[C@@H]4O[C@H](CO)[C@@H](O)[C@H](O)[C@H]4O)c(O)cc3C[C@H]2C(=O)O)ccc1O[C@@H]1O[C@H](CO)[C@@H](O)[C@H](O)[C@H]1O	resolved_by_authoritative_pubchem
21574503	2-[4-[4-(5,7-Dihydroxy-4-oxochromen-2-yl)-2-hydroxyphenoxy]phenyl]-5,7-dihydroxychromen-4-one	MNTSOBLYWJLVEK-UHFFFAOYSA-N	C1=CC(=CC=C1C2=CC(=O)C3=C(C=C(C=C3O2)O)O)OC4=C(C=C(C=C4)C5=CC(=O)C6=C(C=C(C=C6O5)O)O)O	True	MNTSOBLYWJLVEK-UHFFFAOYSA-N	O=c1cc(-c2ccc(Oc3ccc(-c4cc(=O)c5c(O)cc(O)cc5o4)cc3O)cc2)oc2cc(O)cc(O)c12	MNTSOBLYWJLVEK-UHFFFAOYSA-N	O=c1cc(-c2ccc(Oc3ccc(-c4cc(=O)c5c(O)cc(O)cc5o4)cc3O)cc2)oc2cc(O)cc(O)c12	resolved_by_authoritative_pubchem
21591148	Isoangustone A	QNLGNISMYMFVHP-UHFFFAOYSA-N	CC(=CCC1=C(C(=CC(=C1)C2=COC3=C(C2=O)C(=C(C(=C3)O)CC=C(C)C)O)O)O)C	True	QNLGNISMYMFVHP-UHFFFAOYSA-N	CC(C)=CCc1cc(-c2coc3cc(O)c(CC=C(C)C)c(O)c3c2=O)cc(O)c1O	QNLGNISMYMFVHP-UHFFFAOYSA-N	CC(C)=CCc1cc(-c2coc3cc(O)c(CC=C(C)C)c(O)c3c2=O)cc(O)c1O	resolved_by_authoritative_pubchem
21633105	Mussaenosidic acid	VLCHQFXSBHIBRV-NJPMDSMTSA-N	C[C@@]1(CC[C@H]2[C@@H]1[C@@H](OC=C2C(=O)O)O[C@H]3[C@@H]([C@H]([C@@H]([C@H](O3)CO)O)O)O)O	True	VLCHQFXSBHIBRV-NJPMDSMTSA-N	CC1(O)CCC2C(C(=O)O)=COC(OC3OC(CO)C(O)C(O)C3O)C21	VLCHQFXSBHIBRV-NJPMDSMTSA-N	C[C@]1(O)CC[C@@H]2C(C(=O)O)=CO[C@@H](O[C@@H]3O[C@H](CO)[C@@H](O)[C@H](O)[C@H]3O)[C@@H]21	resolved_by_authoritative_pubchem
22524229	6-hydroxy-7-methylidene-1-[(2S,3R,4R,5R,6R)-3,4,5-trihydroxy-6-(hydroxymethyl)oxan-2-yl]oxy-4a,5,6,7a-tetrahydro-1H-cyclopenta[c]pyran-4-carboxylic acid	JSKCJJNYSGWZDU-BXSUZMQKSA-N	C=C1C(CC2C1C(OC=C2C(=O)O)O[C@H]3[C@@H]([C@@H]([C@H]([C@H](O3)CO)O)O)O)O	True	JSKCJJNYSGWZDU-BXSUZMQKSA-N	C=C1C(O)CC2C(C(=O)O)=COC(OC3OC(CO)C(O)C(O)C3O)C12	JSKCJJNYSGWZDU-BXSUZMQKSA-N	C=C1C(O)CC2C(C(=O)O)=COC(O[C@@H]3O[C@H](CO)[C@H](O)[C@@H](O)[C@H]3O)C12	resolved_by_authoritative_pubchem
22608831	10-Dehydrogingerdione	NILVTWAPVHQVPS-UINJHVQLSA-N	CCCCCCCCCC(=O)/C=C(/C=C/C1=CC(=C(C=C1)O)OC)\O	True	NILVTWAPVHQVPS-UINJHVQLSA-N	CCCCCCCCCC(=O)C=C(O)C=Cc1ccc(O)c(OC)c1	NILVTWAPVHQVPS-UINJHVQLSA-N	CCCCCCCCCC(=O)/C=C(O)/C=C/c1ccc(O)c(OC)c1	resolved_by_authoritative_pubchem
23843929	(+)-Kuwanon H	DKBPTKFKCCNXNH-JMBMPLIVSA-N	CC1=C[C@H]([C@@H]([C@H](C1)C2=C(C=C(C=C2)O)O)C(=O)C3=C(C(=C(C=C3)O)CC=C(C)C)O)C4=C(C=C(C5=C4OC(=C(C5=O)CC=C(C)C)C6=C(C=C(C=C6)O)O)O)O	True	DKBPTKFKCCNXNH-JMBMPLIVSA-N	CC(C)=CCc1c(O)ccc(C(=O)C2C(c3c(O)cc(O)c4c(=O)c(CC=C(C)C)c(-c5ccc(O)cc5O)oc34)C=C(C)CC2c2ccc(O)cc2O)c1O	DKBPTKFKCCNXNH-JMBMPLIVSA-N	CC(C)=CCc1c(O)ccc(C(=O)[C@@H]2[C@@H](c3ccc(O)cc3O)CC(C)=C[C@H]2c2c(O)cc(O)c3c(=O)c(CC=C(C)C)c(-c4ccc(O)cc4O)oc23)c1O	resolved_by_authoritative_pubchem
24721561	20-Glucoginsenoside Rf	FBFMBWCLBGQEBU-RXMALORBSA-N	CC(=CCC[C@@](C)([C@H]1CC[C@@]2([C@@H]1[C@@H](C[C@H]3[C@]2(C[C@@H]([C@@H]4[C@@]3(CC[C@@H](C4(C)C)O)C)O[C@H]5[C@@H]([C@H]([C@@H]([C@H](O5)CO)O)O)O[C@H]6[C@@H]([C@H]([C@@H]([C@H](O6)CO)O)O)O)C)O)C)O[C@H]7[C@@H]([C@H]([C@@H]([C@H](O7)CO)O)O)O)C	True	FBFMBWCLBGQEBU-RXMALORBSA-N	CC(C)=CCCC(C)(OC1OC(CO)C(O)C(O)C1O)C1CCC2(C)C1C(O)CC1C3(C)CCC(O)C(C)(C)C3C(OC3OC(CO)C(O)C(O)C3OC3OC(CO)C(O)C(O)C3O)CC12C	FBFMBWCLBGQEBU-RXMALORBSA-N	CC(C)=CCC[C@](C)(O[C@@H]1O[C@H](CO)[C@@H](O)[C@H](O)[C@H]1O)[C@H]1CC[C@]2(C)[C@@H]1[C@H](O)C[C@@H]1[C@@]3(C)CC[C@H](O)C(C)(C)[C@@H]3[C@@H](O[C@@H]3O[C@H](CO)[C@@H](O)[C@H](O)[C@H]3O[C@@H]3O[C@H](CO)[C@@H](O)[C@H](O)[C@H]3O)C[C@]12C	resolved_by_authoritative_pubchem
25201450	Emodin(1-)	RHMXXJGYXNZAPX-UHFFFAOYSA-M	CC1=CC2=C(C(=C1)O)C(=O)C3=C(C2=O)C=C(C=C3[O-])O	True	RHMXXJGYXNZAPX-UHFFFAOYSA-M	Cc1cc(O)c2c(c1)C(=O)c1cc(O)cc([O-])c1C2=O	RHMXXJGYXNZAPX-UHFFFAOYSA-N	Cc1cc(O)c2c(c1)C(=O)c1cc(O)cc([O-])c1C2=O	resolved_by_authoritative_pubchem
25240035	Nonacosan-10-ol	CPGCVOVWHCWVTP-UHFFFAOYSA-N	CCCCCCCCCCCCCCCCCCCC(CCCCCCCCC)O	True	CPGCVOVWHCWVTP-UHFFFAOYSA-N	CCCCCCCCCCCCCCCCCCCC(O)CCCCCCCCC	CPGCVOVWHCWVTP-UHFFFAOYSA-N	CCCCCCCCCCCCCCCCCCCC(O)CCCCCCCCC	resolved_by_authoritative_pubchem
44359480	(3aR,6R)-6-(2-Carboxy-ethyl)-3-(1,5-dimethyl-hexyl)-3a,6-dimethyl-2,3,3a,4,5,5a,6,9,9a,9b-decahydro-1H-cyclopenta[a]naphthalene-7-carboxylic acid	QJUQBYMZJRWYDP-XSKBNUAHSA-N	CC(C)CCCC(C)C1CCC2[C@@]1(CCC3C2CC=C([C@]3(C)CCC(=O)O)C(=O)O)C	True	QJUQBYMZJRWYDP-XSKBNUAHSA-N	CC(C)CCCC(C)C1CCC2C3CC=C(C(=O)O)C(C)(CCC(=O)O)C3CCC12C	QJUQBYMZJRWYDP-XSKBNUAHSA-N	CC(C)CCCC(C)C1CCC2C3CC=C(C(=O)O)[C@](C)(CCC(=O)O)C3CC[C@]12C	resolved_by_authoritative_pubchem
44411588	16-alphaH,17-isovaleryloxy-ent-kauran-19-oic acid	ZOILZTWSQHWPGH-SLLFEXPVSA-N	CC(C)CC(=O)OC[C@H]1C[C@@]23CCC4[C@](C2CC[C@@H]1C3)(CCC[C@@]4(C)C(=O)O)C	True	ZOILZTWSQHWPGH-SLLFEXPVSA-N	CC(C)CC(=O)OCC1CC23CCC4C(C)(C(=O)O)CCCC4(C)C2CCC1C3	ZOILZTWSQHWPGH-SLLFEXPVSA-N	CC(C)CC(=O)OC[C@H]1C[C@@]23CCC4[C@@](C)(CCC[C@@]4(C)C(=O)O)C2CC[C@@H]1C3	resolved_by_authoritative_pubchem
44601131	galloyl(-4)Glc(b)-O-galloyl	SHIFRHHJGRQKNK-ZHYXJZIWSA-N	C1=C(C=C(C(=C1O)O)O)C(=O)O[C@@H]2[C@H](O[C@H]([C@@H]([C@H]2O)O)OC(=O)C3=CC(=C(C(=C3)O)O)O)CO	True	SHIFRHHJGRQKNK-ZHYXJZIWSA-N	O=C(OC1OC(CO)C(OC(=O)c2cc(O)c(O)c(O)c2)C(O)C1O)c1cc(O)c(O)c(O)c1	SHIFRHHJGRQKNK-ZHYXJZIWSA-N	O=C(O[C@@H]1O[C@H](CO)[C@@H](OC(=O)c2cc(O)c(O)c(O)c2)[C@H](O)[C@H]1O)c1cc(O)c(O)c(O)c1	resolved_by_authoritative_pubchem
45269014	1-O-[alpha-L-(Rhamnopyranosyl]-23-acetoxy-3beta-acetylimberbic acid	NJMVODKHGFCBMG-SHXRZKMESA-N	C[C@H]1[C@@H]([C@H]([C@H]([C@@H](O1)O[C@H]2C[C@@H]([C@@]([C@H]3[C@]2([C@H]4CC=C5[C@H]6C[C@](CC[C@@]6(CC[C@]5([C@@]4(CC3)C)C)C)(C)C(=O)O)C)(C)COC(=O)C)OC(=O)C)O)O)O	True	NJMVODKHGFCBMG-SHXRZKMESA-N	CC(=O)OCC1(C)C(OC(C)=O)CC(OC2OC(C)C(O)C(O)C2O)C2(C)C1CCC1(C)C2CC=C2C3CC(C)(C(=O)O)CCC3(C)CCC21C	NJMVODKHGFCBMG-SHXRZKMESA-N	CC(=O)OC[C@]1(C)[C@@H](OC(C)=O)C[C@H](O[C@@H]2O[C@@H](C)[C@H](O)[C@@H](O)[C@H]2O)[C@]2(C)[C@H]3CC=C4[C@H]5C[C@](C)(C(=O)O)CC[C@]5(C)CC[C@@]4(C)[C@]3(C)CC[C@@H]12	resolved_by_authoritative_pubchem
45783101	methyl (2S,3R,4S)-3-ethenyl-4-((E)-3-((2S,3R,4R)-3-ethenyl-5-methoxycarbonyl-2-((2S,3R,4S,5S,6R)-3,4,5-trihydroxy-6-(hydroxymethyl)oxan-2-yl)oxy-3,4-dihydro-2H-pyran-4-yl)-4-oxobut-2-enyl)-2-((2S,3R,4S,5S,6R)-3,4,5-trihydroxy-6-(hydroxymethyl)oxan-2-yl)oxy-3,4-dihydro-2H-pyran-5-carboxylate	MWLKXILGJPSPKZ-YAKFNBHDSA-N	COC(=O)C1=CO[C@H]([C@@H]([C@@H]1C/C=C(/C=O)\[C@H]2[C@H]([C@@H](OC=C2C(=O)OC)O[C@H]3[C@@H]([C@H]([C@@H]([C@H](O3)CO)O)O)O)C=C)C=C)O[C@H]4[C@@H]([C@H]([C@@H]([C@H](O4)CO)O)O)O	True	MWLKXILGJPSPKZ-YAKFNBHDSA-N	C=CC1C(OC2OC(CO)C(O)C(O)C2O)OC=C(C(=O)OC)C1CC=C(C=O)C1C(C(=O)OC)=COC(OC2OC(CO)C(O)C(O)C2O)C1C=C	MWLKXILGJPSPKZ-YAKFNBHDSA-N	C=C[C@H]1[C@H](O[C@@H]2O[C@H](CO)[C@@H](O)[C@H](O)[C@H]2O)OC=C(C(=O)OC)[C@H]1C/C=C(/C=O)[C@@H]1C(C(=O)OC)=CO[C@@H](O[C@@H]2O[C@H](CO)[C@@H](O)[C@H](O)[C@H]2O)[C@@H]1C=C	resolved_by_authoritative_pubchem
54682930	4-Hydroxycoumarin	VXIXUWQIVKSKSA-UHFFFAOYSA-N	C1=CC=C2C(=C1)C(=CC(=O)O2)O	True	VXIXUWQIVKSKSA-UHFFFAOYSA-N	O=c1cc(O)c2ccccc2o1	VXIXUWQIVKSKSA-UHFFFAOYSA-N	O=c1cc(O)c2ccccc2o1	resolved_by_authoritative_pubchem
54687314	Tzmrrxhttyezgo-uhfffaoysa-	TZMRRXHTTYEZGO-UHFFFAOYSA-N	COC(=O)C1=C(C(OC1=O)C2=CC=CC=C2)O	True	TZMRRXHTTYEZGO-UHFFFAOYSA-N	COC(=O)C1=C(O)C(c2ccccc2)OC1=O	TZMRRXHTTYEZGO-UHFFFAOYSA-N	COC(=O)C1=C(O)C(c2ccccc2)OC1=O	resolved_by_authoritative_pubchem
73817575	Chinenoside I	JLPOKVNPMNEDMF-UHFFFAOYSA-N	CC1C2C(CC3C2(CCC4C3CC(=O)C5C4(CCC(C5)OC6C(C(C(C(O6)COC7C(C(C(CO7)O)O)O)OC8C(C(C(CO8)O)O)O)O)O)C)C)OC1(CCC(C)COC9C(C(C(C(O9)CO)O)O)O)O	True	JLPOKVNPMNEDMF-UHFFFAOYSA-N	CC(CCC1(O)OC2CC3C4CC(=O)C5CC(OC6OC(COC7OCC(O)C(O)C7O)C(OC7OCC(O)C(O)C7O)C(O)C6O)CCC5(C)C4CCC3(C)C2C1C)COC1OC(CO)C(O)C(O)C1O	JLPOKVNPMNEDMF-UHFFFAOYSA-N	CC(CCC1(O)OC2CC3C4CC(=O)C5CC(OC6OC(COC7OCC(O)C(O)C7O)C(OC7OCC(O)C(O)C7O)C(O)C6O)CCC5(C)C4CCC3(C)C2C1C)COC1OC(CO)C(O)C(O)C1O	resolved_by_authoritative_pubchem
76971722	(2R)-2-methyl-2-(4-methylpent-3-enyl)-7-pentylchromen-5-ol	UVOLYTDXHDXWJU-OAQYLSRUSA-N	CCCCCC1=CC(=C2C=C[C@@](OC2=C1)(C)CCC=C(C)C)O	True	UVOLYTDXHDXWJU-OAQYLSRUSA-N	CCCCCc1cc(O)c2c(c1)OC(C)(CCC=C(C)C)C=C2	UVOLYTDXHDXWJU-OAQYLSRUSA-N	CCCCCc1cc(O)c2c(c1)O[C@](C)(CCC=C(C)C)C=C2	resolved_by_authoritative_pubchem
91930631	(2R,6R)-6-[(5S,7S,10S,13S,14R,15R,17R)-7,15-dihydroxy-4,4,10,13,14-pentamethyl-3,11-dioxo-2,5,6,7,12,15,16,17-octahydro-1H-cyclopenta[a]phenanthren-17-yl]-2-methyl-4-oxoheptanoic acid	DYOKDAQBNHPJFD-GKHSQXJLSA-N	C[C@H](CC(=O)C[C@@H](C)C(=O)O)[C@H]1C[C@H]([C@@]2([C@]1(CC(=O)C3=C2[C@H](C[C@H]4[C@@]3(CCC(=O)C4(C)C)C)O)C)C)O	True	DYOKDAQBNHPJFD-GKHSQXJLSA-N	CC(CC(=O)CC(C)C1CC(O)C2(C)C3=C(C(=O)CC12C)C1(C)CCC(=O)C(C)(C)C1CC3O)C(=O)O	DYOKDAQBNHPJFD-GKHSQXJLSA-N	C[C@H](CC(=O)C[C@@H](C)[C@H]1C[C@@H](O)[C@@]2(C)C3=C(C(=O)C[C@@]12C)[C@@]1(C)CCC(=O)C(C)(C)[C@H]1C[C@@H]3O)C(=O)O	resolved_by_authoritative_pubchem
101189142	L-Phenylalaninosecologanin	IEDHINQMIRRVDA-DBXUSRIBSA-N	COC(=O)C1=CO[C@H]([C@@H]([C@@H]1CCN[C@@H](CC2=CC=CC=C2)C(=O)O)C=C)O[C@H]3[C@@H]([C@H]([C@@H]([C@H](O3)CO)O)O)O	True	IEDHINQMIRRVDA-DBXUSRIBSA-N	C=CC1C(OC2OC(CO)C(O)C(O)C2O)OC=C(C(=O)OC)C1CCNC(Cc1ccccc1)C(=O)O	IEDHINQMIRRVDA-DBXUSRIBSA-N	C=C[C@H]1[C@H](O[C@@H]2O[C@H](CO)[C@@H](O)[C@H](O)[C@H]2O)OC=C(C(=O)OC)[C@H]1CCN[C@@H](Cc1ccccc1)C(=O)O	resolved_by_authoritative_pubchem
101572265	10-Gingerdiol	LGSIUDXMEDKEPY-OALUTQOASA-N	CCCCCCCCC[C@@H](C[C@H](CCC1=CC(=C(C=C1)O)OC)O)O	True	LGSIUDXMEDKEPY-OALUTQOASA-N	CCCCCCCCCC(O)CC(O)CCc1ccc(O)c(OC)c1	LGSIUDXMEDKEPY-OALUTQOASA-N	CCCCCCCCC[C@H](O)C[C@@H](O)CCc1ccc(O)c(OC)c1	resolved_by_authoritative_pubchem
101589723	(2S,3S,4S,5R,6R)-5-[(2R,3R,4S,5S,6S)-6-carboxy-4,5-dihydroxy-3-[(2S,3R,4R,5R,6S)-3,4,5-trihydroxy-6-methyloxan-2-yl]oxyoxan-2-yl]oxy-6-[[(1R,2R,5S,6R,9R,11S,14R,15R,19S,21R)-2,5,6,10,10,14,21-heptamethyl-22-oxo-23-oxahexacyclo[19.2.1.02,19.05,18.06,15.09,14]tetracos-17-en-11-yl]oxy]-3,4-dihydroxyoxane-2-carboxylic acid	NUXMXYUOCFBORQ-WRHPCYKHSA-N	C[C@H]1[C@@H]([C@H]([C@H]([C@@H](O1)O[C@@H]2[C@H]([C@@H]([C@H](O[C@H]2O[C@@H]3[C@H]([C@@H]([C@H](O[C@H]3O[C@H]4CC[C@]5([C@H](C4(C)C)CC[C@@]6([C@@H]5CC=C7[C@]6(CC[C@@]8([C@H]7C[C@@]9(C[C@H]8OC9=O)C)C)C)C)C)C(=O)O)O)O)C(=O)O)O)O)O)O)O	True	NUXMXYUOCFBORQ-WRHPCYKHSA-N	CC1OC(OC2C(OC3C(OC4CCC5(C)C(CCC6(C)C5CC=C5C7CC8(C)CC(OC8=O)C7(C)CCC56C)C4(C)C)OC(C(=O)O)C(O)C3O)OC(C(=O)O)C(O)C2O)C(O)C(O)C1O	NUXMXYUOCFBORQ-WRHPCYKHSA-N	C[C@@H]1O[C@@H](O[C@H]2[C@H](O[C@H]3[C@H](O[C@H]4CC[C@]5(C)[C@H]6CC=C7[C@@H]8C[C@]9(C)C[C@@H](OC9=O)[C@]8(C)CC[C@@]7(C)[C@]6(C)CC[C@H]5C4(C)C)O[C@H](C(=O)O)[C@@H](O)[C@@H]3O)O[C@H](C(=O)O)[C@@H](O)[C@@H]2O)[C@H](O)[C@H](O)[C@H]1O	resolved_by_authoritative_pubchem
101589724	Licoricesaponin K2	IPBGQSWRSQPGCF-LIOOBZAHSA-N	C[C@]12CC[C@](CC1=C3C=C[C@@H]4[C@]5(CC[C@@H]([C@]([C@@H]5CC[C@]4([C@@]3(CC2)C)C)(C)CO)O[C@H]6[C@@H]([C@H]([C@@H]([C@H](O6)C(=O)O)O)O)O[C@H]7[C@@H]([C@H]([C@@H]([C@H](O7)C(=O)O)O)O)O)C)(C)C(=O)O	True	IPBGQSWRSQPGCF-LIOOBZAHSA-N	CC1(C(=O)O)CCC2(C)CCC3(C)C(=C2C1)C=CC1C2(C)CCC(OC4OC(C(=O)O)C(O)C(O)C4OC4OC(C(=O)O)C(O)C(O)C4O)C(C)(CO)C2CCC13C	IPBGQSWRSQPGCF-LIOOBZAHSA-N	C[C@]1(C(=O)O)CC[C@]2(C)CC[C@]3(C)C(=C2C1)C=C[C@@H]1[C@@]2(C)CC[C@H](O[C@@H]4O[C@H](C(=O)O)[C@@H](O)[C@H](O)[C@H]4O[C@@H]4O[C@H](C(=O)O)[C@@H](O)[C@H](O)[C@H]4O)[C@](C)(CO)[C@@H]2CC[C@]13C	resolved_by_authoritative_pubchem
101712064	Ganolactone	NEYFZTSOEPMHGQ-YSROOBRHSA-N	C[C@]12CCC(=O)C([C@@H]1C[C@@H](C3=C2C(=O)C[C@]4([C@]3(C(=O)C[C@@H]4[C@@]5(CCC(=O)O5)C)C)C)O)(C)C	True	NEYFZTSOEPMHGQ-YSROOBRHSA-N	CC1(C2CC(=O)C3(C)C4=C(C(=O)CC23C)C2(C)CCC(=O)C(C)(C)C2CC4O)CCC(=O)O1	NEYFZTSOEPMHGQ-YSROOBRHSA-N	CC1(C)C(=O)CC[C@]2(C)C3=C([C@@H](O)C[C@@H]12)[C@]1(C)C(=O)C[C@H]([C@]2(C)CCC(=O)O2)[C@@]1(C)CC3=O	resolved_by_authoritative_pubchem
101835367	Malonyl ginsenoside Rb1	NTYAVUNEPXGZQJ-KXJMYDKTSA-N	CC(=CCC[C@@](C)([C@H]1CC[C@@]2([C@@H]1[C@@H](C[C@H]3[C@]2(CC[C@@H]4[C@@]3(CC[C@@H](C4(C)C)O[C@H]5[C@@H]([C@H]([C@@H]([C@H](O5)CO)O)O)O[C@H]6[C@@H]([C@H]([C@@H]([C@H](O6)COC(=O)CC(=O)O)O)O)O)C)C)O)C)O[C@H]7[C@@H]([C@H]([C@@H]([C@H](O7)CO[C@H]8[C@@H]([C@H]([C@@H]([C@H](O8)CO)O)O)O)O)O)O)C	True	NTYAVUNEPXGZQJ-KXJMYDKTSA-N	CC(C)=CCCC(C)(OC1OC(COC2OC(CO)C(O)C(O)C2O)C(O)C(O)C1O)C1CCC2(C)C1C(O)CC1C3(C)CCC(OC4OC(CO)C(O)C(O)C4OC4OC(COC(=O)CC(=O)O)C(O)C(O)C4O)C(C)(C)C3CCC12C	NTYAVUNEPXGZQJ-KXJMYDKTSA-N	CC(C)=CCC[C@](C)(O[C@@H]1O[C@H](CO[C@@H]2O[C@H](CO)[C@@H](O)[C@H](O)[C@H]2O)[C@@H](O)[C@H](O)[C@H]1O)[C@H]1CC[C@]2(C)[C@@H]1[C@H](O)C[C@@H]1[C@@]3(C)CC[C@H](O[C@@H]4O[C@H](CO)[C@@H](O)[C@H](O)[C@H]4O[C@@H]4O[C@H](COC(=O)CC(=O)O)[C@@H](O)[C@H](O)[C@H]4O)C(C)(C)[C@@H]3CC[C@]12C	resolved_by_authoritative_pubchem
102017561	Autoinducer Peptide IV	GFJAORMOUQQBTE-XAQATAOCSA-N	CC[C@H](C)[C@H]1C(=O)N[C@H](C(=O)SC[C@@H](C(=O)N[C@H](C(=O)N[C@H](C(=O)N1)CC2=CC=CC=C2)CC3=CC=C(C=C3)O)NC(=O)[C@H]([C@@H](C)O)NC(=O)[C@H](CO)NC(=O)[C@H](CC4=CC=C(C=C4)O)N)CCSC	True	GFJAORMOUQQBTE-XAQATAOCSA-N	CCC(C)C1NC(=O)C(Cc2ccccc2)NC(=O)C(Cc2ccc(O)cc2)NC(=O)C(NC(=O)C(NC(=O)C(CO)NC(=O)C(N)Cc2ccc(O)cc2)C(C)O)CSC(=O)C(CCSC)NC1=O	GFJAORMOUQQBTE-XAQATAOCSA-N	CC[C@H](C)[C@@H]1NC(=O)[C@H](Cc2ccccc2)NC(=O)[C@H](Cc2ccc(O)cc2)NC(=O)[C@@H](NC(=O)[C@@H](NC(=O)[C@H](CO)NC(=O)[C@@H](N)Cc2ccc(O)cc2)[C@@H](C)O)CSC(=O)[C@H](CCSC)NC1=O	resolved_by_authoritative_pubchem
122194873	11-Deoxyalisol A	CXFVPKAJKNKSNF-DNRQRXMOSA-N	C[C@H](C[C@@H]([C@H](C(C)(C)O)O)O)C1=C2CC[C@H]3[C@]4(CCC(=O)C([C@@H]4CC[C@@]3([C@]2(CC1)C)C)(C)C)C	True	CXFVPKAJKNKSNF-DNRQRXMOSA-N	CC(CC(O)C(O)C(C)(C)O)C1=C2CCC3C4(C)CCC(=O)C(C)(C)C4CCC3(C)C2(C)CC1	CXFVPKAJKNKSNF-DNRQRXMOSA-N	C[C@H](C[C@H](O)[C@@H](O)C(C)(C)O)C1=C2CC[C@H]3[C@@]4(C)CCC(=O)C(C)(C)[C@@H]4CC[C@]3(C)[C@@]2(C)CC1	resolved_by_authoritative_pubchem
127043008	(2S,3S,4S,5R,6R)-6-[(2R,3R,4S,5S,6S)-2-[[(3S,4aR,6aR,6bS,8aS,11R,12aS,14aR,14bS)-11-carboxy-4,4,6a,6b,8a,11,14b-heptamethyl-14-oxo-2,3,4a,5,6,7,8,9,10,12,12a,14a-dodecahydro-1H-picen-3-yl]oxy]-6-carboxy-4,5-dihydroxyoxan-3-yl]oxy-3,4,5-trihydroxyoxane-2-carboxylic acid	LPLVUJXQOOQHMX-OCCQJUJVSA-N	C[C@]12CC[C@@](C[C@@H]1C3=CC(=O)[C@@H]4[C@]5(CC[C@@H](C([C@@H]5CC[C@]4([C@@]3(CC2)C)C)(C)C)O[C@H]6[C@@H]([C@H]([C@@H]([C@H](O6)C(=O)O)O)O)O[C@H]7[C@@H]([C@H]([C@@H]([C@H](O7)C(=O)O)O)O)O)C)(C)C(=O)O	True	LPLVUJXQOOQHMX-OCCQJUJVSA-N	CC1(C(=O)O)CCC2(C)CCC3(C)C(=CC(=O)C4C5(C)CCC(OC6OC(C(=O)O)C(O)C(O)C6OC6OC(C(=O)O)C(O)C(O)C6O)C(C)(C)C5CCC43C)C2C1	LPLVUJXQOOQHMX-OCCQJUJVSA-N	CC1(C)[C@@H](O[C@@H]2O[C@H](C(=O)O)[C@@H](O)[C@H](O)[C@H]2O[C@@H]2O[C@H](C(=O)O)[C@@H](O)[C@H](O)[C@H]2O)CC[C@]2(C)[C@H]3C(=O)C=C4[C@H]5C[C@](C)(C(=O)O)CC[C@]5(C)CC[C@@]4(C)[C@]3(C)CC[C@@H]12	resolved_by_authoritative_pubchem
131751606	Cinncassiol D1 glucoside	WJAZMOBIGFGGIP-UHFFFAOYSA-N	CC(COC1C(C(C(C(O1)CO)O)O)O)C2CC3C4(CC5(C2(C3(C(O5)C6C4CCC6(C)O)O)C)O)C	True	WJAZMOBIGFGGIP-UHFFFAOYSA-N	CC(COC1OC(CO)C(O)C(O)C1O)C1CC2C3(C)CC4(O)OC(C5C3CCC5(C)O)C2(O)C14C	WJAZMOBIGFGGIP-UHFFFAOYSA-N	CC(COC1OC(CO)C(O)C(O)C1O)C1CC2C3(C)CC4(O)OC(C5C3CCC5(C)O)C2(O)C14C	resolved_by_authoritative_pubchem
131752636	Quinquenoside F1	UGMWBGKFEUXCMG-UHFFFAOYSA-N	CC1(C2CCC3(C(C2(CCC1OC4C(C(C(C(O4)CO)O)O)OC5C(C(C(C(O5)CO)O)O)O)C)CC(C6C3(CCC6C(C)(CCC(C(C)(C)O)O)O)C)O)C)C	True	UGMWBGKFEUXCMG-UHFFFAOYSA-N	CC(C)(O)C(O)CCC(C)(O)C1CCC2(C)C1C(O)CC1C3(C)CCC(OC4OC(CO)C(O)C(O)C4OC4OC(CO)C(O)C(O)C4O)C(C)(C)C3CCC12C	UGMWBGKFEUXCMG-UHFFFAOYSA-N	CC(C)(O)C(O)CCC(C)(O)C1CCC2(C)C1C(O)CC1C3(C)CCC(OC4OC(CO)C(O)C(O)C4OC4OC(CO)C(O)C(O)C4O)C(C)(C)C3CCC12C	resolved_by_authoritative_pubchem
131752866	Kanzonol G	OWVFKLIUBOKWCT-UHFFFAOYSA-N	CC(=CCC1=C(C=CC(=C1O)C2COC3=CC(=C(C(=C3C2=O)O)CC=C(C)C)OC)O)C	True	OWVFKLIUBOKWCT-UHFFFAOYSA-N	COc1cc2c(c(O)c1CC=C(C)C)C(=O)C(c1ccc(O)c(CC=C(C)C)c1O)CO2	OWVFKLIUBOKWCT-UHFFFAOYSA-N	COc1cc2c(c(O)c1CC=C(C)C)C(=O)C(c1ccc(O)c(CC=C(C)C)c1O)CO2	resolved_by_authoritative_pubchem
156013442	(3R)-3,5,7-trihydroxy-3-(5-hydroxy-2,2-dimethylchromen-8-yl)-6-(3-methylbut-2-enyl)-2H-chromen-4-one	ZDDBDEAAFLMOBT-VWLOTQADSA-N	CC(=CCC1=C(C2=C(C=C1O)OC[C@@](C2=O)(C3=C4C(=C(C=C3)O)C=CC(O4)(C)C)O)O)C	True	ZDDBDEAAFLMOBT-VWLOTQADSA-N	CC(C)=CCc1c(O)cc2c(c1O)C(=O)C(O)(c1ccc(O)c3c1OC(C)(C)C=C3)CO2	ZDDBDEAAFLMOBT-VWLOTQADSA-N	CC(C)=CCc1c(O)cc2c(c1O)C(=O)[C@@](O)(c1ccc(O)c3c1OC(C)(C)C=C3)CO2	resolved_by_authoritative_pubchem
156600287	MT-802 trifluoroacetate	FWLJZCVQJINCSM-UHFFFAOYSA-N	C1CC(=O)NC(=O)C1N2C(=O)C3=C(C2=O)C=C(C=C3)NC(=O)COCCOCCN4CCC(CC4)N5C6=NC=NC(=C6C(=N5)C7=CC=C(C=C7)OC8=CC=CC=C8)N.C(=O)(C(F)(F)F)O.C(=O)(C(F)(F)F)O.C(=O)(C(F)(F)F)O	True	FWLJZCVQJINCSM-UHFFFAOYSA-N	Nc1ncnc2c1c(-c1ccc(Oc3ccccc3)cc1)nn2C1CCN(CCOCCOCC(=O)Nc2ccc3c(c2)C(=O)N(C2CCC(=O)NC2=O)C3=O)CC1.O=C(O)C(F)(F)F.O=C(O)C(F)(F)F.O=C(O)C(F)(F)F	AJTLGUJXIKEZCQ-UHFFFAOYSA-N	Nc1ncnc2c1c(-c1ccc(Oc3ccccc3)cc1)nn2C1CCN(CCOCCOCC(=O)Nc2ccc3c(c2)C(=O)N(C2CCC(=O)NC2=O)C3=O)CC1.O=C(O)C(F)(F)F.O=C(O)C(F)(F)F.O=C(O)C(F)(F)F	resolved_by_authoritative_pubchem
162854468	macrostemonoside C	FVRRPCXXNMTZTE-GYXMKBLQSA-N	C[C@H]1[C@H]2[C@H](C[C@@H]3[C@@]2(CC[C@H]4[C@H]3CC[C@@H]5[C@@]4(CC[C@@H](C5)O[C@H]6[C@@H]([C@H]([C@H]([C@H](O6)CO)O[C@H]7[C@@H]([C@H]([C@@H]([C@H](O7)CO)O)O[C@H]8[C@@H]([C@H]([C@@H]([C@H](O8)CO)O)O)O)O[C@H]9[C@@H]([C@H]([C@@H]([C@H](O9)CO)O)O)O)O)O)C)C)O[C@@]1(CC[C@@H](C)CO[C@H]1[C@@H]([C@H]([C@@H]([C@H](O1)CO)O)O)O)OC	True	FVRRPCXXNMTZTE-GYXMKBLQSA-N	COC1(CCC(C)COC2OC(CO)C(O)C(O)C2O)OC2CC3C4CCC5CC(OC6OC(CO)C(OC7OC(CO)C(O)C(OC8OC(CO)C(O)C(O)C8O)C7OC7OC(CO)C(O)C(O)C7O)C(O)C6O)CCC5(C)C4CCC3(C)C2C1C	FVRRPCXXNMTZTE-GYXMKBLQSA-N	CO[C@]1(CC[C@@H](C)CO[C@@H]2O[C@H](CO)[C@@H](O)[C@H](O)[C@H]2O)O[C@H]2C[C@H]3[C@@H]4CC[C@H]5C[C@@H](O[C@@H]6O[C@H](CO)[C@H](O[C@@H]7O[C@H](CO)[C@@H](O)[C@H](O[C@@H]8O[C@H](CO)[C@@H](O)[C@H](O)[C@H]8O)[C@H]7O[C@@H]7O[C@H](CO)[C@@H](O)[C@H](O)[C@H]7O)[C@H](O)[C@H]6O)CC[C@]5(C)[C@H]4CC[C@]3(C)[C@H]2[C@@H]1C	resolved_by_authoritative_pubchem
272737055				False					unresolved_after_pubchem
273207380				False					unresolved_after_pubchem
273247001				False					unresolved_after_pubchem
273362562				False					unresolved_after_pubchem
273379896				False					unresolved_after_pubchem
273379897				False					unresolved_after_pubchem
273499403				False					unresolved_after_pubchem
273591536				False					unresolved_after_pubchem
274098968				False					unresolved_after_pubchem
274132694				False					unresolved_after_pubchem
274199024				False					unresolved_after_pubchem
274439417				False					unresolved_after_pubchem
274645567				False					unresolved_after_pubchem
275180714				False					unresolved_after_pubchem
275240350				False					unresolved_after_pubchem
275249440				False					unresolved_after_pubchem
275370883				False					unresolved_after_pubchem
275549649				False					unresolved_after_pubchem
355127928				False					unresolved_after_pubchem
366203997				False					unresolved_after_pubchem
468639369				False					unresolved_after_pubchem
469419900				False					unresolved_after_pubchem
475952300				False					unresolved_after_pubchem
482126085				False					unresolved_after_pubchem
496109856				False					unresolved_after_pubchem
498175946				False					unresolved_after_pubchem
505189053				False					unresolved_after_pubchem
519671245				False					unresolved_after_pubchem
519705141				False					unresolved_after_pubchem
