herb_canonical	n_unique_cids	n_strict_usable_cids	n_invalid_cid_zero	n_unresolved	strict_usable_fraction
丁香	592	592	0	0	1.0
乌梅	266	266	0	0	1.0
乌梢蛇	12	12	0	0	1.0
人参	1050	1047	1	3	0.9971428571428571
余甘子	108	108	0	0	1.0
佛手	221	220	0	1	0.995475113122172
党参	518	517	1	1	0.9980694980694981
八角茴香	360	359	1	1	0.9972222222222222
决明子	290	289	0	1	0.996551724137931
刀豆	232	231	1	1	0.9956896551724138
化橘红	200	200	0	0	1.0
地黄	151	150	0	1	0.9933774834437086
夏枯草	299	299	0	0	1.0
大枣	485	483	1	2	0.9958762886597938
天冬	119	118	0	1	0.9915966386554622
天麻	175	174	1	1	0.9942857142857143
姜黄	275	275	0	0	1.0
小茴香	114	114	0	0	1.0
小蓟	79	79	0	0	1.0
山柰	188	188	0	0	1.0
山楂	196	195	1	1	0.9948979591836735
山茱萸	586	585	1	1	0.9982935153583617
山药	296	295	1	1	0.9966216216216216
干姜	145	145	0	0	1.0
广藿香	259	259	0	0	1.0
当归	608	607	1	1	0.9983552631578947
昆布	146	144	1	2	0.9863013698630136
木瓜	331	330	1	1	0.9969788519637462
杏仁	220	220	0	0	1.0
杜仲	284	284	0	0	1.0
杜仲叶	340	340	0	0	1.0
枳椇子	59	59	0	0	1.0
枸杞子	443	443	0	0	1.0
栀子	611	607	1	4	0.9934533551554828
桃仁	182	181	0	1	0.9945054945054945
桑叶	694	693	1	1	0.9985590778097982
桑椹	280	278	0	2	0.9928571428571429
桔梗	175	173	1	2	0.9885714285714285
榧子	15	15	0	0	1.0
槐米	38	38	0	0	1.0
槐花	368	367	1	1	0.9972826086956522
橘红	116	114	0	2	0.9827586206896551
沙棘	384	382	0	2	0.9947916666666666
淡竹叶	46	46	0	0	1.0
淡豆豉	160	160	0	0	1.0
火麻仁	373	372	0	1	0.9973190348525469
灵芝	667	665	1	2	0.9970014992503748
牡蛎	16	16	0	0	1.0
玉竹	86	86	0	0	1.0
玳玳花	303	303	0	0	1.0
甘草	925	924	1	1	0.9989189189189189
生姜	1044	1043	1	1	0.9990421455938697
白扁豆	172	172	0	0	1.0
白果	626	626	0	0	1.0
白芷	556	556	0	0	1.0
白茅根	261	261	0	0	1.0
百合	199	199	0	0	1.0
益智仁	210	210	0	0	1.0
石斛	49	49	0	0	1.0
砂仁	433	432	0	1	0.9976905311778291
紫苏子	188	188	0	0	1.0
罗汉果	262	262	0	0	1.0
肉桂	379	379	0	0	1.0
肉苁蓉	320	320	0	0	1.0
肉豆蔻	538	536	1	2	0.9962825278810409
胖大海	111	111	0	0	1.0
芡实	80	80	0	0	1.0
芦根	155	153	1	2	0.9870967741935484
花椒	652	652	0	0	1.0
茯苓	369	368	1	1	0.997289972899729
草果	146	146	0	0	1.0
荜茇	235	235	0	0	1.0
荷叶	283	283	0	0	1.0
莱菔子	176	176	0	0	1.0
莲子	147	147	0	0	1.0
菊花	659	658	1	1	0.9984825493171472
葛根	211	210	1	1	0.995260663507109
蒲公英	199	198	0	1	0.9949748743718593
薄荷	438	438	0	0	1.0
薏苡仁	173	172	1	1	0.9942196531791907
薤白	256	256	0	0	1.0
藿香	456	456	0	0	1.0
蜂蜜	389	389	0	0	1.0
西洋参	364	363	1	1	0.9972527472527473
西红花	347	345	0	2	0.9942363112391931
覆盆子	359	358	1	1	0.9972144846796658
赤小豆	142	142	0	0	1.0
郁李仁	72	72	0	0	1.0
酸枣仁	163	161	1	2	0.9877300613496932
金银花	913	910	1	3	0.9967141292442497
阿胶	19	19	0	0	1.0
陈皮	290	290	0	0	1.0
青果	127	127	0	0	1.0
香橼	200	200	0	0	1.0
香薷	291	291	0	0	1.0
马齿苋	345	344	1	1	0.9971014492753624
高良姜	275	275	0	0	1.0
鱼腥草	464	463	0	1	0.9978448275862069
鸡内金	44	44	0	0	1.0
麦冬	153	153	0	0	1.0
麦芽	279	279	0	0	1.0
黄精	99	98	1	1	0.98989898989899
黄芪	377	376	0	1	0.9973474801061007
龙眼肉	19	19	0	0	1.0
