pubchem_cid	compound_names	n_herbs	n_source_rows	n_raw_smiles	n_parseable_variants	n_exact_structure_keys	n_connectivity_keys	n_parent_keys	n_tautomer_parent_keys	n_supplied_inchikeys	has_multifragment_variant	has_charged_variant	has_unassigned_stereocentre	representative_exact_inchikey	representative_connectivity_smiles	representative_parent_inchikey	representative_tautomer_parent_smiles	entity_audit_status	usable_for_strict_route_mapping	interpretation	cross_cid_exact_structure_group_size	cross_cid_exact_structure_cids	cross_cid_standardized_parent_group_size	cross_cid_standardized_parent_cids	cross_cid_tautomer_parent_group_size	cross_cid_tautomer_parent_cids	pubchem_title	pubchem_parse_ok	pubchem_exact_inchikey	pubchem_connectivity_smiles	pubchem_parent_inchikey	resolution	final_entity_status	final_strict_usable	final_exact_inchikey	final_parent_inchikey
0	(2S,3R,4S,5S,6R)-2-[(2S)-2-[(3S,5R,6S,8R,9R,10R,12R,13R,14R,17S)-6-[(2R,3R,4S,5S,6R)-4,5-dihydroxy-6-(hydroxymethyl)-3-[(2S,3R,4S,5S,6R)-3,4,5-trihydroxy-6-(hydroxymethyl)oxan-2-yl]oxyoxan-2-yl]oxy-3,12-dihydroxy-4,4,8,10,14-pentamethyl-2,3,5,6,7,9,11,12; 1,3,5,8-tetrahydroxy-2,4-bis(3-methyl-2-butenyl)-9H-xanthen-9-one; 20-glucoginsenoside Rf; 28-O-Β-D-Glucopyranosyl-2Α-3Β-Dihydroxyolean-12-Ene-24,28-Dioic Acid; 3(S)-3-Butyl-4,5-dihydrophthalide; 3-O-Β-D-Glucopyranosyl Platycodigenin; 3Α-Sulfurenic Acid; 3Β-Hydroxy-16Α-Acetoxy-Lanosta-7,9(11),24-Trien-21-Oic Acid; 3Β-P-Hydroxybenzoyldehydrotumulosic Acid; 3Β-Sulphurenic Acid; Asteriscunolide A; BQZAYGMHUNJOFN-QHCPKHFHSA-N; BSOLHSZWRMTETL-ADDRHUGUSA-N; FLWOSPALDYFRIT-YUDQFNHXSA-N; FNYPZWBJPFEVFN-BOGWJICJSA-N; FSBIGDSBMBYOPN-UHFFFAOYSA-O; GCYWUSCEIDQNSA-LQHHGYOMSA-O; GKOGIVRFLBWMBF-UHFFFAOYSA-O; Garcinone D; Ginsenoside Ra0; Ginsenoside-Ra1; Ginsenoside-Ra2; Ginsenoside-Ra3; IKGXIBQEEMLURG-MQYJNRGKSA-N; JPDORDSJPIKURD-SEEPXDQQSA-N; KBIHHHDCLJQNHG-QRSJPUFVSA-N; KKLONPANWKAOPP-NOGJBKEZSA-N; LBTAFDHXNSPZSZ-RLWBLTEGSA-N; Lysimachoside; MPJKWIXIYCLVCU-KBPBESRZSA-N; NGKYAUZANWQMED-AHHRNOELSA-N; ONSYQRQUUDJRLS-HLCPMEHPSA-N; OTZOQIRIWXIAMN-JRZXUPDESA-O; PJIVLFIKRZQZOE-UNLXEKNESA-N; PLKUTZNSKRWCCA-MUDWGLKUSA-O; QGCICTMJHHIGBT-IKYVIWCTSA-N; QTLKLLVRFGYMRM-UAHDJZDYSA-N; SHPPXMGVUDNKLV-SHZVCPJDSA-N; Thalifendine; UCUBMAVPVJYHIR-OJMAEYRHSA-N; UEEFSWPSRLSUQJ-UCSVYGSWSA-N; UGTSZVWDFDIWIG-OAHLLOKOSA-N; USNPULRDBDVJAO-VMDWUGEZSA-O; UVMYLENKGIUJAG-XSUAZMNCSA-N; VHFHOBRIZGOORR-HXTCYWQUSA-N; Vitamin B1; YQNLDLVKFNZFTI-OFQLPADVSA-N; ZBRRQHJHHZFGNX-NBNRBSLVSA-N; dihydroergosterol; gensenoside- Rb1; ...(+9)	31	68	44	44	44	43	44	44	36	False	True	True					conflict_within_cid_connectivity	False	structure identity audit only; not evidence of herbal occurrence or biological activity	0		0		0			False				unresolved_after_pubchem	conflict_within_cid_connectivity	False		
272737055		0	0	0	0	0	0	0	0	0	False	False	False					unresolved_no_structure	False	structure identity audit only; not evidence of herbal occurrence or biological activity	0		0		0			False				unresolved_after_pubchem	unresolved_no_structure	False		
273207380		0	0	0	0	0	0	0	0	0	False	False	False					unresolved_no_structure	False	structure identity audit only; not evidence of herbal occurrence or biological activity	0		0		0			False				unresolved_after_pubchem	unresolved_no_structure	False		
273247001		0	0	0	0	0	0	0	0	0	False	False	False					unresolved_no_structure	False	structure identity audit only; not evidence of herbal occurrence or biological activity	0		0		0			False				unresolved_after_pubchem	unresolved_no_structure	False		
273362562		0	0	0	0	0	0	0	0	0	False	False	False					unresolved_no_structure	False	structure identity audit only; not evidence of herbal occurrence or biological activity	0		0		0			False				unresolved_after_pubchem	unresolved_no_structure	False		
273379896		0	0	0	0	0	0	0	0	0	False	False	False					unresolved_no_structure	False	structure identity audit only; not evidence of herbal occurrence or biological activity	0		0		0			False				unresolved_after_pubchem	unresolved_no_structure	False		
273379897		0	0	0	0	0	0	0	0	0	False	False	False					unresolved_no_structure	False	structure identity audit only; not evidence of herbal occurrence or biological activity	0		0		0			False				unresolved_after_pubchem	unresolved_no_structure	False		
273499403		0	0	0	0	0	0	0	0	0	False	False	False					unresolved_no_structure	False	structure identity audit only; not evidence of herbal occurrence or biological activity	0		0		0			False				unresolved_after_pubchem	unresolved_no_structure	False		
273591536		0	0	0	0	0	0	0	0	0	False	False	False					unresolved_no_structure	False	structure identity audit only; not evidence of herbal occurrence or biological activity	0		0		0			False				unresolved_after_pubchem	unresolved_no_structure	False		
274098968		0	0	0	0	0	0	0	0	0	False	False	False					unresolved_no_structure	False	structure identity audit only; not evidence of herbal occurrence or biological activity	0		0		0			False				unresolved_after_pubchem	unresolved_no_structure	False		
274132694		0	0	0	0	0	0	0	0	0	False	False	False					unresolved_no_structure	False	structure identity audit only; not evidence of herbal occurrence or biological activity	0		0		0			False				unresolved_after_pubchem	unresolved_no_structure	False		
274199024		0	0	0	0	0	0	0	0	0	False	False	False					unresolved_no_structure	False	structure identity audit only; not evidence of herbal occurrence or biological activity	0		0		0			False				unresolved_after_pubchem	unresolved_no_structure	False		
274439417		0	0	0	0	0	0	0	0	0	False	False	False					unresolved_no_structure	False	structure identity audit only; not evidence of herbal occurrence or biological activity	0		0		0			False				unresolved_after_pubchem	unresolved_no_structure	False		
274645567		0	0	0	0	0	0	0	0	0	False	False	False					unresolved_no_structure	False	structure identity audit only; not evidence of herbal occurrence or biological activity	0		0		0			False				unresolved_after_pubchem	unresolved_no_structure	False		
275180714		0	0	0	0	0	0	0	0	0	False	False	False					unresolved_no_structure	False	structure identity audit only; not evidence of herbal occurrence or biological activity	0		0		0			False				unresolved_after_pubchem	unresolved_no_structure	False		
275240350		0	0	0	0	0	0	0	0	0	False	False	False					unresolved_no_structure	False	structure identity audit only; not evidence of herbal occurrence or biological activity	0		0		0			False				unresolved_after_pubchem	unresolved_no_structure	False		
275249440		0	0	0	0	0	0	0	0	0	False	False	False					unresolved_no_structure	False	structure identity audit only; not evidence of herbal occurrence or biological activity	0		0		0			False				unresolved_after_pubchem	unresolved_no_structure	False		
275370883		0	0	0	0	0	0	0	0	0	False	False	False					unresolved_no_structure	False	structure identity audit only; not evidence of herbal occurrence or biological activity	0		0		0			False				unresolved_after_pubchem	unresolved_no_structure	False		
275549649		0	0	0	0	0	0	0	0	0	False	False	False					unresolved_no_structure	False	structure identity audit only; not evidence of herbal occurrence or biological activity	0		0		0			False				unresolved_after_pubchem	unresolved_no_structure	False		
355127928		0	0	0	0	0	0	0	0	0	False	False	False					unresolved_no_structure	False	structure identity audit only; not evidence of herbal occurrence or biological activity	0		0		0			False				unresolved_after_pubchem	unresolved_no_structure	False		
366203997		0	0	0	0	0	0	0	0	0	False	False	False					unresolved_no_structure	False	structure identity audit only; not evidence of herbal occurrence or biological activity	0		0		0			False				unresolved_after_pubchem	unresolved_no_structure	False		
468639369		0	0	0	0	0	0	0	0	0	False	False	False					unresolved_no_structure	False	structure identity audit only; not evidence of herbal occurrence or biological activity	0		0		0			False				unresolved_after_pubchem	unresolved_no_structure	False		
469419900		0	0	0	0	0	0	0	0	0	False	False	False					unresolved_no_structure	False	structure identity audit only; not evidence of herbal occurrence or biological activity	0		0		0			False				unresolved_after_pubchem	unresolved_no_structure	False		
475952300		0	0	0	0	0	0	0	0	0	False	False	False					unresolved_no_structure	False	structure identity audit only; not evidence of herbal occurrence or biological activity	0		0		0			False				unresolved_after_pubchem	unresolved_no_structure	False		
482126085		0	0	0	0	0	0	0	0	0	False	False	False					unresolved_no_structure	False	structure identity audit only; not evidence of herbal occurrence or biological activity	0		0		0			False				unresolved_after_pubchem	unresolved_no_structure	False		
496109856		0	0	0	0	0	0	0	0	0	False	False	False					unresolved_no_structure	False	structure identity audit only; not evidence of herbal occurrence or biological activity	0		0		0			False				unresolved_after_pubchem	unresolved_no_structure	False		
498175946		0	0	0	0	0	0	0	0	0	False	False	False					unresolved_no_structure	False	structure identity audit only; not evidence of herbal occurrence or biological activity	0		0		0			False				unresolved_after_pubchem	unresolved_no_structure	False		
505189053	Asp-V	1	1	1	0	0	0	0	0	0	False	False	False					unresolved_parse_failure	False	structure identity audit only; not evidence of herbal occurrence or biological activity	0		0		0			False				unresolved_after_pubchem	unresolved_parse_failure	False		
519671245		0	0	0	0	0	0	0	0	0	False	False	False					unresolved_no_structure	False	structure identity audit only; not evidence of herbal occurrence or biological activity	0		0		0			False				unresolved_after_pubchem	unresolved_no_structure	False		
519705141		0	0	0	0	0	0	0	0	0	False	False	False					unresolved_no_structure	False	structure identity audit only; not evidence of herbal occurrence or biological activity	0		0		0			False				unresolved_after_pubchem	unresolved_no_structure	False		
