route_id	route_type	dedup_key	parent_cid	substrate_name	product_cid	product_name	target_gene	microbe_name	upstream_models	target_models	transformation_pmids	target_pmids	all_source_ids	source_databases	raw_model_rows	alteration	associative_mode_mg	model_evidence_class	route_base_weight	mapping_conflict	is_self_loop	route_audit_status	human_database_route_eligible	route_exclusion_reason
MICRO-001	microbial	175|104775|FFAR2	175	Acetate	104775	Butyrate	FFAR2	Agathobacter rectalis; Bifidobacterium longum subsp. infantis; Faecalibacterium prausnitzii; Gemmiger formicilis	human;mouse	human	22018234;23692866;35504279;36771360	28322790;31734354;33101496	22018234;23692866;28322790;31734354;33101496;35504279;36771360	GutMGene	12	activation	causally	mixed_human_mouse	0.7	False	False	primary-paper experiment details pending	False	mixed human/mouse upstream evidence
MICRO-002	microbial	175|104775|FFAR3	175	Acetate	104775	Butyrate	FFAR3	Agathobacter rectalis; Bifidobacterium longum subsp. infantis; Faecalibacterium prausnitzii; Gemmiger formicilis	human;mouse	human	22018234;23692866;35504279;36771360	12711604;28322790	12711604;22018234;23692866;28322790;35504279;36771360	GutMGene	8	activation	causally	mixed_human_mouse	0.7	False	False	primary-paper experiment details pending	False	mixed human/mouse upstream evidence
MICRO-003	microbial	175|104775|GCK	175	Acetate	104775	Butyrate	GCK	Agathobacter rectalis; Bifidobacterium longum subsp. infantis; Faecalibacterium prausnitzii; Gemmiger formicilis	human;mouse	human	22018234;23692866;35504279;36771360	35045871	22018234;23692866;35045871;35504279;36771360	GutMGene	4	inhibition	correlatively	mixed_human_mouse	0.35	False	False	primary-paper experiment details pending	False	mixed human/mouse upstream evidence
MICRO-004	microbial	175|104775|PPARG	175	Acetate	104775	Butyrate	PPARG	Agathobacter rectalis; Bifidobacterium longum subsp. infantis; Faecalibacterium prausnitzii; Gemmiger formicilis	human;mouse	human	22018234;23692866;35504279;36771360	25946041	22018234;23692866;25946041;35504279;36771360	GutMGene	4	inhibition	causally	mixed_human_mouse	0.7	False	False	primary-paper experiment details pending	False	mixed human/mouse upstream evidence
MICRO-005	microbial	283|104745|FFAR2	283	Formate	104745	Propionate	FFAR2	Coprococcus comes; Coprococcus eutactus	mouse	human	24553467	12711604;28322790	12711604;24553467;28322790	GutMGene	4	activation	causally	mouse_only	0.35	False	False	primary-paper experiment details pending	False	mouse-only upstream evidence
MICRO-006	microbial	283|104745|FFAR3	283	Formate	104745	Propionate	FFAR3	Coprococcus comes; Coprococcus eutactus	mouse	human	24553467	12711604;28322790	12711604;24553467;28322790	GutMGene	4	activation	causally	mouse_only	0.35	False	False	primary-paper experiment details pending	False	mouse-only upstream evidence
MICRO-007	microbial	612|104745|FFAR2	612	Lactic Acid	104745	Propionate	FFAR2	Anaerotignum lactatifermentans; Anaerotignum propionicum; Clostridium botulinum; Clostridium sp. MSTE9gi; Coprococcus catus; Coprococcus comes; Coprococcus eutactus; Desulfosporosinus sp.; Fusobacterium sp.; Megasphaera sp.; Peptoniphilus indolicus	mouse	human	24553467	12711604;28322790	12711604;24553467;28322790	GutMGene	22	activation	causally	mouse_only	0.35	False	False	primary-paper experiment details pending	False	mouse-only upstream evidence
MICRO-008	microbial	612|104745|FFAR3	612	Lactic Acid	104745	Propionate	FFAR3	Anaerotignum lactatifermentans; Anaerotignum propionicum; Clostridium botulinum; Clostridium sp. MSTE9gi; Coprococcus catus; Coprococcus comes; Coprococcus eutactus; Desulfosporosinus sp.; Fusobacterium sp.; Megasphaera sp.; Peptoniphilus indolicus	mouse	human	24553467	12711604;28322790	12711604;24553467;28322790	GutMGene	22	activation	causally	mouse_only	0.35	False	False	primary-paper experiment details pending	False	mouse-only upstream evidence
MICRO-009	microbial	1175|175|FFAR2	1175	Uric Acid	175	Acetate	FFAR2	Enterocloster bolteae	mouse	human	37279756	12711604;28322790	12711604;28322790;37279756	GutMGene	2	activation	causally	mouse_only	0.35	False	False	primary-paper experiment details pending	False	mouse-only upstream evidence
MICRO-010	microbial	1175|175|FFAR3	1175	Uric Acid	175	Acetate	FFAR3	Enterocloster bolteae	mouse	human	37279756	28322790	28322790;37279756	GutMGene	1	activation	causally	mouse_only	0.35	False	False	primary-paper experiment details pending	False	mouse-only upstream evidence
MICRO-011	microbial	5780|104745|FFAR2	5780	Sorbitol	104745	Propionate	FFAR2	Acidipropionibacterium acidipropionici	human	human	25852990	12711604;28322790	12711604;25852990;28322790	GutMGene	2	activation	causally	human_only	1.0	False	False	primary-paper experiment details pending	True	eligible for audited human database subset
MICRO-012	microbial	5780|104745|FFAR3	5780	Sorbitol	104745	Propionate	FFAR3	Acidipropionibacterium acidipropionici	human	human	25852990	12711604;28322790	12711604;25852990;28322790	GutMGene	2	activation	causally	human_only	1.0	False	False	primary-paper experiment details pending	True	eligible for audited human database subset
MICRO-013	microbial	5793|175|FFAR2	5793	D-Glucose	175	Acetate	FFAR2	Bacteria Latreille et al. 1825; Bacteroides thetaiotaomicron; Barnesiella intestinihominis; Blautia faecis; Christensenella minuta; Clostridium pasteurianum; Collinsella tanakaei; Enterocloster asparagiformis; Roseburia gnavus; Roseburia obeum; Succinatimonas hippei; Succinivibrio dextrinosolvens; [Clostridium] scindens; [Ruminococcus] torques	human;mouse	human	16337765;19060046;19749029;20023061;21357455;21484167;22018234;22544782;24553467;30737348;32873608;8481001	12711604;28322790	12711604;16337765;19060046;19749029;20023061;21357455;21484167;22018234;22544782;24553467;28322790;30737348;32873608;8481001	GutMGene	28	activation	causally	mixed_human_mouse	0.7	False	False	primary-paper experiment details pending	False	mixed human/mouse upstream evidence
MICRO-014	microbial	5793|175|FFAR3	5793	D-Glucose	175	Acetate	FFAR3	Bacteria Latreille et al. 1825; Bacteroides thetaiotaomicron; Barnesiella intestinihominis; Blautia faecis; Christensenella minuta; Clostridium pasteurianum; Collinsella tanakaei; Enterocloster asparagiformis; Roseburia gnavus; Roseburia obeum; Succinatimonas hippei; Succinivibrio dextrinosolvens; [Clostridium] scindens; [Ruminococcus] torques	human;mouse	human	16337765;19060046;19749029;20023061;21357455;21484167;22018234;22544782;24553467;30737348;32873608;8481001	28322790	16337765;19060046;19749029;20023061;21357455;21484167;22018234;22544782;24553467;28322790;30737348;32873608;8481001	GutMGene	14	activation	causally	mixed_human_mouse	0.7	False	False	primary-paper experiment details pending	False	mixed human/mouse upstream evidence
MICRO-015	microbial	5793|104745|FFAR2	5793	D-Glucose	104745	Propionate	FFAR2	Bacteroides thetaiotaomicron	human	human	32873608	12711604;28322790	12711604;28322790;32873608	GutMGene	2	activation	causally	human_only	1.0	False	False	primary-paper experiment details pending	True	eligible for audited human database subset
MICRO-016	microbial	5793|104745|FFAR3	5793	D-Glucose	104745	Propionate	FFAR3	Bacteroides thetaiotaomicron	human	human	32873608	12711604;28322790	12711604;28322790;32873608	GutMGene	2	activation	causally	human_only	1.0	False	False	primary-paper experiment details pending	True	eligible for audited human database subset
MICRO-017	microbial	5793|104775|FFAR2	5793	D-Glucose	104775	Butyrate	FFAR2	Butyricimonas synergistica; Butyricimonas virosa; Christensenella minuta; Clostridium pasteurianum; Roseburia inulinivorans	human;mouse	human	19542124;21357455;22018234;24553467	28322790;31734354;33101496	19542124;21357455;22018234;24553467;28322790;31734354;33101496	GutMGene	15	activation	causally	mixed_human_mouse	0.7	False	False	primary-paper experiment details pending	False	mixed human/mouse upstream evidence
MICRO-018	microbial	5793|104775|FFAR3	5793	D-Glucose	104775	Butyrate	FFAR3	Butyricimonas synergistica; Butyricimonas virosa; Christensenella minuta; Clostridium pasteurianum; Roseburia inulinivorans	human;mouse	human	19542124;21357455;22018234;24553467	12711604;28322790	12711604;19542124;21357455;22018234;24553467;28322790	GutMGene	10	activation	causally	mixed_human_mouse	0.7	False	False	primary-paper experiment details pending	False	mixed human/mouse upstream evidence
MICRO-019	microbial	5793|104775|GCK	5793	D-Glucose	104775	Butyrate	GCK	Butyricimonas synergistica; Butyricimonas virosa; Christensenella minuta; Clostridium pasteurianum; Roseburia inulinivorans	human;mouse	human	19542124;21357455;22018234;24553467	35045871	19542124;21357455;22018234;24553467;35045871	GutMGene	5	inhibition	correlatively	mixed_human_mouse	0.35	False	False	primary-paper experiment details pending	False	mixed human/mouse upstream evidence
MICRO-020	microbial	5793|104775|PPARG	5793	D-Glucose	104775	Butyrate	PPARG	Butyricimonas synergistica; Butyricimonas virosa; Christensenella minuta; Clostridium pasteurianum; Roseburia inulinivorans	human;mouse	human	19542124;21357455;22018234;24553467	25946041	19542124;21357455;22018234;24553467;25946041	GutMGene	5	inhibition	causally	mixed_human_mouse	0.7	False	False	primary-paper experiment details pending	False	mixed human/mouse upstream evidence
MICRO-021	microbial	10712|175|FFAR2	10712	D-(+)-Cellobiose	175	Acetate	FFAR2	Ruminococcus champanellensis	human	human	21357460	12711604;28322790	12711604;21357460;28322790	GutMGene	2	activation	causally	human_only	1.0	False	False	primary-paper experiment details pending	True	eligible for audited human database subset
MICRO-022	microbial	10712|175|FFAR3	10712	D-(+)-Cellobiose	175	Acetate	FFAR3	Ruminococcus champanellensis	human	human	21357460	28322790	21357460;28322790	GutMGene	1	activation	causally	human_only	1.0	False	False	primary-paper experiment details pending	True	eligible for audited human database subset
MICRO-023	microbial	17106|104745|FFAR2	17106	L-Fucose	104745	Propionate	FFAR2	Akkermansia muciniphila; Roseburia inulinivorans; Ruminococcus sp.	human;mouse	human	16740940;24553467	12711604;28322790	12711604;16740940;24553467;28322790	GutMGene	8	activation	causally	mixed_human_mouse	0.7	False	False	primary-paper experiment details pending	False	mixed human/mouse upstream evidence
MICRO-024	microbial	17106|104745|FFAR3	17106	L-Fucose	104745	Propionate	FFAR3	Akkermansia muciniphila; Roseburia inulinivorans; Ruminococcus sp.	human;mouse	human	16740940;24553467	12711604;28322790	12711604;16740940;24553467;28322790	GutMGene	8	activation	causally	mixed_human_mouse	0.7	False	False	primary-paper experiment details pending	False	mixed human/mouse upstream evidence
MICRO-025	microbial	17106|104775|FFAR2	17106	L-Fucose	104775	Butyrate	FFAR2	Roseburia inulinivorans	human	human	16740940	28322790;31734354;33101496	16740940;28322790;31734354;33101496	GutMGene	3	activation	causally	human_only	1.0	False	False	primary-paper experiment details pending	True	eligible for audited human database subset
MICRO-026	microbial	17106|104775|FFAR3	17106	L-Fucose	104775	Butyrate	FFAR3	Roseburia inulinivorans	human	human	16740940	12711604;28322790	12711604;16740940;28322790	GutMGene	2	activation	causally	human_only	1.0	False	False	primary-paper experiment details pending	True	eligible for audited human database subset
MICRO-027	microbial	17106|104775|GCK	17106	L-Fucose	104775	Butyrate	GCK	Roseburia inulinivorans	human	human	16740940	35045871	16740940;35045871	GutMGene	1	inhibition	correlatively	human_only	0.5	False	False	primary-paper experiment details pending	False	target association deposited as correlational
MICRO-028	microbial	17106|104775|PPARG	17106	L-Fucose	104775	Butyrate	PPARG	Roseburia inulinivorans	human	human	16740940	25946041	16740940;25946041	GutMGene	1	inhibition	causally	human_only	1.0	False	False	primary-paper experiment details pending	True	eligible for audited human database subset
MICRO-029	microbial	18950|175|FFAR2	18950	D-Mannose	175	Acetate	FFAR2	Christensenella minuta	human	human	21357455	12711604;28322790	12711604;21357455;28322790	GutMGene	2	activation	causally	human_only	1.0	False	False	primary-paper experiment details pending	True	eligible for audited human database subset
MICRO-030	microbial	18950|175|FFAR3	18950	D-Mannose	175	Acetate	FFAR3	Christensenella minuta	human	human	21357455	28322790	21357455;28322790	GutMGene	1	activation	causally	human_only	1.0	False	False	primary-paper experiment details pending	True	eligible for audited human database subset
MICRO-031	microbial	18950|104775|FFAR2	18950	D-Mannose	104775	Butyrate	FFAR2	Christensenella minuta	human	human	21357455	28322790;31734354;33101496	21357455;28322790;31734354;33101496	GutMGene	3	activation	causally	human_only	1.0	False	False	primary-paper experiment details pending	True	eligible for audited human database subset
MICRO-032	microbial	18950|104775|FFAR3	18950	D-Mannose	104775	Butyrate	FFAR3	Christensenella minuta	human	human	21357455	12711604;28322790	12711604;21357455;28322790	GutMGene	2	activation	causally	human_only	1.0	False	False	primary-paper experiment details pending	True	eligible for audited human database subset
MICRO-033	microbial	18950|104775|GCK	18950	D-Mannose	104775	Butyrate	GCK	Christensenella minuta	human	human	21357455	35045871	21357455;35045871	GutMGene	1	inhibition	correlatively	human_only	0.5	False	False	primary-paper experiment details pending	False	target association deposited as correlational
MICRO-034	microbial	18950|104775|PPARG	18950	D-Mannose	104775	Butyrate	PPARG	Christensenella minuta	human	human	21357455	25946041	21357455;25946041	GutMGene	1	inhibition	causally	human_only	1.0	False	False	primary-paper experiment details pending	True	eligible for audited human database subset
MICRO-035	microbial	25310|175|FFAR2	25310	L-Rhamnose	175	Acetate	FFAR2	Christensenella minuta	human	human	21357455	12711604;28322790	12711604;21357455;28322790	GutMGene	2	activation	causally	human_only	1.0	False	False	primary-paper experiment details pending	True	eligible for audited human database subset
MICRO-036	microbial	25310|175|FFAR3	25310	L-Rhamnose	175	Acetate	FFAR3	Christensenella minuta	human	human	21357455	28322790	21357455;28322790	GutMGene	1	activation	causally	human_only	1.0	False	False	primary-paper experiment details pending	True	eligible for audited human database subset
MICRO-037	microbial	25310|104775|FFAR2	25310	L-Rhamnose	104775	Butyrate	FFAR2	Christensenella minuta	human	human	21357455	28322790;31734354;33101496	21357455;28322790;31734354;33101496	GutMGene	3	activation	causally	human_only	1.0	False	False	primary-paper experiment details pending	True	eligible for audited human database subset
MICRO-038	microbial	25310|104775|FFAR3	25310	L-Rhamnose	104775	Butyrate	FFAR3	Christensenella minuta	human	human	21357455	12711604;28322790	12711604;21357455;28322790	GutMGene	2	activation	causally	human_only	1.0	False	False	primary-paper experiment details pending	True	eligible for audited human database subset
MICRO-039	microbial	25310|104775|GCK	25310	L-Rhamnose	104775	Butyrate	GCK	Christensenella minuta	human	human	21357455	35045871	21357455;35045871	GutMGene	1	inhibition	correlatively	human_only	0.5	False	False	primary-paper experiment details pending	False	target association deposited as correlational
MICRO-040	microbial	25310|104775|PPARG	25310	L-Rhamnose	104775	Butyrate	PPARG	Christensenella minuta	human	human	21357455	25946041	21357455;25946041	GutMGene	1	inhibition	causally	human_only	1.0	False	False	primary-paper experiment details pending	True	eligible for audited human database subset
MICRO-041	microbial	91435|104775|FFAR2	91435	Lactate	104775	Butyrate	FFAR2	Bifidobacterium longum subsp. infantis	mouse	human	35504279	28322790;31734354;33101496	28322790;31734354;33101496;35504279	GutMGene	3	activation	causally	mouse_only	0.35	False	False	primary-paper experiment details pending	False	mouse-only upstream evidence
MICRO-042	microbial	91435|104775|FFAR3	91435	Lactate	104775	Butyrate	FFAR3	Bifidobacterium longum subsp. infantis	mouse	human	35504279	12711604;28322790	12711604;28322790;35504279	GutMGene	2	activation	causally	mouse_only	0.35	False	False	primary-paper experiment details pending	False	mouse-only upstream evidence
MICRO-043	microbial	91435|104775|GCK	91435	Lactate	104775	Butyrate	GCK	Bifidobacterium longum subsp. infantis	mouse	human	35504279	35045871	35045871;35504279	GutMGene	1	inhibition	correlatively	mouse_only	0.175	False	False	primary-paper experiment details pending	False	mouse-only upstream evidence
MICRO-044	microbial	91435|104775|PPARG	91435	Lactate	104775	Butyrate	PPARG	Bifidobacterium longum subsp. infantis	mouse	human	35504279	25946041	25946041;35504279	GutMGene	1	inhibition	causally	mouse_only	0.35	False	False	primary-paper experiment details pending	False	mouse-only upstream evidence
MICRO-045	microbial	135191|175|FFAR2	135191	D-Xylose	175	Acetate	FFAR2	Christensenella minuta	human	human	21357455	12711604;28322790	12711604;21357455;28322790	GutMGene	2	activation	causally	human_only	1.0	False	False	primary-paper experiment details pending	True	eligible for audited human database subset
MICRO-046	microbial	135191|175|FFAR3	135191	D-Xylose	175	Acetate	FFAR3	Christensenella minuta	human	human	21357455	28322790	21357455;28322790	GutMGene	1	activation	causally	human_only	1.0	False	False	primary-paper experiment details pending	True	eligible for audited human database subset
MICRO-047	microbial	135191|104775|FFAR2	135191	D-Xylose	104775	Butyrate	FFAR2	Christensenella minuta	human	human	21357455	28322790;31734354;33101496	21357455;28322790;31734354;33101496	GutMGene	3	activation	causally	human_only	1.0	False	False	primary-paper experiment details pending	True	eligible for audited human database subset
MICRO-048	microbial	135191|104775|FFAR3	135191	D-Xylose	104775	Butyrate	FFAR3	Christensenella minuta	human	human	21357455	12711604;28322790	12711604;21357455;28322790	GutMGene	2	activation	causally	human_only	1.0	False	False	primary-paper experiment details pending	True	eligible for audited human database subset
MICRO-049	microbial	135191|104775|GCK	135191	D-Xylose	104775	Butyrate	GCK	Christensenella minuta	human	human	21357455	35045871	21357455;35045871	GutMGene	1	inhibition	correlatively	human_only	0.5	False	False	primary-paper experiment details pending	False	target association deposited as correlational
MICRO-050	microbial	135191|104775|PPARG	135191	D-Xylose	104775	Butyrate	PPARG	Christensenella minuta	human	human	21357455	25946041	21357455;25946041	GutMGene	1	inhibition	causally	human_only	1.0	False	False	primary-paper experiment details pending	True	eligible for audited human database subset
MICRO-051	microbial	160419|104745|FFAR2	160419	Succinate	104745	Propionate	FFAR2	Bacteroides; Dialister succinatiphilus; Hungatella hathewayi; Phascolarctobacterium faecium; Phascolarctobacterium succinatutens; Selenomonas ruminantium; Veillonella dispar; Veillonella parvula	human;mouse	human	19060046;22018234;22081579;24553467	12711604;28322790	12711604;19060046;22018234;22081579;24553467;28322790	GutMGene	20	activation	causally	mixed_human_mouse	0.7	False	False	primary-paper experiment details pending	False	mixed human/mouse upstream evidence
MICRO-052	microbial	160419|104745|FFAR3	160419	Succinate	104745	Propionate	FFAR3	Bacteroides; Dialister succinatiphilus; Hungatella hathewayi; Phascolarctobacterium faecium; Phascolarctobacterium succinatutens; Selenomonas ruminantium; Veillonella dispar; Veillonella parvula	human;mouse	human	19060046;22018234;22081579;24553467	12711604;28322790	12711604;19060046;22018234;22081579;24553467;28322790	GutMGene	20	activation	causally	mixed_human_mouse	0.7	False	False	primary-paper experiment details pending	False	mixed human/mouse upstream evidence
MICRO-053	microbial	439195|175|FFAR2	439195	L-Arabinose	175	Acetate	FFAR2	Christensenella minuta	human	human	21357455	12711604;28322790	12711604;21357455;28322790	GutMGene	2	activation	causally	human_only	1.0	False	False	primary-paper experiment details pending	True	eligible for audited human database subset
MICRO-054	microbial	439195|175|FFAR3	439195	L-Arabinose	175	Acetate	FFAR3	Christensenella minuta	human	human	21357455	28322790	21357455;28322790	GutMGene	1	activation	causally	human_only	1.0	False	False	primary-paper experiment details pending	True	eligible for audited human database subset
MICRO-055	microbial	439195|104775|FFAR2	439195	L-Arabinose	104775	Butyrate	FFAR2	Christensenella minuta	human	human	21357455	28322790;31734354;33101496	21357455;28322790;31734354;33101496	GutMGene	3	activation	causally	human_only	1.0	False	False	primary-paper experiment details pending	True	eligible for audited human database subset
MICRO-056	microbial	439195|104775|FFAR3	439195	L-Arabinose	104775	Butyrate	FFAR3	Christensenella minuta	human	human	21357455	12711604;28322790	12711604;21357455;28322790	GutMGene	2	activation	causally	human_only	1.0	False	False	primary-paper experiment details pending	True	eligible for audited human database subset
MICRO-057	microbial	439195|104775|GCK	439195	L-Arabinose	104775	Butyrate	GCK	Christensenella minuta	human	human	21357455	35045871	21357455;35045871	GutMGene	1	inhibition	correlatively	human_only	0.5	False	False	primary-paper experiment details pending	False	target association deposited as correlational
MICRO-058	microbial	439195|104775|PPARG	439195	L-Arabinose	104775	Butyrate	PPARG	Christensenella minuta	human	human	21357455	25946041	21357455;25946041	GutMGene	1	inhibition	causally	human_only	1.0	False	False	primary-paper experiment details pending	True	eligible for audited human database subset
MICRO-059	microbial	439503|175|FFAR2	439503	Salicin	175	Acetate	FFAR2	Christensenella minuta	human	human	21357455	12711604;28322790	12711604;21357455;28322790	GutMGene	2	activation	causally	human_only	1.0	False	False	primary-paper experiment details pending	True	eligible for audited human database subset
MICRO-060	microbial	439503|175|FFAR3	439503	Salicin	175	Acetate	FFAR3	Christensenella minuta	human	human	21357455	28322790	21357455;28322790	GutMGene	1	activation	causally	human_only	1.0	False	False	primary-paper experiment details pending	True	eligible for audited human database subset
MICRO-061	microbial	439503|104775|FFAR2	439503	Salicin	104775	Butyrate	FFAR2	Christensenella minuta	human	human	21357455	28322790;31734354;33101496	21357455;28322790;31734354;33101496	GutMGene	3	activation	causally	human_only	1.0	False	False	primary-paper experiment details pending	True	eligible for audited human database subset
MICRO-062	microbial	439503|104775|FFAR3	439503	Salicin	104775	Butyrate	FFAR3	Christensenella minuta	human	human	21357455	12711604;28322790	12711604;21357455;28322790	GutMGene	2	activation	causally	human_only	1.0	False	False	primary-paper experiment details pending	True	eligible for audited human database subset
MICRO-063	microbial	439503|104775|GCK	439503	Salicin	104775	Butyrate	GCK	Christensenella minuta	human	human	21357455	35045871	21357455;35045871	GutMGene	1	inhibition	correlatively	human_only	0.5	False	False	primary-paper experiment details pending	False	target association deposited as correlational
MICRO-064	microbial	439503|104775|PPARG	439503	Salicin	104775	Butyrate	PPARG	Christensenella minuta	human	human	21357455	25946041	21357455;25946041	GutMGene	1	inhibition	causally	human_only	1.0	False	False	primary-paper experiment details pending	True	eligible for audited human database subset
MICRO-065	microbial	439531|175|FFAR2	439531	Stachyose	175	Acetate	FFAR2	Bifidobacterium; Lactobacillus	mouse	human	33233042	12711604;28322790	12711604;28322790;33233042	GutMGene	4	activation	causally	mouse_only	0.35	False	False	primary-paper experiment details pending	False	mouse-only upstream evidence
MICRO-066	microbial	439531|175|FFAR3	439531	Stachyose	175	Acetate	FFAR3	Bifidobacterium; Lactobacillus	mouse	human	33233042	28322790	28322790;33233042	GutMGene	2	activation	causally	mouse_only	0.35	False	False	primary-paper experiment details pending	False	mouse-only upstream evidence
MICRO-067	microbial	439531|104745|FFAR2	439531	Stachyose	104745	Propionate	FFAR2	Bifidobacterium; Lactobacillus	mouse	human	33233042	12711604;28322790	12711604;28322790;33233042	GutMGene	4	activation	causally	mouse_only	0.35	False	False	primary-paper experiment details pending	False	mouse-only upstream evidence
MICRO-068	microbial	439531|104745|FFAR3	439531	Stachyose	104745	Propionate	FFAR3	Bifidobacterium; Lactobacillus	mouse	human	33233042	12711604;28322790	12711604;28322790;33233042	GutMGene	4	activation	causally	mouse_only	0.35	False	False	primary-paper experiment details pending	False	mouse-only upstream evidence
MICRO-069	microbial	5280450|24970825|PPARG	5280450	Linoleic Acid	24970825	10-keto-12Z-octadecenoic acid	PPARG	Lacticaseibacillus paracasei	human	human	25749343	25749343	25749343	GutMGene	1	activation	causally	human_only	1.0	False	False	primary-paper experiment details pending	True	eligible for audited human database subset
MICRO-070	microbial	5280804|175|FFAR2	5280804	Isoquercetin	175	Acetate	FFAR2	Enterococcus casseliflavus; Eubacterium ramulus	human	human	10648107;9914304	12711604;28322790	10648107;12711604;28322790;9914304	GutMGene	6	activation	causally	human_only	1.0	False	False	primary-paper experiment details pending	True	eligible for audited human database subset
MICRO-071	microbial	5280804|175|FFAR3	5280804	Isoquercetin	175	Acetate	FFAR3	Enterococcus casseliflavus; Eubacterium ramulus	human	human	10648107;9914304	28322790	10648107;28322790;9914304	GutMGene	3	activation	causally	human_only	1.0	False	False	primary-paper experiment details pending	True	eligible for audited human database subset
MICRO-072	microbial	5280804|104775|FFAR2	5280804	Isoquercetin	104775	Butyrate	FFAR2	Eubacterium ramulus	human	human	10648107;9914304	28322790;31734354;33101496	10648107;28322790;31734354;33101496;9914304	GutMGene	6	activation	causally	human_only	1.0	False	False	primary-paper experiment details pending	True	eligible for audited human database subset
MICRO-073	microbial	5280804|104775|FFAR3	5280804	Isoquercetin	104775	Butyrate	FFAR3	Eubacterium ramulus	human	human	10648107;9914304	12711604;28322790	10648107;12711604;28322790;9914304	GutMGene	4	activation	causally	human_only	1.0	False	False	primary-paper experiment details pending	True	eligible for audited human database subset
MICRO-074	microbial	5280804|104775|GCK	5280804	Isoquercetin	104775	Butyrate	GCK	Eubacterium ramulus	human	human	10648107;9914304	35045871	10648107;35045871;9914304	GutMGene	2	inhibition	correlatively	human_only	0.5	False	False	primary-paper experiment details pending	False	target association deposited as correlational
MICRO-075	microbial	5280804|104775|PPARG	5280804	Isoquercetin	104775	Butyrate	PPARG	Eubacterium ramulus	human	human	10648107;9914304	25946041	10648107;25946041;9914304	GutMGene	2	inhibition	causally	human_only	1.0	False	False	primary-paper experiment details pending	True	eligible for audited human database subset
HOST-001	host	1183|8468|INSR	1183	Vanillin	8468	4-hydroxy-3-methoxybenzoic acid	INSR	aryl-aldehyde dehydrogenase	host context not retained	human target panel assumed				BRENDA/HMDB/database bridge; terminal version incomplete	22	unknown	not retained	host_cascade_unverified	0.2	False	False	provenance incomplete; reaction requires source-level verification	False	primary reaction and product-target provenance incomplete; sensitivity only
HOST-002	host	2682|985|PPARG	2682	Cetyl Alcohol	985	hexadecanoic acid	PPARG	long-chain-alcohol dehydrogenase	host context not retained	human target panel assumed				BRENDA/HMDB/database bridge; terminal version incomplete	50	activator	not retained	excluded_mapping_conflict	0.0	True	False	mapping conflict	False	audited EC/reaction mapping conflict; zero weight
HOST-003	host	8194|3893|FFAR1	8194	Dodecanal	3893	dodecanoic acid	FFAR1	long-chain-alcohol dehydrogenase	host context not retained	human target panel assumed				BRENDA/HMDB/database bridge; terminal version incomplete	34	unknown	not retained	host_cascade_unverified	0.2	False	False	provenance incomplete; reaction requires source-level verification	False	primary reaction and product-target provenance incomplete; sensitivity only
HOST-004	host	8194|3893|PPARG	8194	Dodecanal	3893	dodecanoic acid	PPARG	long-chain-alcohol dehydrogenase	host context not retained	human target panel assumed				BRENDA/HMDB/database bridge; terminal version incomplete	50	activator	not retained	host_cascade_unverified	0.2	False	False	provenance incomplete; reaction requires source-level verification	False	primary reaction and product-target provenance incomplete; sensitivity only
HOST-005	host	12366|985|PPARG	12366	Ethyl Hexadecanoate	985	palmitic acid	PPARG	triacylglycerol lipase	host context not retained	human target panel assumed				BRENDA/HMDB/database bridge; terminal version incomplete	50	activator	not retained	host_cascade_unverified	0.2	False	False	provenance incomplete; reaction requires source-level verification	False	primary reaction and product-target provenance incomplete; sensitivity only
HOST-006	host	124886|312|GSK3B	124886	Glutathion	312	chloride	GSK3B	tetrachlorohydroquinone reductive dehalogenase	host context not retained	human target panel assumed				BRENDA/HMDB/database bridge; terminal version incomplete	156	unknown	not retained	host_cascade_unverified	0.2	False	False	provenance incomplete; reaction requires source-level verification	False	primary reaction and product-target provenance incomplete; sensitivity only
HOST-007	host	444899|5281|PPARG	444899	Arachidonic Acid	5281	Stearic acid	PPARG		host context not retained	human target panel assumed				BRENDA/HMDB/database bridge; terminal version incomplete	50	activator	not retained	host_cascade_unverified	0.2	False	False	provenance incomplete; reaction requires source-level verification	False	primary reaction and product-target provenance incomplete; sensitivity only
HOST-008	host	5280343|5280343|DPP4	5280343	Quercetin	5280343	Quercetin	DPP4		host context not retained	human target panel assumed				BRENDA/HMDB/database bridge; terminal version incomplete	10	unknown	not retained	excluded_mapping_conflict	0.0	True	True	mapping conflict	False	audited EC/reaction mapping conflict; zero weight
HOST-009	host	5280343|5280343|GSK3B	5280343	Quercetin	5280343	Quercetin	GSK3B		host context not retained	human target panel assumed				BRENDA/HMDB/database bridge; terminal version incomplete	156	unknown	not retained	excluded_mapping_conflict	0.0	True	True	mapping conflict	False	audited EC/reaction mapping conflict; zero weight
HOST-010	host	5280343|5280343|PPARG	5280343	Quercetin	5280343	Quercetin	PPARG		host context not retained	human target panel assumed				BRENDA/HMDB/database bridge; terminal version incomplete	50	activator	not retained	excluded_mapping_conflict	0.0	True	True	mapping conflict	False	audited EC/reaction mapping conflict; zero weight
HOST-011	host	5280934|444899|PPARG	5280934	Linolenic Acid	444899	arachidonic acid	PPARG	acyl-CoA 6-desaturase	host context not retained	human target panel assumed				BRENDA/HMDB/database bridge; terminal version incomplete	50	activator	not retained	host_cascade_unverified	0.2	False	False	provenance incomplete; reaction requires source-level verification	False	primary reaction and product-target provenance incomplete; sensitivity only
HOST-012	host	5280934|446284|PPARG	5280934	Linolenic Acid	446284	Eicosapentaenoic acid	PPARG		host context not retained	human target panel assumed				BRENDA/HMDB/database bridge; terminal version incomplete	50	activator	not retained	host_cascade_unverified	0.2	False	False	provenance incomplete; reaction requires source-level verification	False	primary reaction and product-target provenance incomplete; sensitivity only
HOST-013	host	5280961|5280961|DPP4	5280961	Genistein	5280961	Genistein	DPP4		host context not retained	human target panel assumed				BRENDA/HMDB/database bridge; terminal version incomplete	10	unknown	not retained	excluded_mapping_conflict	0.0	True	True	mapping conflict	False	audited EC/reaction mapping conflict; zero weight
HOST-014	host	5280961|5280961|GSK3B	5280961	Genistein	5280961	Genistein	GSK3B		host context not retained	human target panel assumed				BRENDA/HMDB/database bridge; terminal version incomplete	156	unknown	not retained	excluded_mapping_conflict	0.0	True	True	mapping conflict	False	audited EC/reaction mapping conflict; zero weight
HOST-015	host	5281607|5281607|GSK3B	5281607	Chrysin	5281607	5,7-Dihydroxyflavone	GSK3B		host context not retained	human target panel assumed				BRENDA/HMDB/database bridge; terminal version incomplete	156	unknown	not retained	excluded_mapping_conflict	0.0	True	True	mapping conflict	False	audited EC/reaction mapping conflict; zero weight
HOST-016	host	5281607|5281607|PPARG	5281607	Chrysin	5281607	5,7-Dihydroxyflavone	PPARG		host context not retained	human target panel assumed				BRENDA/HMDB/database bridge; terminal version incomplete	50	activator	not retained	excluded_mapping_conflict	0.0	True	True	mapping conflict	False	audited EC/reaction mapping conflict; zero weight
HOST-017	host	5282457|5280933|FFAR1	5282457	OYHQOLUKZRVURQ-AVQMFFATSA-N	5280933	gamma-Linolenic acid	FFAR1		host context not retained	human target panel assumed				BRENDA/HMDB/database bridge; terminal version incomplete	34	unknown	not retained	host_cascade_unverified	0.2	False	False	provenance incomplete; reaction requires source-level verification	False	primary reaction and product-target provenance incomplete; sensitivity only
HOST-018	host	5282457|5280933|PPARG	5282457	OYHQOLUKZRVURQ-AVQMFFATSA-N	5280933	gamma-Linolenic acid	PPARG		host context not retained	human target panel assumed				BRENDA/HMDB/database bridge; terminal version incomplete	50	activator	not retained	host_cascade_unverified	0.2	False	False	provenance incomplete; reaction requires source-level verification	False	primary reaction and product-target provenance incomplete; sensitivity only
HOST-019	host	5283562|3893|FFAR1	5283562	Cer(d18:1/12:0)	3893	lauric acid	FFAR1	ceramidase	host context not retained	human target panel assumed				BRENDA/HMDB/database bridge; terminal version incomplete	34	unknown	not retained	host_cascade_unverified	0.2	False	False	provenance incomplete; reaction requires source-level verification	False	primary reaction and product-target provenance incomplete; sensitivity only
HOST-020	host	5283562|3893|PPARG	5283562	Cer(d18:1/12:0)	3893	lauric acid	PPARG	ceramidase	host context not retained	human target panel assumed				BRENDA/HMDB/database bridge; terminal version incomplete	50	activator	not retained	host_cascade_unverified	0.2	False	False	provenance incomplete; reaction requires source-level verification	False	primary reaction and product-target provenance incomplete; sensitivity only
