path	bytes	sha256
.gitignore	454	bb751874338131044442246a6b926f36e92d66bf83f38e66e0a5efa5573b32da
CITATION.cff	748	a2f1249b7ca00ababfbd6805bd835c8b7b2b873d5bc7b1a99869297b3e71f2ff
DATA_LICENSE.md	1542	13b9290379daf1cca16104cd02ba6aec169062452871d08d41deecc49e38b1ec
DATA_SOURCES.md	4536	5f8cf7b6cbfe6237575b3bcb843d335d9f22d98b728bfa8c44cd62a30f7dfb0d
FIGURE_REPRODUCTION_QA.md	3538	6273207b1ddb029676fd728894659e9468ac2350453ffdbd84d05eb66590c593
FINAL_PUBLIC_RELEASE_AUDIT.md	10113	df6739ddb274ace7edb13cb1669f5baf30ce30b37d6184ae6a7751fa98aa2270
INPUT_SCHEMAS.md	2688	ffd79374b71defcbdf35e09287a1b230ff672bb6457a31e4e7d4db5a55004633
LICENSE	1094	56159a0913da524676e5c0989848104b38d3f25408dded78a9c422a5e00c65ac
LICENSE-DATA	863	e0a7727a57c4db595aa28470df7caa59abee9d247ac8403daa707c0ea82f3fb8
MANUSCRIPT_AVAILABILITY_TEXT.md	1670	4727880dc62c628c843d21d738c7e99c8bc8c0e590fbcb7dd04cf3be911f3b49
PUBLIC_RELEASE_ALLOWLIST.tsv	30071	5a4e46bf60aea2e5a3503bb152364ddd7b476cdadeec8922a8d63f1f377d935b
README.md	2850	ad222b0421d22f428bcd066ebf41aa199e5487cd7cdd505bc6f40503e149869c
RUN_REPRODUCTION.md	7742	ce3c212e8f900c3a31380541321229bfe650358a5b3aad72af9796fa5fd373b4
content/paper_upgrade_v1/04_rct/RCT_REVALIDATION_REPORT.md	2376	ae65b91674ea7ba7fe981017b1aa3db4e1ac40468e46b521492e8888e8afba3c
content/paper_upgrade_v1/04_rct/analysis_spec.json	669	37e533ada7fe76cd54ea895b1d12b86a8753e1472e665252e2674fadad185571
content/paper_upgrade_v1/04_rct/meta_results_revalidated.tsv	6717	24a84bded9beaa811186b9657dfdfc683aad0cc8573395698359dc8b39f3d463
content/paper_upgrade_v1/13_biotransformation_resolved_manuscript_v1/figures_submission_detail_optimized_v1/figure_source_crosswalk.tsv	1482	62e2766dd81a009b8e36f8668e6074c5f1bbad1e78db5f983bf61a7c7215b6de
content/paper_upgrade_v1/13_biotransformation_resolved_manuscript_v1/figures_submission_detail_optimized_v1/scripts/audit_panel_alignment.py	39364	43958e6b49d897f326ff64e73cbed0bf057e17c06533b5b57d3dededf8111e76
content/paper_upgrade_v1/13_biotransformation_resolved_manuscript_v1/figures_submission_detail_optimized_v1/scripts/make_figure2_detail_optimized_standalone.py	12226	46fb5ef5b8ba003d37acde59b18e0650a34d9038c58096dafe824c795fd37f39
content/paper_upgrade_v1/13_biotransformation_resolved_manuscript_v1/figures_submission_detail_optimized_v1/scripts/make_figure3_evidence_completion.py	14283	db0a04338b65c35592194113d664fbc58ef510193cc042b1a10cba6783fab32b
content/paper_upgrade_v1/13_biotransformation_resolved_manuscript_v1/figures_submission_detail_optimized_v1/scripts/make_figure3_source.py	16945	33b605164313cfa037a8a0591466f1f8bef54b91dc41a14e994f6d40b8018869
content/paper_upgrade_v1/13_biotransformation_resolved_manuscript_v1/figures_submission_detail_optimized_v1/scripts/make_figure4_detail_optimized.py	12348	ab3ae9870e4eb6f11560b1c19be72be40a16feccabfa252ac93fe57b50cedf42
content/paper_upgrade_v1/13_biotransformation_resolved_manuscript_v1/figures_submission_detail_optimized_v1/scripts/make_figure4_evidence_completion.py	13946	567808ca10587d5f3b728eb825d8f7a56f6fa27fae164cc9a246fd1b13a2f4e7
content/paper_upgrade_v1/13_biotransformation_resolved_manuscript_v1/figures_submission_detail_optimized_v1/scripts/make_figure5_redesign_v1.py	27137	1e86d794f1e3187cfab3b93eed9c9dbcf30855dece9f5e3d670ca11bc37fccbb
content/paper_upgrade_v1/13_biotransformation_resolved_manuscript_v1/figures_submission_detail_optimized_v1/scripts/make_figure5_source.py	6719	53b0ae8d0363ea9a84372a985026607cd84bebe13d4a22b1c420b11a69f908e0
content/paper_upgrade_v1/13_biotransformation_resolved_manuscript_v1/figures_submission_detail_optimized_v1/scripts/redesign_common.py	9012	21b7f43c940a3298fed0455871e989c44383251cd8f28ba0f33b708560b21bbf
content/paper_upgrade_v1/13_biotransformation_resolved_manuscript_v1/figures_submission_detail_optimized_v1/source/figure2/12_analysis_summary.csv	300	16e16d62c678c36e2fca1c5d867d415d32968dc3ddd210ec0411a8354d366488
content/paper_upgrade_v1/13_biotransformation_resolved_manuscript_v1/figures_submission_detail_optimized_v1/source/figure4/Figure3_cohort_context.tsv	135	5b8332ac676048f68d4e7bf0541fafdaf56bed95dbd659e485c8ccd93ba18a5c
content/paper_upgrade_v1/13_biotransformation_resolved_manuscript_v1/figures_submission_detail_optimized_v1/source/figure4/Figure3_cohort_effects.tsv	7512	6f05e016572b0d7e4d4c47dd167b019a981d7f5001d1ec8027a33d35743b1405
content/paper_upgrade_v1/13_biotransformation_resolved_manuscript_v1/figures_submission_detail_optimized_v1/source/figure4/Figure3_expanded_SCFA_audit.tsv	155	4c22ec6a2f39d45d0b1c659259ee0cc44abeb7d0b4c40f0765a95620530c6110
content/paper_upgrade_v1/13_biotransformation_resolved_manuscript_v1/figures_submission_detail_optimized_v1/source/figure4/Figure3_metformin_sensitivity.tsv	6946	5eb3c2b231d80860614822b04a4c176729dd960ca4fef9dd70b974350d92ce00
content/paper_upgrade_v1/13_biotransformation_resolved_manuscript_v1/figures_submission_detail_optimized_v1/source/figure4/Figure3_pooled_effects.tsv	2641	6150487fae412efd2349db6d8944ff2b603767c53f91c91a3e6d23c18d53fe25
content/paper_upgrade_v1/13_biotransformation_resolved_manuscript_v1/figures_submission_detail_optimized_v1/source/figure5/Figure4_alpha_by_donor.tsv	3944	b8ca34b3b0d0fdcce5d5c0f794b4d898c7aea9b157d7d1b06f7ff780f0b20707
content/paper_upgrade_v1/13_biotransformation_resolved_manuscript_v1/figures_submission_detail_optimized_v1/source/figure5/Figure4_alpha_stats.tsv	692	7fa42e93ea7aa6e35e1216a2e7f4080e59f9bdfd84a4051c729f74a39bd2e540
content/paper_upgrade_v1/13_biotransformation_resolved_manuscript_v1/figures_submission_detail_optimized_v1/source/figure5/Figure4_beta_stats.tsv	78	b64b932b017306c88490baff1e64e723788347984b23489d8dd414e8b5f18086
content/paper_upgrade_v1/13_biotransformation_resolved_manuscript_v1/figures_submission_detail_optimized_v1/source/figure5/Figure4_candidate_genera.tsv	1844	5c0d691deb8798227654bafe521192903c47cdc8fa92a34b738ea2f1919d5068
content/paper_upgrade_v1/13_biotransformation_resolved_manuscript_v1/figures_submission_detail_optimized_v1/source/figure5/Figure4_global_genera.tsv	20447	741398fadacb5b39d64de65bbda09a84a7211194221cb87013dab92f646884da
content/paper_upgrade_v1/13_biotransformation_resolved_manuscript_v1/figures_submission_detail_optimized_v1/source/figure5/Figure4_pcoa.tsv	959	370c2191421b4d9a37e1dd2b8829349e94a6c9c8799d8609e3e29783ab0437bf
content/paper_upgrade_v1/13_biotransformation_resolved_manuscript_v1/figures_submission_detail_optimized_v1/source/figure5/Figure4_qc_summary.tsv	211	c770797ece77ecd794a20afb55b47ce69d25241330404be6d29b85d4e9d366ab
content/paper_upgrade_v1/13_biotransformation_resolved_manuscript_v1/figures_submission_detail_optimized_v1/source/figure6/Figure5_TRIAL028_RoB2.tsv	917	65e53a0849c06249682c7db72649c8b1f4e66e459e56596d915bb3e2180298ed
content/paper_upgrade_v1/13_biotransformation_resolved_manuscript_v1/figures_submission_detail_optimized_v1/source/figure6/Figure5_TRIAL028_sensitivity.tsv	1910	8197abaae6b493fc503df3a97ddd0316b9b9c5562fa62818a7e9b5970fbc481a
content/paper_upgrade_v1/13_biotransformation_resolved_manuscript_v1/figures_submission_detail_optimized_v1/source/figure6/Figure5_maturity47.tsv	10361	11caeec3a84421e0d7187709949a5fc761e246e66fa4f8755c0c126f1bc95e50
content/paper_upgrade_v1/13_biotransformation_resolved_manuscript_v1/figures_submission_detail_optimized_v1/source/figure6/Figure5_primary_meta.tsv	6627	13610283b687ef119c94f1a8562813ddf12241143517e24c8ff858d413c0289e
content/paper_upgrade_v1/13_biotransformation_resolved_manuscript_v1/figures_submission_detail_optimized_v1/source/figure6/Figure5_screening_flow.tsv	1409	3316c7fefdbdb26a515fdbfda46215e4552254810fa24da3eb9c29d1a7de4554
content/paper_upgrade_v1/15_chinese_medicine_submission_v1/figures/Figure2.pdf	33216	75e5b90d26940d3f0e92688b88a80fac2e3d150fc14bc5405e88a08c550c0aac
content/paper_upgrade_v1/15_chinese_medicine_submission_v1/figures/Figure3.pdf	33224	54bf92fa3ffee4770f1b5d44ff57b5ac5d2686ad2d892d6f324a2a5768473c76
content/paper_upgrade_v1/15_chinese_medicine_submission_v1/figures/Figure4.pdf	29249	6a90f926abe467692776f03b0d6c1aefbeae130d9f8cd065f2583461eb7746d2
content/paper_upgrade_v1/15_chinese_medicine_submission_v1/figures/Figure5.pdf	33444	ad3c28615b1aca1d2e6a7503c1d65cb94c6c78a806fb98765a18ee9d6a1a39ea
content/paper_upgrade_v1/15_chinese_medicine_submission_v1/figures/Figure6.pdf	33624	49ac0eb6c65a5513a1f00dab476d5143ce9bee291ab539fe523fea819ff2f5cf
content/paper_upgrade_v1/15_chinese_medicine_submission_v1/figures/scripts/make_figure6_final_signed.py	11279	a6a6d16b171ba09fc53b09402b8c34f35dacf67b55e4dac7b8b5b40211b7ca8f
content/paper_upgrade_v1/evidence_completion_20260906_185743/04_rct/TRIAL028_three_scenario_meta_results.tsv	2207	9f8a855379696f7e6f5dc7fa9f3b30da33323dc43a18c93ebfb6dd5bfd08414e
content/paper_upgrade_v1/evidence_completion_human_gut_20260908_005251/cleaned/10_BbBgl_coordinate_primer_conflict.tsv	578	c141d49594a1a5e2af25ce0766bd774d49817b30d017062bc82d07a2a32821e1
content/paper_upgrade_v1/evidence_completion_human_gut_20260908_005251/cleaned/11_BglX_exact_sequence_record.tsv	620	efbab72d635e11d96fffe063ca9fc9a8af19b62f617c5ba12d753440c3256d30
content/paper_upgrade_v1/kg_evidence_sensitivity_20260908_110558/00_spec/ANALYSIS_SPEC.md	3129	584f3524eb6ba35e15ccf31c51ac68c3d86370533c5b08ceaae0903b66ea6111
content/paper_upgrade_v1/kg_evidence_sensitivity_20260908_110558/01_chemistry/00_missing_structure_cids_before_pubchem.tsv	835	804814ef95ea85611e580b7383e10fd9fedda6363eb0b5e3889b55676e814423
content/paper_upgrade_v1/kg_evidence_sensitivity_20260908_110558/01_chemistry/03_cross_cid_exact_duplicate_groups.tsv	39386	d8a482061cdd4586676a4fde9d55e9dfe7f5e2b1b1248acc8f43ff07e7fa5417
content/paper_upgrade_v1/kg_evidence_sensitivity_20260908_110558/01_chemistry/04_cross_cid_parent_duplicate_groups.tsv	55535	493f12ea7ef6c06a66b6fb70d96180d47d2ca573fe95b99bf27c1950f448bbba
content/paper_upgrade_v1/kg_evidence_sensitivity_20260908_110558/01_chemistry/05_cross_cid_tautomer_parent_groups.tsv	93239	b9a7047569da0b4691c5384c8ca17192a3a8ee9b4b68c7ccdc7b31e0d005b459
content/paper_upgrade_v1/kg_evidence_sensitivity_20260908_110558/01_chemistry/06_herb_entity_qc_summary.tsv	5322	90d958d3b3982fd2581776f052ffefe2b9dd8603f1b13d0a1fda8b8378975c92
content/paper_upgrade_v1/kg_evidence_sensitivity_20260908_110558/01_chemistry/07_route_entity_crosswalk.tsv	104251	75227c32eca35ef9789d5a2c59af65deecacc45df88e384d4580b11b68b0c97e
content/paper_upgrade_v1/kg_evidence_sensitivity_20260908_110558/01_chemistry/08A_pubchem_resolution_failures.tsv	73	9d1cef62ceb7e2d3d6bb8d628efefaca7338a01bece943ff1e89bdb32114a863
content/paper_upgrade_v1/kg_evidence_sensitivity_20260908_110558/01_chemistry/08_problem_cid_pubchem_resolution.tsv	89695	e32c9a297d5e15f2574bd10337cce25f8d8a7739c44f45fa9d7f39edef2eabfb
content/paper_upgrade_v1/kg_evidence_sensitivity_20260908_110558/01_chemistry/11_route_entity_crosswalk_final.tsv	57907	3bc45697df8ea2c5dc9eaac1c97abb21196e84a32ceb26b5b4e90215c9cd4d26
content/paper_upgrade_v1/kg_evidence_sensitivity_20260908_110558/01_chemistry/12_herb_entity_qc_summary_final.tsv	3260	7ee045e9630e99edbffe257a5204b041122c41f77ea549895aace86fc1f4e907
content/paper_upgrade_v1/kg_evidence_sensitivity_20260908_110558/01_chemistry/13_unresolved_entity_list.tsv	9915	431c0b1ec657125f6d804da359c3d9dd8bb0ce4379956852cf7acf0c65a4ef3f
content/paper_upgrade_v1/kg_evidence_sensitivity_20260908_110558/02_ranking/01_ranking_scenarios_long.tsv	50002	97345ed6ff026eedb98ce0a092c822086ad0ff8606b68b5ebabe06bdc3eaf0a8
content/paper_upgrade_v1/kg_evidence_sensitivity_20260908_110558/02_ranking/02_ranking_scenario_summary.tsv	474	1f16ed58c193785742ffa5dfd1b607f71bbc34a67dbe29d9c5d14d5e66175ce3
content/paper_upgrade_v1/kg_evidence_sensitivity_20260908_110558/02_ranking/03_herb_rank_shifts.tsv	34146	a3297ff0c391459856c9dc90c0efc7b049f5b2e42b2569011497712edc0273f8
content/paper_upgrade_v1/kg_evidence_sensitivity_20260908_110558/02_ranking/04_top20_by_scenario.tsv	9749	c859cce9cce2319f0710a1f6f9e01a4931c79bfedc57edbcca1ad765b4666529
content/paper_upgrade_v1/kg_evidence_sensitivity_20260908_110558/02_ranking/05_regression_diagnostics.tsv	670	37ea5c9f69a3d0cddd25e92add850651d1eb63dd0da5687993fb0eabbb6fd2d6
content/paper_upgrade_v1/kg_evidence_sensitivity_20260908_110558/03_agora2/01_full_model_coverage_scan.tsv	936191	52c5885ee9ed41e8a1b99686203d718d124e4a45c181d1a27b8ca41ed618e90a
content/paper_upgrade_v1/kg_evidence_sensitivity_20260908_110558/03_agora2/02_target_positive_xml_parse.tsv	148	8d5c5363c31a50226f3ed612e3ca20e92f0eff6c2aeb1b980c6ef883c7143b9b
content/paper_upgrade_v1/kg_evidence_sensitivity_20260908_110558/03_agora2/agora2_query_compounds_pubchem.tsv	3176	d40f6afba9277f500f84603d8dc59e403e950379f54d875a3f1fb90fef5a21b9
content/paper_upgrade_v1/kg_evidence_sensitivity_20260908_110558/logs/final_qa.json	501	5b292966d9a210ccadc061bc6283c1a3bbf243766068fc0077cf12e608c7d6c1
content/paper_upgrade_v1/kg_evidence_sensitivity_20260908_110558/scripts/run_ranking_evidence_sensitivity.py	9260	4652cf8c7f0248724d7bdf2b5d63d7eae9dd53e7a8ae1c8cc52433f6baca8dbd
content/paper_upgrade_v1/kg_evidence_sensitivity_20260908_110558/scripts/run_rdkit_entity_audit.py	17494	ad0b698e5b0b0e41ccbcf961b245c102e0a94117fb84954fd4ff5de287966687
content/paper_upgrade_v1/kg_evidence_sensitivity_20260908_110558/scripts/scan_agora2_full_coverage.py	8758	d63e6c842d2696b7ddb0ba55fff429a37a35907c1f1373d97137f21ae3d59e2a
content/paper_upgrade_v1/metabolism_aware_v2_20260907_013732/00_spec/ANALYSIS_SPEC.md	4066	c4774a9833e7fc06f3e3dce33be27f50c9d08cddec5b4387b33041e1589b3bf8
content/paper_upgrade_v1/metabolism_aware_v2_20260907_013732/00_spec/analysis_spec.json	1125	5c2c7a979ca8038bbe7e8ce090de9afc8fb6939ef67439cd2a77ea600c42494d
content/paper_upgrade_v1/metabolism_aware_v2_20260907_013732/01_routes/transformation_routes_audited_v2.tsv	34829	ce729b448aef13c872b3a4acc7e271347f5bda95fd5e3941aa2830a312f6d087
content/paper_upgrade_v1/metabolism_aware_v2_20260907_013732/02_rankings/KG_metabolism_aware_v2_alpha_sensitivity.tsv	18322	dd858404f3a128fe86583c3a8fae5452099a59ce414e853ffa6fc1a3074f8f69
content/paper_upgrade_v1/metabolism_aware_v2_20260907_013732/02_rankings/KG_metabolism_aware_v2_evidence_scenarios.tsv	39509	d4a6f0b3806d02c1a9d2f8e62fc1c0336b561121fadda29478500bfe8d9fa407
content/paper_upgrade_v1/metabolism_aware_v2_20260907_013732/02_rankings/KG_metabolism_aware_v2_tiered_ranking.tsv	66196	1f37ac58c3fbee658fcf270dd7c97ed442285926da6622fe400837d00439c720
content/paper_upgrade_v1/metabolism_aware_v2_20260907_013732/02_rankings/KG_metabolism_aware_v2_two_axis.tsv	66196	1f37ac58c3fbee658fcf270dd7c97ed442285926da6622fe400837d00439c720
content/paper_upgrade_v1/metabolism_aware_v2_20260907_013732/03_validation/alpha_sensitivity_summary.tsv	370	e894cfc09c1e88996ac76bec30a5370076327ee1854c5ec86d87fa50a720189c
content/paper_upgrade_v1/metabolism_aware_v2_20260907_013732/03_validation/degree_and_rank_correlations.tsv	587	1985320cd0dea3e44dab020dd6c8e839cd5084c41cc0dc4e4ef4ed0e29c6959e
content/paper_upgrade_v1/metabolism_aware_v2_20260907_013732/03_validation/evidence_scenario_summary.tsv	355	2f88a4fb91d7ae6b7a3f93442e65bfb73a656ac49a2b61f87562c964fdceb9c2
content/paper_upgrade_v1/metabolism_aware_v2_20260907_013732/03_validation/regression_diagnostics.json	743	9a25b1714de2843d63d09d1e8c486dc54bcd58fe765980d0d9a20c377d4db17a
content/paper_upgrade_v1/metabolism_aware_v2_20260907_013732/03_validation/topology_null_1000.tsv	40772	6c05edc4d7e9894a74d2bd68da3c1a2267d83806fd50b655cffa6a3ef10d311d
content/paper_upgrade_v1/metabolism_aware_v2_20260907_013732/03_validation/topology_null_summary.tsv	279	e8fe76dc28eb1838963ae70e22253d4f0d1fef70d530ab3a3ddf2e5fba85c0ce
content/paper_upgrade_v1/metabolism_aware_v2_20260907_013732/03_validation/validation_checks.json	444	2293ec7c2dc907e9291f23a604630414540773c24b0dbc09c3432b7b4419350a
content/paper_upgrade_v1/metabolism_aware_v2_20260907_013732/scripts/run_metabolism_aware_v2.py	41021	8432d2f3c2d954906b7e3dc1ce6c21014c9ec9bf3adced8f9ecccbfb17e78584
content/paper_upgrade_v1/metabolism_aware_v2_20260907_013732/tests/test_v2_outputs.py	2223	64b5ff8040ef073c930d22b8a920fa68debc59cdefcc9e273a31e16233b35833
content/paper_upgrade_v1/scripts/run_rct_rebuild.py	10821	174413381306866c4e59924062d1a3522c6fb6e00eac2056a523110015fa989f
content/three_cohort_curatedMetagenomicData/analysis_ready_v1/three_cohort_adjusted_meta_analysis_decisions.txt	781	35364d8a157f9bcef66429fa7b180c7a7885745b97c0233bbe766bee1073a9ab
content/three_cohort_curatedMetagenomicData/analysis_ready_v1/three_cohort_adjusted_meta_input_effects.tsv	2940	0fba8fc8725a7fcd1e39fc2ad61243a8c79f0efec084edbc2da4d22525f1f261
content/three_cohort_curatedMetagenomicData/analysis_ready_v1/three_cohort_adjusted_meta_leave_one_out.tsv	3684	9356fecf3e1628909c0c2017ccfe4ae13516102edb3a03582896dd05463e8556
content/three_cohort_curatedMetagenomicData/analysis_ready_v1/three_cohort_adjusted_meta_sessionInfo.txt	5232	54c9cb39bcd1196701e116d84056afbd4dca17082c0c9dfe7e760be700cd05d5
content/three_cohort_curatedMetagenomicData/analysis_ready_v1/three_cohort_adjusted_meta_summary.tsv	2643	03d5ba91b7fd99f52d09ee62c0857c65005c089930d71cee59c045c3145ef833
content/tier1_screening_output/b47_deficiency/meta_outputs/meta_input_clean.csv	7656	6720634b49c6b6bb8716e1908d6470981b3369992699231dba5bddb0fb216708
content/wei_2025_calibration/FINAL_WEI2025_REANALYSIS_REPORT.md	6389	ce8f4a8c302aac6add635567707063f48a4dd4f4c098e428724309d3bfa6ac04
content/wei_2025_calibration/config/analysis_plan.yml	1526	3714d7da739ade6cdb703821b6f3c013ba17cebf2153d0d7737cb7ca33a2ecbb
content/wei_2025_calibration/config/environment_locked.yml	6274	cc37f38e036a5425073f4c2698be9db6d7b20058f43e51d52326176e23b99864
content/wei_2025_calibration/metadata/Wei2025_D1_D50_phenotype_SRA_crosswalk.tsv	10706	6416b311f60f72a70efbb930bb773fbe43c9ebaa77dfe4f3fb03c6bf9a670d3f
content/wei_2025_calibration/metadata/Wei2025_ENA_fastq_manifest.tsv	20379	5512dc5b6346e3767f576e6588765dcf8e661995d085b74d7168e14dcac88458
content/wei_2025_calibration/results/alpha_diversity_by_donor.tsv	3944	b8ca34b3b0d0fdcce5d5c0f794b4d898c7aea9b157d7d1b06f7ff780f0b20707
content/wei_2025_calibration/results/alpha_diversity_high_vs_low.tsv	686	0522702e5557e9e8507d4db49818d893e585fd958ebb64bc5f3d60cfbd4b9ac6
content/wei_2025_calibration/results/beta_bray_anosim_high_vs_low.tsv	61	0a3dfa3fff2b7d901ae06bb2e1efe36c6a84c57a4278eb213f09acda9af60632
content/wei_2025_calibration/results/beta_bray_dispersion_high_vs_low.tsv	58	18429e8afcbb781ad125a3847ac537241f3dc2bbc4d05ab0fd0471c2ae366315
content/wei_2025_calibration/results/beta_bray_pcoa_high_vs_low.tsv	961	307ef6fc009c40d8ffbfecf3f50bb59ecb0176c3001c00a021318c36e3ad307f
content/wei_2025_calibration/results/beta_bray_permanova_high_vs_low.tsv	323	d91c6c97a68bfc2b5ad2221177fa7120ffa9fa230640cca4ffa0c374069e46b7
content/wei_2025_calibration/results/genus_high_vs_low_clr.tsv	20636	cca6cbfc0931a75d640d43026a52ac9433971102cfd5e63a43ebcd3b2792fea8
content/wei_2025_calibration/results/prespecified_candidate_genera_high_vs_low.tsv	1913	53768d3c4628f9347af941bb34bc5b9e84d83099a34fc3145ccc2ea8390bd51a
content/wei_2025_calibration/scripts/06_run_dada2.R	8406	0dad875d20611ab7660363f86273c11e166ab662cd16331b1b236e9ce15e29de
content/wei_2025_calibration/scripts/07_analyze_rb1_groups.R	14485	81f48daf844e7e7208b8a298c8e4cf87ea97cab711e9a2d343023fb2f48f3da1
content/wei_2025_calibration/scripts/12_rarefaction_sensitivity.R	3262	4cecb6b685fe10defbdca975b14d35f91ec98196cf10b3c2132eb5684da88107
environment.yml	376	4632f9c33d439a72e8c58ff8c0bb1a2a1ba1cd1da9233dc1e663d5ffcbb2375f
requirements.txt	220	6c4f46487bd46808fb1bc9d3fe53f86037fdd8a5b6cc5113f0328c39dcf5f952
