meta_family	cohort	pathway_id	metric	estimate	SE	n_analysis	n_Control	n_T2D	source_model	interpretation	variance	abundance_ratio	ratio_CI_lower	ratio_CI_upper
no_metformin_sensitivity	Qin	PWY-5676	positive_abundance	-0.0989029003034987	0.250093095442206	129	74	55	known_no_metformin	T2D_vs_Control_among_known_No_metformin	0.0625465563878644	0.933742787780706	0.664764217397747	1.31155614414008
no_metformin_sensitivity	Karlsson	PWY-5676	positive_abundance	-0.128872333963733	0.19750048180368	75	42	33	no_metformin	T2D_vs_Control_among_known_No_metformin	0.0390064403126857	0.914546015333592	0.699320994122901	1.19600930215397
no_metformin_sensitivity	MetaCardis	PWY-5676	positive_abundance	0.325538175061794	0.300075502821479	176	NA	NA	disease_no_metformin_full_DEU_FRA	T2D_vs_Control_among_known_No_metformin	0.0900453073935635	1.25313181287809	0.833578625327538	1.88385269575512
no_metformin_sensitivity	Qin	CENTFERM-PWY	positive_abundance	-0.252447591582015	0.206292245878607	116	68	48	known_no_metformin	T2D_vs_Control_among_known_No_metformin	0.0425564907096396	0.839471009308591	0.634292244041335	1.11102032555148
no_metformin_sensitivity	Karlsson	CENTFERM-PWY	positive_abundance	-0.0844763472163546	0.222713361571308	74	42	32	no_metformin	T2D_vs_Control_among_known_No_metformin	0.0496012414223922	0.943126799072075	0.696891258764342	1.27636578582588
no_metformin_sensitivity	MetaCardis	CENTFERM-PWY	positive_abundance	-0.187318738295454	0.227166436573542	173	NA	NA	disease_no_metformin_full_DEU_FRA	T2D_vs_Control_among_known_No_metformin	0.0516045899055211	0.878236415791327	0.645028604974552	1.1957596858087
primary_demographic_adjusted	Qin	PWY-5676	positive_abundance	0.0641371187508896	0.145203524002797	342	174	168	main_demographic	all_T2D_vs_Control	0.0210840633828308	1.04545945958398	0.858290664562305	1.27344444808916
primary_demographic_adjusted	Karlsson	PWY-5676	positive_abundance	-0.0463330132532503	0.182943086761752	96	43	53	main_demographic	all_T2D_vs_Control	0.0334681729939179	0.968394631607066	0.755287877507651	1.24163009953233
primary_demographic_adjusted	MetaCardis	PWY-5676	positive_abundance	0.666438783150861	0.193048919533543	454	NA	NA	full_DEU_FRA	all_T2D_vs_Control	0.0372678853330684	1.58715033095363	1.22099974655707	2.0631013070636
primary_demographic_adjusted	Qin	CENTFERM-PWY	positive_abundance	-0.109431756339282	0.128706436213452	329	168	161	main_demographic	all_T2D_vs_Control	0.0165653467227674	0.926953095029333	0.778248949100806	1.10407092920233
primary_demographic_adjusted	Karlsson	CENTFERM-PWY	positive_abundance	-0.125291348019723	0.191142159797212	95	43	52	main_demographic	all_T2D_vs_Control	0.0365353252519429	0.916818875633228	0.707141100257888	1.1886692067691
primary_demographic_adjusted	MetaCardis	CENTFERM-PWY	positive_abundance	-0.205784771479819	0.135023965974982	404	NA	NA	full_DEU_FRA	all_T2D_vs_Control	0.0182314713876131	0.867066907279296	0.721748573023326	1.04164393224867
