meta_family	pathway_id	metric	analysis_type	omitted_cohort	k	method	test	estimate_log2_ratio	SE	CI_lower_log2	CI_upper_log2	p_value	abundance_ratio	ratio_CI_lower	ratio_CI_upper	tau2	I2	Q	Q_p
no_metformin_sensitivity	PWY-5676	positive_abundance	leave_one_cohort_out	Qin	2	REML	adhoc	0.0421734941414751	0.220155278164717	-2.75516454396891	2.83951153225187	0.879507251581715	1.02966390025485	0.148119701880057	7.15777667677562	0.0387185815032946	37.5018506995178	1.60004737931061	0.205896496522895
no_metformin_sensitivity	PWY-5676	positive_abundance	leave_one_cohort_out	Karlsson	2	REML	adhoc	0.080923563617516	0.209733594351114	-2.58399442626155	2.74584155349658	0.765571130362956	1.05769492369788	0.166778540544208	6.70780873825747	0.0137791813379092	15.2974343789452	1.18060178303669	0.277233518547987
no_metformin_sensitivity	PWY-5676	positive_abundance	leave_one_cohort_out	MetaCardis	2	REML	adhoc	-0.117361093889548	0.154997070396801	-2.08678560385859	1.85206341607949	0.587418067364097	0.921872352486643	0.23540459656139	3.61016159706817	0	0	0.00884431757896435	0.925074020329394
no_metformin_sensitivity	CENTFERM-PWY	positive_abundance	leave_one_cohort_out	Qin	2	REML	adhoc	-0.134879670833573	0.159033153351236	-2.15558747715385	1.8858281354867	0.552199523557642	0.910745791926067	0.224441680132673	3.69565001037563	0	0	0.104505414995285	0.746488520558478
no_metformin_sensitivity	CENTFERM-PWY	positive_abundance	leave_one_cohort_out	Karlsson	2	REML	adhoc	-0.223012336360732	0.15271839550014	-2.16348353656561	1.71745886384414	0.382258489659758	0.856774628531372	0.223216636813405	3.28856654492425	0	0	0.045047991194564	0.831915807407567
no_metformin_sensitivity	CENTFERM-PWY	positive_abundance	leave_one_cohort_out	MetaCardis	2	REML	adhoc	-0.174882025080306	0.151343330753479	-2.09788137108861	1.748117320928	0.454144357351544	0.885839954802014	0.233601044313181	3.3591991329953	0	0	0.306152704510203	0.580050691651692
primary_demographic_adjusted	PWY-5676	positive_abundance	leave_one_cohort_out	Qin	2	REML	adhoc	0.307387436934224	0.35637593047815	-4.22079809876592	4.83557297263437	0.546900150955596	1.23746475624175	0.0536306630915829	28.553050338488	0.218653787711079	86.0767749799393	7.18224404589592	0.00736285597864014
primary_demographic_adjusted	PWY-5676	positive_abundance	leave_one_cohort_out	Karlsson	2	REML	adhoc	0.35185297068533	0.300851001394392	-3.470821448115	4.17452738948565	0.450355717298609	1.27619870102058	0.0901942049196611	18.0575140713013	0.152207673111538	83.914771389269	6.21688397597821	0.0126537624398744
primary_demographic_adjusted	PWY-5676	positive_abundance	leave_one_cohort_out	MetaCardis	2	REML	adhoc	0.0214411740970475	0.113733100713037	-1.42367488884278	1.46655723703688	0.881375512781761	1.01497287639512	0.372761589015641	2.76361612938225	0	0	0.223705770387326	0.63623069871272
primary_demographic_adjusted	CENTFERM-PWY	positive_abundance	leave_one_cohort_out	Qin	2	REML	adhoc	-0.178989091674734	0.110283027372592	-1.58026781639604	1.22228963304658	0.351544928662886	0.883321730317982	0.334419802519388	2.33316709529101	0	0	0.118305097575246	0.730880067640474
primary_demographic_adjusted	CENTFERM-PWY	positive_abundance	leave_one_cohort_out	Karlsson	2	REML	adhoc	-0.155301499329113	0.0931625481658938	-1.3390439100687	1.02844091141047	0.343986422304365	0.897944697729273	0.39528252724442	2.03981867299068	0	0	0.266803231755923	0.605484297770798
primary_demographic_adjusted	CENTFERM-PWY	positive_abundance	leave_one_cohort_out	MetaCardis	2	REML	adhoc	-0.114379332806735	0.106759552735682	-1.47088806740875	1.24212940179528	0.478072674965917	0.923779647927558	0.36076016048087	2.36547416097076	0	0	0.00473678842313154	0.945129451329895
