taxon_route_id,microbe_name,substrate_pubchem_cid,substrate_name,metabolite_pubchem_cid,metabolite_name,target_genes,t2d_core_target_genes,in_t2d_core_75,current_fmh_herbs,raw_chain_rows,strain_models_considered,strain_models_loaded,strain_models_both_compounds_mapped,strain_models_both_structures_verified,strain_models_direct_reaction,strain_models_topological_path,strain_models_formal_anaerobic_flux,any_formal_anaerobic_flux,formal_flux_fraction_loaded,best_support_tier
TR0001,Acidipropionibacterium acidipropionici,5780,Sorbitol,104745.0,Propionate,ALPI|ANGPTL4|Alpi|Angptl4|CCL2|CLDN3|Casp1|Cd40|Cd86|Cldn1|DCLK1|DEFB1|Dclk1|Defb1|FFAR2|FFAR3|Ffar2|Ffar3|GHRL|Gcg|Got1|Got2|Grm1|Hdac1|IL17A|IL22|IL4R|IL6|Il10|Il12b|Il18|Il1b|Il6|Itgb1|JUN|LGR5|Lgr5|Muc2|Nfkb1|Nlrp3|Ocln|Pdcd1lg2|Pparg|Pyy|SLC5A8|Smad2|Sod1|Sod2|Sod3|TLR2|TLR8|TLR9|Tjp1|Tlr4|Tnf|Tph1|Zbp1|Zglp1,FFAR2|FFAR3,True,杜仲|藿香,65,1,1,1,0,0,1,0,False,0.0,F5_compound_mapping_unverified
TR0002,Acidipropionibacterium acidipropionici,5780,Sorbitol,160419.0,Succinate,CCL2|CXCL8|GOT1|GPT|IL1B|Il1b|MAPK1|MAPK3|TNF|Tnf,,False,杜仲|藿香,10,1,1,1,1,0,1,1,True,1.0,F1_anaerobic_exchange_flux_supported
TR0003,Acinetobacter baumannii,288,Carnitine,1146.0,Trimethylamine,Bcap31|Hspa1b|Ncam1|Ndufb2|Ucp1,,False,人参|荷叶|蜂蜜,5,156,156,0,0,0,0,0,False,0.0,F6_both_compounds_absent
TR0004,Actinomycetota,288,Carnitine,1146.0,Trimethylamine,Bcap31|Hspa1b|Ncam1|Ndufb2|Ucp1,,False,人参|荷叶|蜂蜜,5,0,0,0,0,0,0,0,False,,F7_no_AGORA2_strain_model
TR0005,Acutalibacter muris,6305,Tryptophan,846.0,Kynurenine,Adamts2|Col1a1|Fn1,,False,人参|党参|山药|当归|杏仁|枸杞子|桃仁|桑叶|淡竹叶|淡豆豉|甘草|生姜|白果|紫苏子|荷叶|莲子|薤白|蜂蜜|西洋参|赤小豆|马齿苋|麦芽|黄芪,3,1,1,0,0,0,0,0,False,0.0,F6_product_absent
TR0006,Adlercreutzia equolifaciens,65064,Epigallocatechin Gallate,370.0,Gallic Acid,Ace2,,False,余甘子|大枣|栀子|桑叶|白扁豆|白果|马齿苋,1,2,2,0,0,0,0,0,False,0.0,F6_both_compounds_absent
TR0007,Adlercreutzia equolifaciens,65064,Epigallocatechin Gallate,72277.0,Epigallocatechin,Ace2,,False,余甘子|大枣|栀子|桑叶|白扁豆|白果|马齿苋,1,2,2,0,0,0,0,0,False,0.0,F6_both_compounds_absent
TR0008,Adlercreutzia equolifaciens,65064,Epigallocatechin Gallate,52920334.0,4-Hydroxy-5-(3-hydroxyphenyl)pentanoic acid,Ace2,,False,余甘子|大枣|栀子|桑叶|白扁豆|白果|马齿苋,1,2,2,0,0,0,0,0,False,0.0,F6_both_compounds_absent
TR0009,Adlercreutzia equolifaciens,176907,Dihydrodaidzein,91469.0,Equol,Il6|Mapk8ip1|Tlr4|Tnf,,False,甘草,4,2,2,0,0,0,0,0,False,0.0,F6_both_compounds_absent
TR0010,Adlercreutzia equolifaciens,5281708,Daidzein,91469.0,Equol,Il6|Mapk8ip1|Tlr4|Tnf,,False,大枣|淡豆豉|甘草|生姜|葛根|酸枣仁|黄芪,8,2,2,0,0,0,0,0,False,0.0,F6_both_compounds_absent
TR0011,Adlercreutzia mucosicola,176907,Dihydrodaidzein,91469.0,Equol,Il6|Mapk8ip1|Tlr4|Tnf,,False,甘草,4,2,2,0,0,0,0,0,False,0.0,F6_both_compounds_absent
TR0012,Adlercreutzia mucosicola,5281708,Daidzein,91469.0,Equol,Il6|Mapk8ip1|Tlr4|Tnf,,False,大枣|淡豆豉|甘草|生姜|葛根|酸枣仁|黄芪,4,2,2,0,0,0,0,0,False,0.0,F6_both_compounds_absent
TR0013,Agathobacter rectalis,127,4-Hydroxyphenylacetic acid,135.0,4-Hydroxybenzoic acid,Nfe2l2,,False,覆盆子,1,10,10,0,0,0,0,0,False,0.0,F6_both_compounds_absent
TR0014,Agathobacter rectalis,127,4-Hydroxyphenylacetic acid,69867.0,Indole-3-carboxylic acid,AHR|Ahr|IDO1,,False,覆盆子,3,10,10,0,0,0,0,0,False,0.0,F6_both_compounds_absent
TR0015,Agathobacter rectalis,175,Acetate,104775.0,Butyrate,ALPI|ANGPTL4|Abcb1a|Abcb1b|Alpi|Angptl4|Aurkc|CCL2|CHGA|CLDN3|CXCL8|CXCR2|Card9|Ccl2|Ccl3|Cd40|Cdc42|Cdkn1b|Chd1|Chga|Cldn1|Cldn2|Col4a1|Ctnnb1|Cyp2b10|Cyp3a11|DCLK1|DEFB1|Dao|Defb1|Dot1l|Dusp1|FFAR2|FFAR3|FOS|Ffar2|Ffar3|Fos|Foxp3|GCK|GHRL|Gcg|Got1|Got2|Grm1|Gsk3b|Gzmb|H3|HCAR2|HDAC1|HDAC11|HDAC2|HDAC3|HDAC4|HDAC5|HDAC7|HDAC8|HDAC9|Hcar2|Hdac1|Hdac3|Hdac6|IL10|IL12A|IL12B|IL1B|IL22RA1|IL4R|IL6|Ifng|Il10|Il12b|Il17a|Il18|Il1b|Il5|Il6|Itgam|JUN|Kat14|Kat5|Kirrel1|LGR5|LYZ|Ldha|Ldhb|Ldhc|Lgr5|Ly6g|Lyz1|MUC2|Map1lc3b|Mmp9|Mtor|Muc2|Nfkb1|Nlrp3|Nphs1|OCLN|Ocln|PPARG|Pparg|Prdm1|Prkaa1|REG3B|REG3G|Rac1|Reg3b|Reg3g|Rela|S100a4|SLC5A8|Slc2a4|Sod1|Sod2|Sod3|Stat3|Synpo|TJP1|TLR4|TNF|Tgfb1|Timp1|Tjp1|Tlr4|Tnf|Tph1|Trp53|Trpc5|Trpc6|Wt1|Zbp1|Zglp1|mct1,FFAR2|FFAR3|GCK|PPARG,True,丁香|人参|佛手|决明子|夏枯草|天麻|小茴香|山茱萸|山药|当归|杜仲|栀子|桃仁|桑叶|桑椹|桔梗|榧子|橘红|淡豆豉|灵芝|玳玳花|甘草|白果|白茅根|砂仁|罗汉果|肉桂|肉豆蔻|花椒|茯苓|菊花|葛根|薄荷|蜂蜜|西洋参|西红花|赤小豆|金银花|高良姜|麦冬|黄精|黄芪,173,10,10,10,0,10,10,0,False,0.0,F5_compound_mapping_unverified
TR0016,Agathobacter rectalis,802,Indole-3-acetic acid,135.0,4-Hydroxybenzoic acid,Nfe2l2,,False,大枣|薄荷|赤小豆|麦芽,1,10,10,0,0,0,0,0,False,0.0,F6_both_compounds_absent
TR0017,Agathobacter rectalis,802,Indole-3-acetic acid,69867.0,Indole-3-carboxylic acid,AHR|Ahr|IDO1,,False,大枣|薄荷|赤小豆|麦芽,3,10,10,0,0,0,0,0,False,0.0,F6_both_compounds_absent
TR0018,Agathobacter rectalis,999,Phenylacetic Acid,135.0,4-Hydroxybenzoic acid,Nfe2l2,,False,丁香|乌梅|决明子|当归|木瓜|淡豆豉|玳玳花|紫苏子|胖大海|莱菔子|蒲公英|蜂蜜,1,10,10,1,1,0,0,0,False,0.0,F4_compounds_present_no_supported_route
TR0019,Agathobacter rectalis,999,Phenylacetic Acid,69867.0,Indole-3-carboxylic acid,AHR|Ahr|IDO1,,False,丁香|乌梅|决明子|当归|木瓜|淡豆豉|玳玳花|紫苏子|胖大海|莱菔子|蒲公英|蜂蜜,3,10,10,0,0,0,0,0,False,0.0,F6_both_compounds_absent
TR0020,Agathobacter rectalis,6305,Tryptophan,127.0,4-Hydroxyphenylacetic acid,CASP1|ICAM1|IL10|NLRP3,,False,人参|党参|山药|当归|杏仁|枸杞子|桃仁|桑叶|淡竹叶|淡豆豉|甘草|生姜|白果|紫苏子|荷叶|莲子|薤白|蜂蜜|西洋参|赤小豆|马齿苋|麦芽|黄芪,4,10,10,0,0,0,0,0,False,0.0,F6_product_absent
TR0021,Agathobacter rectalis,6305,Tryptophan,802.0,Indole-3-acetic acid,Cyp1a1,,False,人参|党参|山药|当归|杏仁|枸杞子|桃仁|桑叶|淡竹叶|淡豆豉|甘草|生姜|白果|紫苏子|荷叶|莲子|薤白|蜂蜜|西洋参|赤小豆|马齿苋|麦芽|黄芪,1,10,10,0,0,0,0,0,False,0.0,F6_product_absent
TR0022,Akkermansia muciniphila,17106,L-Fucose,104745.0,Propionate,ALPI|ANGPTL4|Alpi|Angptl4|CCL2|CLDN3|Casp1|Cd40|Cd86|Cldn1|DCLK1|DEFB1|Dclk1|Defb1|FFAR2|FFAR3|Ffar2|Ffar3|GHRL|Gcg|Got1|Got2|Grm1|Hdac1|IL17A|IL22|IL4R|IL6|Il10|Il12b|Il18|Il1b|Il6|Itgb1|JUN|LGR5|Lgr5|Muc2|Nfkb1|Nlrp3|Ocln|Pdcd1lg2|Pparg|Pyy|SLC5A8|Smad2|Sod1|Sod2|Sod3|TLR2|TLR8|TLR9|Tjp1|Tlr4|Tnf|Tph1|Zbp1|Zglp1,FFAR2|FFAR3,True,刀豆|广藿香|灵芝|薤白|藿香|麦冬,65,2,2,2,0,0,2,0,False,0.0,F5_compound_mapping_unverified
TR0023,Alistipes indistinctus,5793,D-Glucose,10430.0,Isovaleric acid,Got1|Got2|Grm1|Hdac1|Il6|Sod1|Sod2|Sod3|Tnf,,False,丁香|乌梅|人参|党参|决明子|刀豆|地黄|大枣|天冬|天麻|山茱萸|山药|当归|杜仲|杜仲叶|枸杞子|栀子|桑叶|桑椹|槐花|沙棘|淡豆豉|火麻仁|灵芝|玉竹|玳玳花|白芷|白茅根|罗汉果|肉桂|肉豆蔻|芦根|茯苓|荷叶|葛根|薏苡仁|薤白|藿香|蜂蜜|西洋参|西红花|覆盆子|赤小豆|酸枣仁|金银花|香橼|麦冬|黄精|黄芪,9,2,2,0,0,0,0,0,False,0.0,F6_product_absent
TR0024,Alistipes indistinctus,5793,D-Glucose,160419.0,Succinate,CCL2|CXCL8|GOT1|GPT|IL1B|Il1b|MAPK1|MAPK3|TNF|Tnf,,False,丁香|乌梅|人参|党参|决明子|刀豆|地黄|大枣|天冬|天麻|山茱萸|山药|当归|杜仲|杜仲叶|枸杞子|栀子|桑叶|桑椹|槐花|沙棘|淡豆豉|火麻仁|灵芝|玉竹|玳玳花|白芷|白茅根|罗汉果|肉桂|肉豆蔻|芦根|茯苓|荷叶|葛根|薏苡仁|薤白|藿香|蜂蜜|西洋参|西红花|覆盆子|赤小豆|酸枣仁|金银花|香橼|麦冬|黄精|黄芪,10,2,2,2,2,0,2,1,True,0.5,F1_anaerobic_exchange_flux_supported
TR0025,Alistipes shahii,1146,Trimethylamine,1145.0,Trimethylamine oxide,Atp1b1|CD14|CD163|CD44|Cldn1|Cxcl1|HBA1|IL12A|IL1B|IL6|Il1b|Il6|LCN2|Lcn2|Myh7|Nfkb1|Nox4|Nppa|SMN1|SMURF2|Sirt1|TGFBR1|TNF|Tgfb1|Tnf,,False,丁香|甘草|黄芪,30,4,4,0,0,0,0,0,False,0.0,F6_both_compounds_absent
TR0026,Anaerobutyricum hallii,1146,Trimethylamine,1145.0,Trimethylamine oxide,Atp1b1|CD14|CD163|CD44|Cldn1|Cxcl1|HBA1|IL12A|IL1B|IL6|Il1b|Il6|LCN2|Lcn2|Myh7|Nfkb1|Nox4|Nppa|SMN1|SMURF2|Sirt1|TGFBR1|TNF|Tgfb1|Tnf,,False,丁香|甘草|黄芪,30,2,2,0,0,0,0,0,False,0.0,F6_both_compounds_absent
TR0027,Anaerobutyricum hallii,5793,D-Glucose,127.0,4-Hydroxyphenylacetic acid,CASP1|ICAM1|IL10|NLRP3,,False,丁香|乌梅|人参|党参|决明子|刀豆|地黄|大枣|天冬|天麻|山茱萸|山药|当归|杜仲|杜仲叶|枸杞子|栀子|桑叶|桑椹|槐花|沙棘|淡豆豉|火麻仁|灵芝|玉竹|玳玳花|白芷|白茅根|罗汉果|肉桂|肉豆蔻|芦根|茯苓|荷叶|葛根|薏苡仁|薤白|藿香|蜂蜜|西洋参|西红花|覆盆子|赤小豆|酸枣仁|金银花|香橼|麦冬|黄精|黄芪,4,2,2,1,1,0,1,0,False,0.0,F2_anaerobic_artificial_sink_flux_only
TR0028,Anaerobutyricum hallii,5793,D-Glucose,802.0,Indole-3-acetic acid,Cyp1a1,,False,丁香|乌梅|人参|党参|决明子|刀豆|地黄|大枣|天冬|天麻|山茱萸|山药|当归|杜仲|杜仲叶|枸杞子|栀子|桑叶|桑椹|槐花|沙棘|淡豆豉|火麻仁|灵芝|玉竹|玳玳花|白芷|白茅根|罗汉果|肉桂|肉豆蔻|芦根|茯苓|荷叶|葛根|薏苡仁|薤白|藿香|蜂蜜|西洋参|西红花|覆盆子|赤小豆|酸枣仁|金银花|香橼|麦冬|黄精|黄芪,1,2,2,0,0,0,0,0,False,0.0,F6_product_absent
TR0029,Anaerobutyricum hallii,6305,Tryptophan,127.0,4-Hydroxyphenylacetic acid,CASP1|ICAM1|IL10|NLRP3,,False,人参|党参|山药|当归|杏仁|枸杞子|桃仁|桑叶|淡竹叶|淡豆豉|甘草|生姜|白果|紫苏子|荷叶|莲子|薤白|蜂蜜|西洋参|赤小豆|马齿苋|麦芽|黄芪,4,2,2,1,1,0,1,0,False,0.0,F4_topological_path_only
TR0030,Anaerobutyricum hallii,6305,Tryptophan,802.0,Indole-3-acetic acid,Cyp1a1,,False,人参|党参|山药|当归|杏仁|枸杞子|桃仁|桑叶|淡竹叶|淡豆豉|甘草|生姜|白果|紫苏子|荷叶|莲子|薤白|蜂蜜|西洋参|赤小豆|马齿苋|麦芽|黄芪,1,2,2,0,0,0,0,0,False,0.0,F6_product_absent
TR0031,Anaerostipes caccae,6305,Tryptophan,127.0,4-Hydroxyphenylacetic acid,CASP1|ICAM1|IL10|NLRP3,,False,人参|党参|山药|当归|杏仁|枸杞子|桃仁|桑叶|淡竹叶|淡豆豉|甘草|生姜|白果|紫苏子|荷叶|莲子|薤白|蜂蜜|西洋参|赤小豆|马齿苋|麦芽|黄芪,4,5,5,0,0,0,0,0,False,0.0,F6_product_absent
TR0032,Anaerostipes caccae,6305,Tryptophan,802.0,Indole-3-acetic acid,Cyp1a1,,False,人参|党参|山药|当归|杏仁|枸杞子|桃仁|桑叶|淡竹叶|淡豆豉|甘草|生姜|白果|紫苏子|荷叶|莲子|薤白|蜂蜜|西洋参|赤小豆|马齿苋|麦芽|黄芪,1,5,5,0,0,0,0,0,False,0.0,F6_product_absent
TR0033,Anaerostipes hadrus,6305,Tryptophan,127.0,4-Hydroxyphenylacetic acid,CASP1|ICAM1|IL10|NLRP3,,False,人参|党参|山药|当归|杏仁|枸杞子|桃仁|桑叶|淡竹叶|淡豆豉|甘草|生姜|白果|紫苏子|荷叶|莲子|薤白|蜂蜜|西洋参|赤小豆|马齿苋|麦芽|黄芪,4,9,9,0,0,0,0,0,False,0.0,F6_product_absent
TR0034,Anaerostipes hadrus,6305,Tryptophan,802.0,Indole-3-acetic acid,Cyp1a1,,False,人参|党参|山药|当归|杏仁|枸杞子|桃仁|桑叶|淡竹叶|淡豆豉|甘草|生姜|白果|紫苏子|荷叶|莲子|薤白|蜂蜜|西洋参|赤小豆|马齿苋|麦芽|黄芪,1,9,9,0,0,0,0,0,False,0.0,F6_product_absent
TR0035,Anaerotignum lactatifermentans,612,Lactic Acid,104745.0,Propionate,ALPI|ANGPTL4|Alpi|Angptl4|CCL2|CLDN3|Casp1|Cd40|Cd86|Cldn1|DCLK1|DEFB1|Dclk1|Defb1|FFAR2|FFAR3|Ffar2|Ffar3|GHRL|Gcg|Got1|Got2|Grm1|Hdac1|IL17A|IL22|IL4R|IL6|Il10|Il12b|Il18|Il1b|Il6|Itgb1|JUN|LGR5|Lgr5|Muc2|Nfkb1|Nlrp3|Ocln|Pdcd1lg2|Pparg|Pyy|SLC5A8|Smad2|Sod1|Sod2|Sod3|TLR2|TLR8|TLR9|Tjp1|Tlr4|Tnf|Tph1|Zbp1|Zglp1,FFAR2|FFAR3,True,乌梅|广藿香|藿香|蜂蜜|金银花|马齿苋,65,1,1,1,0,0,1,0,False,0.0,F5_compound_mapping_unverified
TR0036,Anaerotignum propionicum,612,Lactic Acid,104745.0,Propionate,ALPI|ANGPTL4|Alpi|Angptl4|CCL2|CLDN3|Casp1|Cd40|Cd86|Cldn1|DCLK1|DEFB1|Dclk1|Defb1|FFAR2|FFAR3|Ffar2|Ffar3|GHRL|Gcg|Got1|Got2|Grm1|Hdac1|IL17A|IL22|IL4R|IL6|Il10|Il12b|Il18|Il1b|Il6|Itgb1|JUN|LGR5|Lgr5|Muc2|Nfkb1|Nlrp3|Ocln|Pdcd1lg2|Pparg|Pyy|SLC5A8|Smad2|Sod1|Sod2|Sod3|TLR2|TLR8|TLR9|Tjp1|Tlr4|Tnf|Tph1|Zbp1|Zglp1,FFAR2|FFAR3,True,乌梅|广藿香|藿香|蜂蜜|金银花|马齿苋,65,1,1,1,0,1,1,0,False,0.0,F5_compound_mapping_unverified
TR0037,Bacillota,6305,Tryptophan,846.0,Kynurenine,Adamts2|Col1a1|Fn1,,False,人参|党参|山药|当归|杏仁|枸杞子|桃仁|桑叶|淡竹叶|淡豆豉|甘草|生姜|白果|紫苏子|荷叶|莲子|薤白|蜂蜜|西洋参|赤小豆|马齿苋|麦芽|黄芪,3,0,0,0,0,0,0,0,False,,F7_no_AGORA2_strain_model
TR0038,Bacillota,10917,Levocarnitine,1145.0,Trimethylamine oxide,Atp1b1|CD14|CD163|CD44|Cldn1|Cxcl1|HBA1|IL12A|IL1B|IL6|Il1b|Il6|LCN2|Lcn2|Myh7|Nfkb1|Nox4|Nppa|SMN1|SMURF2|Sirt1|TGFBR1|TNF|Tgfb1|Tnf,,False,人参|荷叶|蒲公英|蜂蜜,30,0,0,0,0,0,0,0,False,,F7_no_AGORA2_strain_model
TR0039,Bacteria Latreille et al. 1825,5793,D-Glucose,175.0,Acetate,ALPI|ANGPTL4|APP|Alpi|CCL2|CLDN3|CXCL8|Ccl3|Cldn3|DCLK1|Dclk1|Defb1|FFAR2|FFAR3|FOXP3|Ffar2|Ffar3|GHRL|Got1|Got2|Grm1|HDAC9|Hdac1|Hdac3|Htr2a|Htr4|IL6|Il10|Il6|Klf4|LGR5|Lgr5|MUC2|Mpo|Muc2|NOS3|Nfkb1|Nlrp3|OCLN|Ocln|Smad2|Sod1|Sod2|Sod3|TJP1|TNF|TPH1|Tnf|VEGFA|Zbp1|Zglp1,FFAR2|FFAR3,True,丁香|乌梅|人参|党参|决明子|刀豆|地黄|大枣|天冬|天麻|山茱萸|山药|当归|杜仲|杜仲叶|枸杞子|栀子|桑叶|桑椹|槐花|沙棘|淡豆豉|火麻仁|灵芝|玉竹|玳玳花|白芷|白茅根|罗汉果|肉桂|肉豆蔻|芦根|茯苓|荷叶|葛根|薏苡仁|薤白|藿香|蜂蜜|西洋参|西红花|覆盆子|赤小豆|酸枣仁|金银花|香橼|麦冬|黄精|黄芪,56,0,0,0,0,0,0,0,False,,F7_no_AGORA2_strain_model
TR0040,Bacteria Latreille et al. 1825,5793,D-Glucose,91435.0,Lactate,Abca8a|Defa5,,False,丁香|乌梅|人参|党参|决明子|刀豆|地黄|大枣|天冬|天麻|山茱萸|山药|当归|杜仲|杜仲叶|枸杞子|栀子|桑叶|桑椹|槐花|沙棘|淡豆豉|火麻仁|灵芝|玉竹|玳玳花|白芷|白茅根|罗汉果|肉桂|肉豆蔻|芦根|茯苓|荷叶|葛根|薏苡仁|薤白|藿香|蜂蜜|西洋参|西红花|覆盆子|赤小豆|酸枣仁|金银花|香橼|麦冬|黄精|黄芪,2,0,0,0,0,0,0,0,False,,F7_no_AGORA2_strain_model
TR0041,Bacteroides,6057,Tyrosine,127.0,4-Hydroxyphenylacetic acid,CASP1|ICAM1|IL10|NLRP3,,False,人参|山药|淡豆豉|灵芝|玳玳花|甘草|白果|白芷|肉苁蓉|莲子|薏苡仁|蜂蜜|西洋参|西红花|金银花|陈皮|鸡内金|黄精|黄芪,4,43,43,6,6,0,6,0,False,0.0,F2_anaerobic_artificial_sink_flux_only
TR0042,Bacteroides,6140,Phenylalanine,135.0,4-Hydroxybenzoic acid,Nfe2l2,,False,人参|党参|地黄|大枣|山茱萸|当归|杜仲|桑椹|淡豆豉|灵芝|甘草|白果|肉苁蓉|荷叶|莱菔子|菊花|蒲公英|蜂蜜|阿胶|高良姜|鸡内金|黄芪,1,43,43,29,29,0,27,0,False,0.0,F2_anaerobic_artificial_sink_flux_only
TR0043,Bacteroides,6305,Tryptophan,92904.0,Indole-3-lactic acid,Il1b,,False,人参|党参|山药|当归|杏仁|枸杞子|桃仁|桑叶|淡竹叶|淡豆豉|甘草|生姜|白果|紫苏子|荷叶|莲子|薤白|蜂蜜|西洋参|赤小豆|马齿苋|麦芽|黄芪,1,43,43,0,0,0,0,0,False,0.0,F6_product_absent
TR0044,Bacteroides,160419,Succinate,104745.0,Propionate,ALPI|ANGPTL4|Alpi|Angptl4|CCL2|CLDN3|Casp1|Cd40|Cd86|Cldn1|DCLK1|DEFB1|Dclk1|Defb1|FFAR2|FFAR3|Ffar2|Ffar3|GHRL|Gcg|Got1|Got2|Grm1|Hdac1|IL17A|IL22|IL4R|IL6|Il10|Il12b|Il18|Il1b|Il6|Itgb1|JUN|LGR5|Lgr5|Muc2|Nfkb1|Nlrp3|Ocln|Pdcd1lg2|Pparg|Pyy|SLC5A8|Smad2|Sod1|Sod2|Sod3|TLR2|TLR8|TLR9|Tjp1|Tlr4|Tnf|Tph1|Zbp1|Zglp1,FFAR2|FFAR3,True,人参|栀子|灵芝|花椒|蜂蜜|高良姜,65,43,43,43,0,0,42,0,False,0.0,F5_compound_mapping_unverified
TR0045,Bacteroides eggerthii,5793,D-Glucose,127.0,4-Hydroxyphenylacetic acid,CASP1|ICAM1|IL10|NLRP3,,False,丁香|乌梅|人参|党参|决明子|刀豆|地黄|大枣|天冬|天麻|山茱萸|山药|当归|杜仲|杜仲叶|枸杞子|栀子|桑叶|桑椹|槐花|沙棘|淡豆豉|火麻仁|灵芝|玉竹|玳玳花|白芷|白茅根|罗汉果|肉桂|肉豆蔻|芦根|茯苓|荷叶|葛根|薏苡仁|薤白|藿香|蜂蜜|西洋参|西红花|覆盆子|赤小豆|酸枣仁|金银花|香橼|麦冬|黄精|黄芪,4,2,2,2,2,0,2,0,False,0.0,F2_anaerobic_artificial_sink_flux_only
TR0046,Bacteroides eggerthii,5793,D-Glucose,802.0,Indole-3-acetic acid,Cyp1a1,,False,丁香|乌梅|人参|党参|决明子|刀豆|地黄|大枣|天冬|天麻|山茱萸|山药|当归|杜仲|杜仲叶|枸杞子|栀子|桑叶|桑椹|槐花|沙棘|淡豆豉|火麻仁|灵芝|玉竹|玳玳花|白芷|白茅根|罗汉果|肉桂|肉豆蔻|芦根|茯苓|荷叶|葛根|薏苡仁|薤白|藿香|蜂蜜|西洋参|西红花|覆盆子|赤小豆|酸枣仁|金银花|香橼|麦冬|黄精|黄芪,1,2,2,0,0,0,0,0,False,0.0,F6_product_absent
TR0047,Bacteroides eggerthii,6305,Tryptophan,127.0,4-Hydroxyphenylacetic acid,CASP1|ICAM1|IL10|NLRP3,,False,人参|党参|山药|当归|杏仁|枸杞子|桃仁|桑叶|淡竹叶|淡豆豉|甘草|生姜|白果|紫苏子|荷叶|莲子|薤白|蜂蜜|西洋参|赤小豆|马齿苋|麦芽|黄芪,4,2,2,2,2,0,2,0,False,0.0,F2_anaerobic_artificial_sink_flux_only
TR0048,Bacteroides fragilis,107848,Geniposide,442424.0,Genipin,BAX|BCL2|CASP3|MAPK8,,False,党参|地黄|山茱萸|当归|杜仲|杜仲叶|栀子|沙棘|玳玳花|西红花,4,25,25,0,0,0,0,0,False,0.0,F6_both_compounds_absent
TR0049,Bacteroides fragilis,444899,Arachidonic Acid,5280360.0,Dinoprostone,Ifng|Il10|Il6|Ptger4|Tnf,,False,丁香|人参|姜黄|昆布|桑叶|火麻仁|紫苏子|肉桂|肉苁蓉|蜂蜜|西洋参|马齿苋,5,25,25,0,0,0,0,0,False,0.0,F6_both_compounds_absent
TR0050,Bacteroides fragilis,5281708,Daidzein,91469.0,Equol,Il6|Mapk8ip1|Tlr4|Tnf,,False,大枣|淡豆豉|甘草|生姜|葛根|酸枣仁|黄芪,4,25,25,0,0,0,0,0,False,0.0,F6_both_compounds_absent
TR0051,Bacteroides intestinalis,444899,Arachidonic Acid,5280360.0,Dinoprostone,Ifng|Il10|Il6|Ptger4|Tnf,,False,丁香|人参|姜黄|昆布|桑叶|火麻仁|紫苏子|肉桂|肉苁蓉|蜂蜜|西洋参|马齿苋,5,2,2,0,0,0,0,0,False,0.0,F6_both_compounds_absent
TR0052,Bacteroides ovatus,6305,Tryptophan,798.0,Indole,CLDN7|CYP1A1|Ccl2|Cd68|Cxcl2|Cyp1a1|Il10ra|Itgax|Mir181a-2|OCLN|Pnmt|TJP1,,False,人参|党参|山药|当归|杏仁|枸杞子|桃仁|桑叶|淡竹叶|淡豆豉|甘草|生姜|白果|紫苏子|荷叶|莲子|薤白|蜂蜜|西洋参|赤小豆|马齿苋|麦芽|黄芪,12,10,10,10,10,10,10,9,True,0.9,F1_anaerobic_exchange_flux_supported
TR0053,Bacteroides ovatus,5281708,Daidzein,91469.0,Equol,Il6|Mapk8ip1|Tlr4|Tnf,,False,大枣|淡豆豉|甘草|生姜|葛根|酸枣仁|黄芪,8,10,10,0,0,0,0,0,False,0.0,F6_both_compounds_absent
TR0054,Bacteroides sp. 45,5280459,Quercitrin,72.0,"3,4-Dihydroxybenzoic acid",Abca1|Abcg1|Mir10b,,False,丁香|乌梅|人参|八角茴香|决明子|山楂|山茱萸|当归|木瓜|枸杞子|桑叶|槐米|槐花|白扁豆|白果|砂仁|肉桂|花椒|荷叶|菊花|薄荷|西洋参|覆盆子|金银花|鱼腥草|黄芪,3,22,22,0,0,0,0,0,False,0.0,F6_both_compounds_absent
TR0055,Bacteroides stercoris,5281708,Daidzein,91469.0,Equol,Il6|Mapk8ip1|Tlr4|Tnf,,False,大枣|淡豆豉|甘草|生姜|葛根|酸枣仁|黄芪,4,10,10,0,0,0,0,0,False,0.0,F6_both_compounds_absent
TR0056,Bacteroides thetaiotaomicron,5793,D-Glucose,127.0,4-Hydroxyphenylacetic acid,CASP1|ICAM1|IL10|NLRP3,,False,丁香|乌梅|人参|党参|决明子|刀豆|地黄|大枣|天冬|天麻|山茱萸|山药|当归|杜仲|杜仲叶|枸杞子|栀子|桑叶|桑椹|槐花|沙棘|淡豆豉|火麻仁|灵芝|玉竹|玳玳花|白芷|白茅根|罗汉果|肉桂|肉豆蔻|芦根|茯苓|荷叶|葛根|薏苡仁|薤白|藿香|蜂蜜|西洋参|西红花|覆盆子|赤小豆|酸枣仁|金银花|香橼|麦冬|黄精|黄芪,4,12,12,11,11,0,11,0,False,0.0,F2_anaerobic_artificial_sink_flux_only
TR0057,Bacteroides thetaiotaomicron,5793,D-Glucose,175.0,Acetate,ALPI|ANGPTL4|APP|Alpi|CCL2|CLDN3|CXCL8|Ccl3|Cldn3|DCLK1|Dclk1|Defb1|FFAR2|FFAR3|FOXP3|Ffar2|Ffar3|GHRL|Got1|Got2|Grm1|HDAC9|Hdac1|Hdac3|Htr2a|Htr4|IL6|Il10|Il6|Klf4|LGR5|Lgr5|MUC2|Mpo|Muc2|NOS3|Nfkb1|Nlrp3|OCLN|Ocln|Smad2|Sod1|Sod2|Sod3|TJP1|TNF|TPH1|Tnf|VEGFA|Zbp1|Zglp1,FFAR2|FFAR3,True,丁香|乌梅|人参|党参|决明子|刀豆|地黄|大枣|天冬|天麻|山茱萸|山药|当归|杜仲|杜仲叶|枸杞子|栀子|桑叶|桑椹|槐花|沙棘|淡豆豉|火麻仁|灵芝|玉竹|玳玳花|白芷|白茅根|罗汉果|肉桂|肉豆蔻|芦根|茯苓|荷叶|葛根|薏苡仁|薤白|藿香|蜂蜜|西洋参|西红花|覆盆子|赤小豆|酸枣仁|金银花|香橼|麦冬|黄精|黄芪,56,12,12,12,0,0,12,0,False,0.0,F5_compound_mapping_unverified
TR0058,Bacteroides thetaiotaomicron,5793,D-Glucose,6274.0,Histidine,Il1|Tgfbr1|Tnf,,False,丁香|乌梅|人参|党参|决明子|刀豆|地黄|大枣|天冬|天麻|山茱萸|山药|当归|杜仲|杜仲叶|枸杞子|栀子|桑叶|桑椹|槐花|沙棘|淡豆豉|火麻仁|灵芝|玉竹|玳玳花|白芷|白茅根|罗汉果|肉桂|肉豆蔻|芦根|茯苓|荷叶|葛根|薏苡仁|薤白|藿香|蜂蜜|西洋参|西红花|覆盆子|赤小豆|酸枣仁|金银花|香橼|麦冬|黄精|黄芪,3,12,12,12,12,0,12,1,True,0.08333333333333333,F1_anaerobic_exchange_flux_supported
TR0059,Bacteroides thetaiotaomicron,5793,D-Glucose,91435.0,Lactate,Abca8a|Defa5,,False,丁香|乌梅|人参|党参|决明子|刀豆|地黄|大枣|天冬|天麻|山茱萸|山药|当归|杜仲|杜仲叶|枸杞子|栀子|桑叶|桑椹|槐花|沙棘|淡豆豉|火麻仁|灵芝|玉竹|玳玳花|白芷|白茅根|罗汉果|肉桂|肉豆蔻|芦根|茯苓|荷叶|葛根|薏苡仁|薤白|藿香|蜂蜜|西洋参|西红花|覆盆子|赤小豆|酸枣仁|金银花|香橼|麦冬|黄精|黄芪,2,12,12,0,0,0,0,0,False,0.0,F6_product_absent
TR0060,Bacteroides thetaiotaomicron,5793,D-Glucose,104745.0,Propionate,ALPI|ANGPTL4|Alpi|Angptl4|CCL2|CLDN3|Casp1|Cd40|Cd86|Cldn1|DCLK1|DEFB1|Dclk1|Defb1|FFAR2|FFAR3|Ffar2|Ffar3|GHRL|Gcg|Got1|Got2|Grm1|Hdac1|IL17A|IL22|IL4R|IL6|Il10|Il12b|Il18|Il1b|Il6|Itgb1|JUN|LGR5|Lgr5|Muc2|Nfkb1|Nlrp3|Ocln|Pdcd1lg2|Pparg|Pyy|SLC5A8|Smad2|Sod1|Sod2|Sod3|TLR2|TLR8|TLR9|Tjp1|Tlr4|Tnf|Tph1|Zbp1|Zglp1,FFAR2|FFAR3,True,丁香|乌梅|人参|党参|决明子|刀豆|地黄|大枣|天冬|天麻|山茱萸|山药|当归|杜仲|杜仲叶|枸杞子|栀子|桑叶|桑椹|槐花|沙棘|淡豆豉|火麻仁|灵芝|玉竹|玳玳花|白芷|白茅根|罗汉果|肉桂|肉豆蔻|芦根|茯苓|荷叶|葛根|薏苡仁|薤白|藿香|蜂蜜|西洋参|西红花|覆盆子|赤小豆|酸枣仁|金银花|香橼|麦冬|黄精|黄芪,65,12,12,12,0,0,12,0,False,0.0,F5_compound_mapping_unverified
TR0061,Bacteroides thetaiotaomicron,5793,D-Glucose,160419.0,Succinate,CCL2|CXCL8|GOT1|GPT|IL1B|Il1b|MAPK1|MAPK3|TNF|Tnf,,False,丁香|乌梅|人参|党参|决明子|刀豆|地黄|大枣|天冬|天麻|山茱萸|山药|当归|杜仲|杜仲叶|枸杞子|栀子|桑叶|桑椹|槐花|沙棘|淡豆豉|火麻仁|灵芝|玉竹|玳玳花|白芷|白茅根|罗汉果|肉桂|肉豆蔻|芦根|茯苓|荷叶|葛根|薏苡仁|薤白|藿香|蜂蜜|西洋参|西红花|覆盆子|赤小豆|酸枣仁|金银花|香橼|麦冬|黄精|黄芪,10,12,12,12,12,0,12,12,True,1.0,F1_anaerobic_exchange_flux_supported
TR0062,Bacteroides thetaiotaomicron,6305,Tryptophan,798.0,Indole,CLDN7|CYP1A1|Ccl2|Cd68|Cxcl2|Cyp1a1|Il10ra|Itgax|Mir181a-2|OCLN|Pnmt|TJP1,,False,人参|党参|山药|当归|杏仁|枸杞子|桃仁|桑叶|淡竹叶|淡豆豉|甘草|生姜|白果|紫苏子|荷叶|莲子|薤白|蜂蜜|西洋参|赤小豆|马齿苋|麦芽|黄芪,12,12,12,12,12,11,12,11,True,0.9166666666666666,F1_anaerobic_exchange_flux_supported
TR0063,Bacteroides thetaiotaomicron,5281708,Daidzein,91469.0,Equol,Il6|Mapk8ip1|Tlr4|Tnf,,False,大枣|淡豆豉|甘草|生姜|葛根|酸枣仁|黄芪,4,12,12,0,0,0,0,0,False,0.0,F6_both_compounds_absent
TR0064,Bacteroides uniformis,5281708,Daidzein,91469.0,Equol,Il6|Mapk8ip1|Tlr4|Tnf,,False,大枣|淡豆豉|甘草|生姜|葛根|酸枣仁|黄芪,4,24,24,0,0,0,0,0,False,0.0,F6_both_compounds_absent
TR0065,Bacteroides xylanisolvens,444899,Arachidonic Acid,5280360.0,Dinoprostone,Ifng|Il10|Il6|Ptger4|Tnf,,False,丁香|人参|姜黄|昆布|桑叶|火麻仁|紫苏子|肉桂|肉苁蓉|蜂蜜|西洋参|马齿苋,5,8,8,0,0,0,0,0,False,0.0,F6_both_compounds_absent
TR0066,Barnesiella intestinihominis,5793,D-Glucose,175.0,Acetate,ALPI|ANGPTL4|APP|Alpi|CCL2|CLDN3|CXCL8|Ccl3|Cldn3|DCLK1|Dclk1|Defb1|FFAR2|FFAR3|FOXP3|Ffar2|Ffar3|GHRL|Got1|Got2|Grm1|HDAC9|Hdac1|Hdac3|Htr2a|Htr4|IL6|Il10|Il6|Klf4|LGR5|Lgr5|MUC2|Mpo|Muc2|NOS3|Nfkb1|Nlrp3|OCLN|Ocln|Smad2|Sod1|Sod2|Sod3|TJP1|TNF|TPH1|Tnf|VEGFA|Zbp1|Zglp1,FFAR2|FFAR3,True,丁香|乌梅|人参|党参|决明子|刀豆|地黄|大枣|天冬|天麻|山茱萸|山药|当归|杜仲|杜仲叶|枸杞子|栀子|桑叶|桑椹|槐花|沙棘|淡豆豉|火麻仁|灵芝|玉竹|玳玳花|白芷|白茅根|罗汉果|肉桂|肉豆蔻|芦根|茯苓|荷叶|葛根|薏苡仁|薤白|藿香|蜂蜜|西洋参|西红花|覆盆子|赤小豆|酸枣仁|金银花|香橼|麦冬|黄精|黄芪,56,5,5,5,0,0,5,0,False,0.0,F5_compound_mapping_unverified
TR0067,Barnesiella intestinihominis,5793,D-Glucose,160419.0,Succinate,CCL2|CXCL8|GOT1|GPT|IL1B|Il1b|MAPK1|MAPK3|TNF|Tnf,,False,丁香|乌梅|人参|党参|决明子|刀豆|地黄|大枣|天冬|天麻|山茱萸|山药|当归|杜仲|杜仲叶|枸杞子|栀子|桑叶|桑椹|槐花|沙棘|淡豆豉|火麻仁|灵芝|玉竹|玳玳花|白芷|白茅根|罗汉果|肉桂|肉豆蔻|芦根|茯苓|荷叶|葛根|薏苡仁|薤白|藿香|蜂蜜|西洋参|西红花|覆盆子|赤小豆|酸枣仁|金银花|香橼|麦冬|黄精|黄芪,10,5,5,5,5,0,5,0,False,0.0,F2_oxygen_permissive_exchange_flux_only
TR0068,Bifidobacteriaceae,107876,Procyanidin,135.0,4-Hydroxybenzoic acid,Nfe2l2,,False,刀豆|山楂|沙棘|白果|肉桂|茯苓|蜂蜜|赤小豆|陈皮,1,0,0,0,0,0,0,0,False,,F7_no_AGORA2_strain_model
TR0069,Bifidobacteriaceae,145858,Flavylium,135.0,4-Hydroxybenzoic acid,Nfe2l2,,False,人参|化橘红|桑椹|沙棘|淡豆豉|菊花|西红花|赤小豆,1,0,0,0,0,0,0,0,False,,F7_no_AGORA2_strain_model
TR0070,Bifidobacteriaceae,5280343,Quercetin,72.0,"3,4-Dihydroxybenzoic acid",Abca1|Abcg1|Mir10b,,False,丁香|乌梅|人参|余甘子|党参|八角茴香|决明子|刀豆|夏枯草|大枣|天冬|小蓟|山楂|山茱萸|广藿香|木瓜|杏仁|杜仲|杜仲叶|枳椇子|枸杞子|栀子|桑叶|桑椹|槐米|槐花|沙棘|灵芝|甘草|生姜|白扁豆|白果|白茅根|百合|砂仁|肉苁蓉|肉豆蔻|芦根|花椒|茯苓|草果|荷叶|莲子|菊花|蒲公英|薏苡仁|薤白|藿香|蜂蜜|西洋参|西红花|覆盆子|郁李仁|金银花|青果|香薷|马齿苋|高良姜|鱼腥草|黄精|黄芪,3,0,0,0,0,0,0,0,False,,F7_no_AGORA2_strain_model
TR0071,Bifidobacteriaceae,5280863,Kaempferol,72.0,"3,4-Dihydroxybenzoic acid",Abca1|Abcg1|Mir10b,,False,丁香|乌梅|人参|余甘子|党参|八角茴香|决明子|刀豆|化橘红|夏枯草|小蓟|山柰|山楂|广藿香|杏仁|杜仲|杜仲叶|枳椇子|栀子|桃仁|桑叶|桑椹|槐米|槐花|沙棘|灵芝|玳玳花|甘草|生姜|白扁豆|白果|百合|罗汉果|肉豆蔻|芦根|荷叶|莲子|菊花|蒲公英|藿香|蜂蜜|西红花|覆盆子|郁李仁|金银花|青果|香薷|马齿苋|高良姜|鱼腥草|黄精|黄芪,3,0,0,0,0,0,0,0,False,,F7_no_AGORA2_strain_model
TR0072,Bifidobacteriaceae,5281672,Myricetin,72.0,"3,4-Dihydroxybenzoic acid",Abca1|Abcg1|Mir10b,,False,丁香|人参|佛手|党参|化橘红|天麻|山茱萸|木瓜|枳椇子|桑叶|桑椹|沙棘|灵芝|白果|白茅根|百合|荷叶|莲子|菊花|蒲公英|蜂蜜|马齿苋|高良姜,3,0,0,0,0,0,0,0,False,,F7_no_AGORA2_strain_model
TR0073,Bifidobacterium,439531,Stachyose,175.0,Acetate,ALPI|ANGPTL4|APP|Alpi|CCL2|CLDN3|CXCL8|Ccl3|Cldn3|DCLK1|Dclk1|Defb1|FFAR2|FFAR3|FOXP3|Ffar2|Ffar3|GHRL|Got1|Got2|Grm1|HDAC9|Hdac1|Hdac3|Htr2a|Htr4|IL6|Il10|Il6|Klf4|LGR5|Lgr5|MUC2|Mpo|Muc2|NOS3|Nfkb1|Nlrp3|OCLN|Ocln|Smad2|Sod1|Sod2|Sod3|TJP1|TNF|TPH1|Tnf|VEGFA|Zbp1|Zglp1,FFAR2|FFAR3,True,地黄|白扁豆|黄芪,56,25,25,25,0,0,25,0,False,0.0,F5_compound_mapping_unverified
TR0074,Bifidobacterium,439531,Stachyose,104745.0,Propionate,ALPI|ANGPTL4|Alpi|Angptl4|CCL2|CLDN3|Casp1|Cd40|Cd86|Cldn1|DCLK1|DEFB1|Dclk1|Defb1|FFAR2|FFAR3|Ffar2|Ffar3|GHRL|Gcg|Got1|Got2|Grm1|Hdac1|IL17A|IL22|IL4R|IL6|Il10|Il12b|Il18|Il1b|Il6|Itgb1|JUN|LGR5|Lgr5|Muc2|Nfkb1|Nlrp3|Ocln|Pdcd1lg2|Pparg|Pyy|SLC5A8|Smad2|Sod1|Sod2|Sod3|TLR2|TLR8|TLR9|Tjp1|Tlr4|Tnf|Tph1|Zbp1|Zglp1,FFAR2|FFAR3,True,地黄|白扁豆|黄芪,65,25,25,25,0,0,25,0,False,0.0,F5_compound_mapping_unverified
TR0075,Bifidobacterium,1794427,Chlorogenic Acid,91.0,3-(3-Hydroxyphenyl)propanoic acid,Slc6a3,,False,丁香|乌梅|人参|八角茴香|夏枯草|大枣|小蓟|山楂|山茱萸|广藿香|当归|木瓜|杏仁|杜仲|杜仲叶|枸杞子|栀子|桃仁|桑叶|桑椹|橘红|沙棘|淡竹叶|淡豆豉|玳玳花|甘草|白果|白茅根|百合|肉豆蔻|荷叶|莲子|菊花|蒲公英|薄荷|薏苡仁|藿香|蜂蜜|西洋参|西红花|覆盆子|酸枣仁|金银花|陈皮|马齿苋|鱼腥草|麦芽|黄芪,1,25,25,0,0,0,0,0,False,0.0,F6_both_compounds_absent
TR0076,Bifidobacterium,1794427,Chlorogenic Acid,689043.0,Caffeic Acid,CASP1|ICAM1|IL10|NLRP3,,False,丁香|乌梅|人参|八角茴香|夏枯草|大枣|小蓟|山楂|山茱萸|广藿香|当归|木瓜|杏仁|杜仲|杜仲叶|枸杞子|栀子|桃仁|桑叶|桑椹|橘红|沙棘|淡竹叶|淡豆豉|玳玳花|甘草|白果|白茅根|百合|肉豆蔻|荷叶|莲子|菊花|蒲公英|薄荷|薏苡仁|藿香|蜂蜜|西洋参|西红花|覆盆子|酸枣仁|金银花|陈皮|马齿苋|鱼腥草|麦芽|黄芪,4,25,25,0,0,0,0,0,False,0.0,F6_both_compounds_absent
TR0077,Bifidobacterium adolescentis,6305,Tryptophan,127.0,4-Hydroxyphenylacetic acid,CASP1|ICAM1|IL10|NLRP3,,False,人参|党参|山药|当归|杏仁|枸杞子|桃仁|桑叶|淡竹叶|淡豆豉|甘草|生姜|白果|紫苏子|荷叶|莲子|薤白|蜂蜜|西洋参|赤小豆|马齿苋|麦芽|黄芪,4,13,13,0,0,0,0,0,False,0.0,F6_product_absent
TR0078,Bifidobacterium adolescentis,6305,Tryptophan,802.0,Indole-3-acetic acid,Cyp1a1,,False,人参|党参|山药|当归|杏仁|枸杞子|桃仁|桑叶|淡竹叶|淡豆豉|甘草|生姜|白果|紫苏子|荷叶|莲子|薤白|蜂蜜|西洋参|赤小豆|马齿苋|麦芽|黄芪,1,13,13,0,0,0,0,0,False,0.0,F6_product_absent
TR0079,Bifidobacterium adolescentis,107971,Daidzin,5281708.0,Daidzein,Cxcl10|Ifna,,False,淡豆豉|生姜|葛根,2,13,13,0,0,0,0,0,False,0.0,F6_both_compounds_absent
TR0080,Bifidobacterium animalis,1794427,Chlorogenic Acid,689043.0,Caffeic Acid,CASP1|ICAM1|IL10|NLRP3,,False,丁香|乌梅|人参|八角茴香|夏枯草|大枣|小蓟|山楂|山茱萸|广藿香|当归|木瓜|杏仁|杜仲|杜仲叶|枸杞子|栀子|桃仁|桑叶|桑椹|橘红|沙棘|淡竹叶|淡豆豉|玳玳花|甘草|白果|白茅根|百合|肉豆蔻|荷叶|莲子|菊花|蒲公英|薄荷|薏苡仁|藿香|蜂蜜|西洋参|西红花|覆盆子|酸枣仁|金银花|陈皮|马齿苋|鱼腥草|麦芽|黄芪,4,17,17,0,0,0,0,0,False,0.0,F6_both_compounds_absent
TR0081,Bifidobacterium bifidum,5281708,Daidzein,91469.0,Equol,Il6|Mapk8ip1|Tlr4|Tnf,,False,大枣|淡豆豉|甘草|生姜|葛根|酸枣仁|黄芪,4,8,8,0,0,0,0,0,False,0.0,F6_both_compounds_absent
TR0082,Bifidobacterium breve,107971,Daidzin,5281708.0,Daidzein,Cxcl10|Ifna,,False,淡豆豉|生姜|葛根,2,23,23,0,0,0,0,0,False,0.0,F6_both_compounds_absent
TR0083,Bifidobacterium catenulatum,107971,Daidzin,5281708.0,Daidzein,Cxcl10|Ifna,,False,淡豆豉|生姜|葛根,2,1,1,0,0,0,0,0,False,0.0,F6_both_compounds_absent
TR0084,Bifidobacterium longum,6140,Phenylalanine,72.0,"3,4-Dihydroxybenzoic acid",Abca1|Abcg1|Mir10b,,False,人参|党参|地黄|大枣|山茱萸|当归|杜仲|桑椹|淡豆豉|灵芝|甘草|白果|肉苁蓉|荷叶|莱菔子|菊花|蒲公英|蜂蜜|阿胶|高良姜|鸡内金|黄芪,3,28,28,0,0,0,0,0,False,0.0,F6_product_absent
TR0085,Bifidobacterium longum,6140,Phenylalanine,91.0,3-(3-Hydroxyphenyl)propanoic acid,Slc6a3,,False,人参|党参|地黄|大枣|山茱萸|当归|杜仲|桑椹|淡豆豉|灵芝|甘草|白果|肉苁蓉|荷叶|莱菔子|菊花|蒲公英|蜂蜜|阿胶|高良姜|鸡内金|黄芪,1,28,28,0,0,0,0,0,False,0.0,F6_product_absent
TR0086,Bifidobacterium longum,6140,Phenylalanine,370.0,Gallic Acid,Ace2,,False,人参|党参|地黄|大枣|山茱萸|当归|杜仲|桑椹|淡豆豉|灵芝|甘草|白果|肉苁蓉|荷叶|莱菔子|菊花|蒲公英|蜂蜜|阿胶|高良姜|鸡内金|黄芪,1,28,28,0,0,0,0,0,False,0.0,F6_product_absent
TR0087,Bifidobacterium longum,6140,Phenylalanine,12122.0,3-Hydroxyphenylacetic acid,Nfe2l2,,False,人参|党参|地黄|大枣|山茱萸|当归|杜仲|桑椹|淡豆豉|灵芝|甘草|白果|肉苁蓉|荷叶|莱菔子|菊花|蒲公英|蜂蜜|阿胶|高良姜|鸡内金|黄芪,1,28,28,0,0,0,0,0,False,0.0,F6_product_absent
TR0088,Bifidobacterium longum,107848,Geniposide,442424.0,Genipin,BAX|BCL2|CASP3|MAPK8,,False,党参|地黄|山茱萸|当归|杜仲|杜仲叶|栀子|沙棘|玳玳花|西红花,4,28,28,0,0,0,0,0,False,0.0,F6_both_compounds_absent
TR0089,Bifidobacterium longum,440936,Arbutin,785.0,Hydroquinone,BAX|BCL2|CASP3,,False,人参|天麻|山药|杜仲叶|枸杞子|桑椹|肉桂|花椒|荷叶|莲子|蜂蜜|酸枣仁|陈皮,3,28,28,1,1,0,1,0,False,0.0,F4_topological_path_only
TR0090,Bifidobacterium longum subsp. infantis,175,Acetate,104775.0,Butyrate,ALPI|ANGPTL4|Abcb1a|Abcb1b|Alpi|Angptl4|Aurkc|CCL2|CHGA|CLDN3|CXCL8|CXCR2|Card9|Ccl2|Ccl3|Cd40|Cdc42|Cdkn1b|Chd1|Chga|Cldn1|Cldn2|Col4a1|Ctnnb1|Cyp2b10|Cyp3a11|DCLK1|DEFB1|Dao|Defb1|Dot1l|Dusp1|FFAR2|FFAR3|FOS|Ffar2|Ffar3|Fos|Foxp3|GCK|GHRL|Gcg|Got1|Got2|Grm1|Gsk3b|Gzmb|H3|HCAR2|HDAC1|HDAC11|HDAC2|HDAC3|HDAC4|HDAC5|HDAC7|HDAC8|HDAC9|Hcar2|Hdac1|Hdac3|Hdac6|IL10|IL12A|IL12B|IL1B|IL22RA1|IL4R|IL6|Ifng|Il10|Il12b|Il17a|Il18|Il1b|Il5|Il6|Itgam|JUN|Kat14|Kat5|Kirrel1|LGR5|LYZ|Ldha|Ldhb|Ldhc|Lgr5|Ly6g|Lyz1|MUC2|Map1lc3b|Mmp9|Mtor|Muc2|Nfkb1|Nlrp3|Nphs1|OCLN|Ocln|PPARG|Pparg|Prdm1|Prkaa1|REG3B|REG3G|Rac1|Reg3b|Reg3g|Rela|S100a4|SLC5A8|Slc2a4|Sod1|Sod2|Sod3|Stat3|Synpo|TJP1|TLR4|TNF|Tgfb1|Timp1|Tjp1|Tlr4|Tnf|Tph1|Trp53|Trpc5|Trpc6|Wt1|Zbp1|Zglp1|mct1,FFAR2|FFAR3|GCK|PPARG,True,丁香|人参|佛手|决明子|夏枯草|天麻|小茴香|山茱萸|山药|当归|杜仲|栀子|桃仁|桑叶|桑椹|桔梗|榧子|橘红|淡豆豉|灵芝|玳玳花|甘草|白果|白茅根|砂仁|罗汉果|肉桂|肉豆蔻|花椒|茯苓|菊花|葛根|薄荷|蜂蜜|西洋参|西红花|赤小豆|金银花|高良姜|麦冬|黄精|黄芪,173,28,28,0,0,0,0,0,False,0.0,F6_product_absent
TR0091,Bifidobacterium longum subsp. infantis,2353,Berberine,11066.0,Oxyberberine,Cldn1|F11r|Ifng|Il17a|Il1b|Il6|Ocln|Tjp1|Tjp2|Tnf,,False,人参|决明子|刀豆|大枣|广藿香|当归|杜仲|枸杞子|栀子|甘草|白果|白芷|白茅根|百合|肉桂|花椒|葛根|薏苡仁|蜂蜜|西洋参|金银花|香橼|黄芪,10,28,28,0,0,0,0,0,False,0.0,F6_both_compounds_absent
TR0092,Bifidobacterium longum subsp. infantis,6305,Tryptophan,127.0,4-Hydroxyphenylacetic acid,CASP1|ICAM1|IL10|NLRP3,,False,人参|党参|山药|当归|杏仁|枸杞子|桃仁|桑叶|淡竹叶|淡豆豉|甘草|生姜|白果|紫苏子|荷叶|莲子|薤白|蜂蜜|西洋参|赤小豆|马齿苋|麦芽|黄芪,4,28,28,0,0,0,0,0,False,0.0,F6_product_absent
TR0093,Bifidobacterium longum subsp. infantis,6305,Tryptophan,802.0,Indole-3-acetic acid,Cyp1a1,,False,人参|党参|山药|当归|杏仁|枸杞子|桃仁|桑叶|淡竹叶|淡豆豉|甘草|生姜|白果|紫苏子|荷叶|莲子|薤白|蜂蜜|西洋参|赤小豆|马齿苋|麦芽|黄芪,1,28,28,0,0,0,0,0,False,0.0,F6_product_absent
TR0094,Bifidobacterium longum subsp. infantis,6305,Tryptophan,92904.0,Indole-3-lactic acid,Il1b,,False,人参|党参|山药|当归|杏仁|枸杞子|桃仁|桑叶|淡竹叶|淡豆豉|甘草|生姜|白果|紫苏子|荷叶|莲子|薤白|蜂蜜|西洋参|赤小豆|马齿苋|麦芽|黄芪,1,28,28,0,0,0,0,0,False,0.0,F6_product_absent
TR0095,Bifidobacterium longum subsp. infantis,91435,Lactate,104775.0,Butyrate,ALPI|ANGPTL4|Abcb1a|Abcb1b|Alpi|Angptl4|Aurkc|CCL2|CHGA|CLDN3|CXCL8|CXCR2|Card9|Ccl2|Ccl3|Cd40|Cdc42|Cdkn1b|Chd1|Chga|Cldn1|Cldn2|Col4a1|Ctnnb1|Cyp2b10|Cyp3a11|DCLK1|DEFB1|Dao|Defb1|Dot1l|Dusp1|FFAR2|FFAR3|FOS|Ffar2|Ffar3|Fos|Foxp3|GCK|GHRL|Gcg|Got1|Got2|Grm1|Gsk3b|Gzmb|H3|HCAR2|HDAC1|HDAC11|HDAC2|HDAC3|HDAC4|HDAC5|HDAC7|HDAC8|HDAC9|Hcar2|Hdac1|Hdac3|Hdac6|IL10|IL12A|IL12B|IL1B|IL22RA1|IL4R|IL6|Ifng|Il10|Il12b|Il17a|Il18|Il1b|Il5|Il6|Itgam|JUN|Kat14|Kat5|Kirrel1|LGR5|LYZ|Ldha|Ldhb|Ldhc|Lgr5|Ly6g|Lyz1|MUC2|Map1lc3b|Mmp9|Mtor|Muc2|Nfkb1|Nlrp3|Nphs1|OCLN|Ocln|PPARG|Pparg|Prdm1|Prkaa1|REG3B|REG3G|Rac1|Reg3b|Reg3g|Rela|S100a4|SLC5A8|Slc2a4|Sod1|Sod2|Sod3|Stat3|Synpo|TJP1|TLR4|TNF|Tgfb1|Timp1|Tjp1|Tlr4|Tnf|Tph1|Trp53|Trpc5|Trpc6|Wt1|Zbp1|Zglp1|mct1,FFAR2|FFAR3|GCK|PPARG,True,丁香|人参|栀子|桑叶|茯苓|蜂蜜|西红花|覆盆子|黄芪,173,28,28,0,0,0,0,0,False,0.0,F6_both_compounds_absent
TR0096,Bifidobacterium longum subsp. infantis,107971,Daidzin,5281708.0,Daidzein,Cxcl10|Ifna,,False,淡豆豉|生姜|葛根,2,28,28,0,0,0,0,0,False,0.0,F6_both_compounds_absent
TR0097,Bifidobacterium pseudocatenulatum,107971,Daidzin,5281708.0,Daidzein,Cxcl10|Ifna,,False,淡豆豉|生姜|葛根,2,6,6,0,0,0,0,0,False,0.0,F6_both_compounds_absent
TR0098,Bififidobacterium thetaiotaomicron,5793,D-Glucose,802.0,Indole-3-acetic acid,Cyp1a1,,False,丁香|乌梅|人参|党参|决明子|刀豆|地黄|大枣|天冬|天麻|山茱萸|山药|当归|杜仲|杜仲叶|枸杞子|栀子|桑叶|桑椹|槐花|沙棘|淡豆豉|火麻仁|灵芝|玉竹|玳玳花|白芷|白茅根|罗汉果|肉桂|肉豆蔻|芦根|茯苓|荷叶|葛根|薏苡仁|薤白|藿香|蜂蜜|西洋参|西红花|覆盆子|赤小豆|酸枣仁|金银花|香橼|麦冬|黄精|黄芪,1,12,12,0,0,0,0,0,False,0.0,F6_product_absent
TR0099,Bififidobacterium thetaiotaomicron,6305,Tryptophan,127.0,4-Hydroxyphenylacetic acid,CASP1|ICAM1|IL10|NLRP3,,False,人参|党参|山药|当归|杏仁|枸杞子|桃仁|桑叶|淡竹叶|淡豆豉|甘草|生姜|白果|紫苏子|荷叶|莲子|薤白|蜂蜜|西洋参|赤小豆|马齿苋|麦芽|黄芪,4,12,12,11,11,0,11,0,False,0.0,F2_anaerobic_artificial_sink_flux_only
TR0100,Blautia faecis,5793,D-Glucose,175.0,Acetate,ALPI|ANGPTL4|APP|Alpi|CCL2|CLDN3|CXCL8|Ccl3|Cldn3|DCLK1|Dclk1|Defb1|FFAR2|FFAR3|FOXP3|Ffar2|Ffar3|GHRL|Got1|Got2|Grm1|HDAC9|Hdac1|Hdac3|Htr2a|Htr4|IL6|Il10|Il6|Klf4|LGR5|Lgr5|MUC2|Mpo|Muc2|NOS3|Nfkb1|Nlrp3|OCLN|Ocln|Smad2|Sod1|Sod2|Sod3|TJP1|TNF|TPH1|Tnf|VEGFA|Zbp1|Zglp1,FFAR2|FFAR3,True,丁香|乌梅|人参|党参|决明子|刀豆|地黄|大枣|天冬|天麻|山茱萸|山药|当归|杜仲|杜仲叶|枸杞子|栀子|桑叶|桑椹|槐花|沙棘|淡豆豉|火麻仁|灵芝|玉竹|玳玳花|白芷|白茅根|罗汉果|肉桂|肉豆蔻|芦根|茯苓|荷叶|葛根|薏苡仁|薤白|藿香|蜂蜜|西洋参|西红花|覆盆子|赤小豆|酸枣仁|金银花|香橼|麦冬|黄精|黄芪,56,1,1,1,0,0,1,0,False,0.0,F5_compound_mapping_unverified
TR0101,Blautia faecis,5793,D-Glucose,91435.0,Lactate,Abca8a|Defa5,,False,丁香|乌梅|人参|党参|决明子|刀豆|地黄|大枣|天冬|天麻|山茱萸|山药|当归|杜仲|杜仲叶|枸杞子|栀子|桑叶|桑椹|槐花|沙棘|淡豆豉|火麻仁|灵芝|玉竹|玳玳花|白芷|白茅根|罗汉果|肉桂|肉豆蔻|芦根|茯苓|荷叶|葛根|薏苡仁|薤白|藿香|蜂蜜|西洋参|西红花|覆盆子|赤小豆|酸枣仁|金银花|香橼|麦冬|黄精|黄芪,2,1,1,0,0,0,0,0,False,0.0,F6_product_absent
TR0102,Blautia producta,176907,Dihydrodaidzein,91469.0,Equol,Il6|Mapk8ip1|Tlr4|Tnf,,False,甘草,4,3,3,0,0,0,0,0,False,0.0,F6_both_compounds_absent
TR0103,Blautia producta,5281708,Daidzein,91469.0,Equol,Il6|Mapk8ip1|Tlr4|Tnf,,False,大枣|淡豆豉|甘草|生姜|葛根|酸枣仁|黄芪,4,3,3,0,0,0,0,0,False,0.0,F6_both_compounds_absent
TR0104,Butyricimonas synergistica,5793,D-Glucose,6590.0,Isobutyric acid,Got1|Got2|Grm1|Hdac1|Il6|Sod1|Sod2|Sod3|Tnf,,False,丁香|乌梅|人参|党参|决明子|刀豆|地黄|大枣|天冬|天麻|山茱萸|山药|当归|杜仲|杜仲叶|枸杞子|栀子|桑叶|桑椹|槐花|沙棘|淡豆豉|火麻仁|灵芝|玉竹|玳玳花|白芷|白茅根|罗汉果|肉桂|肉豆蔻|芦根|茯苓|荷叶|葛根|薏苡仁|薤白|藿香|蜂蜜|西洋参|西红花|覆盆子|赤小豆|酸枣仁|金银花|香橼|麦冬|黄精|黄芪,9,1,1,1,1,0,1,0,False,0.0,F4_topological_path_only
TR0105,Butyricimonas synergistica,5793,D-Glucose,104775.0,Butyrate,ALPI|ANGPTL4|Abcb1a|Abcb1b|Alpi|Angptl4|Aurkc|CCL2|CHGA|CLDN3|CXCL8|CXCR2|Card9|Ccl2|Ccl3|Cd40|Cdc42|Cdkn1b|Chd1|Chga|Cldn1|Cldn2|Col4a1|Ctnnb1|Cyp2b10|Cyp3a11|DCLK1|DEFB1|Dao|Defb1|Dot1l|Dusp1|FFAR2|FFAR3|FOS|Ffar2|Ffar3|Fos|Foxp3|GCK|GHRL|Gcg|Got1|Got2|Grm1|Gsk3b|Gzmb|H3|HCAR2|HDAC1|HDAC11|HDAC2|HDAC3|HDAC4|HDAC5|HDAC7|HDAC8|HDAC9|Hcar2|Hdac1|Hdac3|Hdac6|IL10|IL12A|IL12B|IL1B|IL22RA1|IL4R|IL6|Ifng|Il10|Il12b|Il17a|Il18|Il1b|Il5|Il6|Itgam|JUN|Kat14|Kat5|Kirrel1|LGR5|LYZ|Ldha|Ldhb|Ldhc|Lgr5|Ly6g|Lyz1|MUC2|Map1lc3b|Mmp9|Mtor|Muc2|Nfkb1|Nlrp3|Nphs1|OCLN|Ocln|PPARG|Pparg|Prdm1|Prkaa1|REG3B|REG3G|Rac1|Reg3b|Reg3g|Rela|S100a4|SLC5A8|Slc2a4|Sod1|Sod2|Sod3|Stat3|Synpo|TJP1|TLR4|TNF|Tgfb1|Timp1|Tjp1|Tlr4|Tnf|Tph1|Trp53|Trpc5|Trpc6|Wt1|Zbp1|Zglp1|mct1,FFAR2|FFAR3|GCK|PPARG,True,丁香|乌梅|人参|党参|决明子|刀豆|地黄|大枣|天冬|天麻|山茱萸|山药|当归|杜仲|杜仲叶|枸杞子|栀子|桑叶|桑椹|槐花|沙棘|淡豆豉|火麻仁|灵芝|玉竹|玳玳花|白芷|白茅根|罗汉果|肉桂|肉豆蔻|芦根|茯苓|荷叶|葛根|薏苡仁|薤白|藿香|蜂蜜|西洋参|西红花|覆盆子|赤小豆|酸枣仁|金银花|香橼|麦冬|黄精|黄芪,173,1,1,1,1,0,1,1,True,1.0,F1_anaerobic_exchange_flux_supported
TR0106,Butyricimonas virosa,5793,D-Glucose,6590.0,Isobutyric acid,Got1|Got2|Grm1|Hdac1|Il6|Sod1|Sod2|Sod3|Tnf,,False,丁香|乌梅|人参|党参|决明子|刀豆|地黄|大枣|天冬|天麻|山茱萸|山药|当归|杜仲|杜仲叶|枸杞子|栀子|桑叶|桑椹|槐花|沙棘|淡豆豉|火麻仁|灵芝|玉竹|玳玳花|白芷|白茅根|罗汉果|肉桂|肉豆蔻|芦根|茯苓|荷叶|葛根|薏苡仁|薤白|藿香|蜂蜜|西洋参|西红花|覆盆子|赤小豆|酸枣仁|金银花|香橼|麦冬|黄精|黄芪,9,2,2,2,2,0,2,0,False,0.0,F4_topological_path_only
TR0107,Butyricimonas virosa,5793,D-Glucose,104775.0,Butyrate,ALPI|ANGPTL4|Abcb1a|Abcb1b|Alpi|Angptl4|Aurkc|CCL2|CHGA|CLDN3|CXCL8|CXCR2|Card9|Ccl2|Ccl3|Cd40|Cdc42|Cdkn1b|Chd1|Chga|Cldn1|Cldn2|Col4a1|Ctnnb1|Cyp2b10|Cyp3a11|DCLK1|DEFB1|Dao|Defb1|Dot1l|Dusp1|FFAR2|FFAR3|FOS|Ffar2|Ffar3|Fos|Foxp3|GCK|GHRL|Gcg|Got1|Got2|Grm1|Gsk3b|Gzmb|H3|HCAR2|HDAC1|HDAC11|HDAC2|HDAC3|HDAC4|HDAC5|HDAC7|HDAC8|HDAC9|Hcar2|Hdac1|Hdac3|Hdac6|IL10|IL12A|IL12B|IL1B|IL22RA1|IL4R|IL6|Ifng|Il10|Il12b|Il17a|Il18|Il1b|Il5|Il6|Itgam|JUN|Kat14|Kat5|Kirrel1|LGR5|LYZ|Ldha|Ldhb|Ldhc|Lgr5|Ly6g|Lyz1|MUC2|Map1lc3b|Mmp9|Mtor|Muc2|Nfkb1|Nlrp3|Nphs1|OCLN|Ocln|PPARG|Pparg|Prdm1|Prkaa1|REG3B|REG3G|Rac1|Reg3b|Reg3g|Rela|S100a4|SLC5A8|Slc2a4|Sod1|Sod2|Sod3|Stat3|Synpo|TJP1|TLR4|TNF|Tgfb1|Timp1|Tjp1|Tlr4|Tnf|Tph1|Trp53|Trpc5|Trpc6|Wt1|Zbp1|Zglp1|mct1,FFAR2|FFAR3|GCK|PPARG,True,丁香|乌梅|人参|党参|决明子|刀豆|地黄|大枣|天冬|天麻|山茱萸|山药|当归|杜仲|杜仲叶|枸杞子|栀子|桑叶|桑椹|槐花|沙棘|淡豆豉|火麻仁|灵芝|玉竹|玳玳花|白芷|白茅根|罗汉果|肉桂|肉豆蔻|芦根|茯苓|荷叶|葛根|薏苡仁|薤白|藿香|蜂蜜|西洋参|西红花|覆盆子|赤小豆|酸枣仁|金银花|香橼|麦冬|黄精|黄芪,173,2,2,2,2,0,2,2,True,1.0,F1_anaerobic_exchange_flux_supported
TR0108,Butyrivibrio fibrisolvens,6305,Tryptophan,802.0,Indole-3-acetic acid,Cyp1a1,,False,人参|党参|山药|当归|杏仁|枸杞子|桃仁|桑叶|淡竹叶|淡豆豉|甘草|生姜|白果|紫苏子|荷叶|莲子|薤白|蜂蜜|西洋参|赤小豆|马齿苋|麦芽|黄芪,1,1,1,0,0,0,0,0,False,0.0,F6_product_absent
TR0109,Candidatus Arthromitus,1146,Trimethylamine,1145.0,Trimethylamine oxide,Atp1b1|CD14|CD163|CD44|Cldn1|Cxcl1|HBA1|IL12A|IL1B|IL6|Il1b|Il6|LCN2|Lcn2|Myh7|Nfkb1|Nox4|Nppa|SMN1|SMURF2|Sirt1|TGFBR1|TNF|Tgfb1|Tnf,,False,丁香|甘草|黄芪,30,5,5,0,0,0,0,0,False,0.0,F6_both_compounds_absent
TR0110,Catenibacillus scindens,5280441,Vitexin,10394.0,3-(4-Hydroxyphenyl)propionic acid,CASP1|ICAM1|IL10|NLRP3,,False,丁香|人参|决明子|大枣|山楂|桔梗|淡竹叶|火麻仁|甘草|肉桂|荷叶|莲子|马齿苋|鱼腥草|麦芽,4,0,0,0,0,0,0,0,False,,F7_no_AGORA2_strain_model
TR0111,Catenibacillus scindens,5281807,Puerarin,5281708.0,Daidzein,Cxcl10|Ifna,,False,人参|大枣|山药|当归|白芷|花椒|葛根|黄芪,2,0,0,0,0,0,0,0,False,,F7_no_AGORA2_strain_model
TR0112,Christensenella minuta,5793,D-Glucose,175.0,Acetate,ALPI|ANGPTL4|APP|Alpi|CCL2|CLDN3|CXCL8|Ccl3|Cldn3|DCLK1|Dclk1|Defb1|FFAR2|FFAR3|FOXP3|Ffar2|Ffar3|GHRL|Got1|Got2|Grm1|HDAC9|Hdac1|Hdac3|Htr2a|Htr4|IL6|Il10|Il6|Klf4|LGR5|Lgr5|MUC2|Mpo|Muc2|NOS3|Nfkb1|Nlrp3|OCLN|Ocln|Smad2|Sod1|Sod2|Sod3|TJP1|TNF|TPH1|Tnf|VEGFA|Zbp1|Zglp1,FFAR2|FFAR3,True,丁香|乌梅|人参|党参|决明子|刀豆|地黄|大枣|天冬|天麻|山茱萸|山药|当归|杜仲|杜仲叶|枸杞子|栀子|桑叶|桑椹|槐花|沙棘|淡豆豉|火麻仁|灵芝|玉竹|玳玳花|白芷|白茅根|罗汉果|肉桂|肉豆蔻|芦根|茯苓|荷叶|葛根|薏苡仁|薤白|藿香|蜂蜜|西洋参|西红花|覆盆子|赤小豆|酸枣仁|金银花|香橼|麦冬|黄精|黄芪,56,1,1,1,0,0,1,0,False,0.0,F5_compound_mapping_unverified
TR0113,Christensenella minuta,5793,D-Glucose,104775.0,Butyrate,ALPI|ANGPTL4|Abcb1a|Abcb1b|Alpi|Angptl4|Aurkc|CCL2|CHGA|CLDN3|CXCL8|CXCR2|Card9|Ccl2|Ccl3|Cd40|Cdc42|Cdkn1b|Chd1|Chga|Cldn1|Cldn2|Col4a1|Ctnnb1|Cyp2b10|Cyp3a11|DCLK1|DEFB1|Dao|Defb1|Dot1l|Dusp1|FFAR2|FFAR3|FOS|Ffar2|Ffar3|Fos|Foxp3|GCK|GHRL|Gcg|Got1|Got2|Grm1|Gsk3b|Gzmb|H3|HCAR2|HDAC1|HDAC11|HDAC2|HDAC3|HDAC4|HDAC5|HDAC7|HDAC8|HDAC9|Hcar2|Hdac1|Hdac3|Hdac6|IL10|IL12A|IL12B|IL1B|IL22RA1|IL4R|IL6|Ifng|Il10|Il12b|Il17a|Il18|Il1b|Il5|Il6|Itgam|JUN|Kat14|Kat5|Kirrel1|LGR5|LYZ|Ldha|Ldhb|Ldhc|Lgr5|Ly6g|Lyz1|MUC2|Map1lc3b|Mmp9|Mtor|Muc2|Nfkb1|Nlrp3|Nphs1|OCLN|Ocln|PPARG|Pparg|Prdm1|Prkaa1|REG3B|REG3G|Rac1|Reg3b|Reg3g|Rela|S100a4|SLC5A8|Slc2a4|Sod1|Sod2|Sod3|Stat3|Synpo|TJP1|TLR4|TNF|Tgfb1|Timp1|Tjp1|Tlr4|Tnf|Tph1|Trp53|Trpc5|Trpc6|Wt1|Zbp1|Zglp1|mct1,FFAR2|FFAR3|GCK|PPARG,True,丁香|乌梅|人参|党参|决明子|刀豆|地黄|大枣|天冬|天麻|山茱萸|山药|当归|杜仲|杜仲叶|枸杞子|栀子|桑叶|桑椹|槐花|沙棘|淡豆豉|火麻仁|灵芝|玉竹|玳玳花|白芷|白茅根|罗汉果|肉桂|肉豆蔻|芦根|茯苓|荷叶|葛根|薏苡仁|薤白|藿香|蜂蜜|西洋参|西红花|覆盆子|赤小豆|酸枣仁|金银花|香橼|麦冬|黄精|黄芪,173,1,1,1,1,0,1,1,True,1.0,F1_anaerobic_exchange_flux_supported
TR0114,Christensenella minuta,18950,D-Mannose,175.0,Acetate,ALPI|ANGPTL4|APP|Alpi|CCL2|CLDN3|CXCL8|Ccl3|Cldn3|DCLK1|Dclk1|Defb1|FFAR2|FFAR3|FOXP3|Ffar2|Ffar3|GHRL|Got1|Got2|Grm1|HDAC9|Hdac1|Hdac3|Htr2a|Htr4|IL6|Il10|Il6|Klf4|LGR5|Lgr5|MUC2|Mpo|Muc2|NOS3|Nfkb1|Nlrp3|OCLN|Ocln|Smad2|Sod1|Sod2|Sod3|TJP1|TNF|TPH1|Tnf|VEGFA|Zbp1|Zglp1,FFAR2|FFAR3,True,丁香|人参|决明子|刀豆|地黄|姜黄|山药|当归|杜仲|枸杞子|桑椹|灵芝|石斛|肉苁蓉|茯苓|蒲公英|薤白|蜂蜜|西洋参|酸枣仁|陈皮,56,1,1,0,0,0,0,0,False,0.0,F6_substrate_absent
TR0115,Christensenella minuta,18950,D-Mannose,104775.0,Butyrate,ALPI|ANGPTL4|Abcb1a|Abcb1b|Alpi|Angptl4|Aurkc|CCL2|CHGA|CLDN3|CXCL8|CXCR2|Card9|Ccl2|Ccl3|Cd40|Cdc42|Cdkn1b|Chd1|Chga|Cldn1|Cldn2|Col4a1|Ctnnb1|Cyp2b10|Cyp3a11|DCLK1|DEFB1|Dao|Defb1|Dot1l|Dusp1|FFAR2|FFAR3|FOS|Ffar2|Ffar3|Fos|Foxp3|GCK|GHRL|Gcg|Got1|Got2|Grm1|Gsk3b|Gzmb|H3|HCAR2|HDAC1|HDAC11|HDAC2|HDAC3|HDAC4|HDAC5|HDAC7|HDAC8|HDAC9|Hcar2|Hdac1|Hdac3|Hdac6|IL10|IL12A|IL12B|IL1B|IL22RA1|IL4R|IL6|Ifng|Il10|Il12b|Il17a|Il18|Il1b|Il5|Il6|Itgam|JUN|Kat14|Kat5|Kirrel1|LGR5|LYZ|Ldha|Ldhb|Ldhc|Lgr5|Ly6g|Lyz1|MUC2|Map1lc3b|Mmp9|Mtor|Muc2|Nfkb1|Nlrp3|Nphs1|OCLN|Ocln|PPARG|Pparg|Prdm1|Prkaa1|REG3B|REG3G|Rac1|Reg3b|Reg3g|Rela|S100a4|SLC5A8|Slc2a4|Sod1|Sod2|Sod3|Stat3|Synpo|TJP1|TLR4|TNF|Tgfb1|Timp1|Tjp1|Tlr4|Tnf|Tph1|Trp53|Trpc5|Trpc6|Wt1|Zbp1|Zglp1|mct1,FFAR2|FFAR3|GCK|PPARG,True,丁香|人参|决明子|刀豆|地黄|姜黄|山药|当归|杜仲|枸杞子|桑椹|灵芝|石斛|肉苁蓉|茯苓|蒲公英|薤白|蜂蜜|西洋参|酸枣仁|陈皮,173,1,1,0,0,0,0,0,False,0.0,F6_substrate_absent
TR0116,Christensenella minuta,25310,L-Rhamnose,175.0,Acetate,ALPI|ANGPTL4|APP|Alpi|CCL2|CLDN3|CXCL8|Ccl3|Cldn3|DCLK1|Dclk1|Defb1|FFAR2|FFAR3|FOXP3|Ffar2|Ffar3|GHRL|Got1|Got2|Grm1|HDAC9|Hdac1|Hdac3|Htr2a|Htr4|IL6|Il10|Il6|Klf4|LGR5|Lgr5|MUC2|Mpo|Muc2|NOS3|Nfkb1|Nlrp3|OCLN|Ocln|Smad2|Sod1|Sod2|Sod3|TJP1|TNF|TPH1|Tnf|VEGFA|Zbp1|Zglp1,FFAR2|FFAR3,True,人参|党参|天冬|肉苁蓉|薏苡仁|薤白|金银花,56,1,1,1,0,0,1,0,False,0.0,F5_compound_mapping_unverified
TR0117,Christensenella minuta,25310,L-Rhamnose,104775.0,Butyrate,ALPI|ANGPTL4|Abcb1a|Abcb1b|Alpi|Angptl4|Aurkc|CCL2|CHGA|CLDN3|CXCL8|CXCR2|Card9|Ccl2|Ccl3|Cd40|Cdc42|Cdkn1b|Chd1|Chga|Cldn1|Cldn2|Col4a1|Ctnnb1|Cyp2b10|Cyp3a11|DCLK1|DEFB1|Dao|Defb1|Dot1l|Dusp1|FFAR2|FFAR3|FOS|Ffar2|Ffar3|Fos|Foxp3|GCK|GHRL|Gcg|Got1|Got2|Grm1|Gsk3b|Gzmb|H3|HCAR2|HDAC1|HDAC11|HDAC2|HDAC3|HDAC4|HDAC5|HDAC7|HDAC8|HDAC9|Hcar2|Hdac1|Hdac3|Hdac6|IL10|IL12A|IL12B|IL1B|IL22RA1|IL4R|IL6|Ifng|Il10|Il12b|Il17a|Il18|Il1b|Il5|Il6|Itgam|JUN|Kat14|Kat5|Kirrel1|LGR5|LYZ|Ldha|Ldhb|Ldhc|Lgr5|Ly6g|Lyz1|MUC2|Map1lc3b|Mmp9|Mtor|Muc2|Nfkb1|Nlrp3|Nphs1|OCLN|Ocln|PPARG|Pparg|Prdm1|Prkaa1|REG3B|REG3G|Rac1|Reg3b|Reg3g|Rela|S100a4|SLC5A8|Slc2a4|Sod1|Sod2|Sod3|Stat3|Synpo|TJP1|TLR4|TNF|Tgfb1|Timp1|Tjp1|Tlr4|Tnf|Tph1|Trp53|Trpc5|Trpc6|Wt1|Zbp1|Zglp1|mct1,FFAR2|FFAR3|GCK|PPARG,True,人参|党参|天冬|肉苁蓉|薏苡仁|薤白|金银花,173,1,1,1,1,0,1,1,True,1.0,F1_anaerobic_exchange_flux_supported
TR0118,Christensenella minuta,135191,D-Xylose,175.0,Acetate,ALPI|ANGPTL4|APP|Alpi|CCL2|CLDN3|CXCL8|Ccl3|Cldn3|DCLK1|Dclk1|Defb1|FFAR2|FFAR3|FOXP3|Ffar2|Ffar3|GHRL|Got1|Got2|Grm1|HDAC9|Hdac1|Hdac3|Htr2a|Htr4|IL6|Il10|Il6|Klf4|LGR5|Lgr5|MUC2|Mpo|Muc2|NOS3|Nfkb1|Nlrp3|OCLN|Ocln|Smad2|Sod1|Sod2|Sod3|TJP1|TNF|TPH1|Tnf|VEGFA|Zbp1|Zglp1,FFAR2|FFAR3,True,天冬|沙棘|灵芝|胖大海|芦根|薤白|蜂蜜|金银花|黄芪,56,1,1,1,0,0,1,0,False,0.0,F5_compound_mapping_unverified
TR0119,Christensenella minuta,135191,D-Xylose,104775.0,Butyrate,ALPI|ANGPTL4|Abcb1a|Abcb1b|Alpi|Angptl4|Aurkc|CCL2|CHGA|CLDN3|CXCL8|CXCR2|Card9|Ccl2|Ccl3|Cd40|Cdc42|Cdkn1b|Chd1|Chga|Cldn1|Cldn2|Col4a1|Ctnnb1|Cyp2b10|Cyp3a11|DCLK1|DEFB1|Dao|Defb1|Dot1l|Dusp1|FFAR2|FFAR3|FOS|Ffar2|Ffar3|Fos|Foxp3|GCK|GHRL|Gcg|Got1|Got2|Grm1|Gsk3b|Gzmb|H3|HCAR2|HDAC1|HDAC11|HDAC2|HDAC3|HDAC4|HDAC5|HDAC7|HDAC8|HDAC9|Hcar2|Hdac1|Hdac3|Hdac6|IL10|IL12A|IL12B|IL1B|IL22RA1|IL4R|IL6|Ifng|Il10|Il12b|Il17a|Il18|Il1b|Il5|Il6|Itgam|JUN|Kat14|Kat5|Kirrel1|LGR5|LYZ|Ldha|Ldhb|Ldhc|Lgr5|Ly6g|Lyz1|MUC2|Map1lc3b|Mmp9|Mtor|Muc2|Nfkb1|Nlrp3|Nphs1|OCLN|Ocln|PPARG|Pparg|Prdm1|Prkaa1|REG3B|REG3G|Rac1|Reg3b|Reg3g|Rela|S100a4|SLC5A8|Slc2a4|Sod1|Sod2|Sod3|Stat3|Synpo|TJP1|TLR4|TNF|Tgfb1|Timp1|Tjp1|Tlr4|Tnf|Tph1|Trp53|Trpc5|Trpc6|Wt1|Zbp1|Zglp1|mct1,FFAR2|FFAR3|GCK|PPARG,True,天冬|沙棘|灵芝|胖大海|芦根|薤白|蜂蜜|金银花|黄芪,173,1,1,1,0,0,1,0,False,0.0,F5_compound_mapping_unverified
TR0120,Christensenella minuta,439195,L-Arabinose,175.0,Acetate,ALPI|ANGPTL4|APP|Alpi|CCL2|CLDN3|CXCL8|Ccl3|Cldn3|DCLK1|Dclk1|Defb1|FFAR2|FFAR3|FOXP3|Ffar2|Ffar3|GHRL|Got1|Got2|Grm1|HDAC9|Hdac1|Hdac3|Htr2a|Htr4|IL6|Il10|Il6|Klf4|LGR5|Lgr5|MUC2|Mpo|Muc2|NOS3|Nfkb1|Nlrp3|OCLN|Ocln|Smad2|Sod1|Sod2|Sod3|TJP1|TNF|TPH1|Tnf|VEGFA|Zbp1|Zglp1,FFAR2|FFAR3,True,人参|刀豆|杜仲|桑叶|桑椹|莱菔子|薏苡仁|薤白|蜂蜜|赤小豆,56,1,1,1,0,0,1,0,False,0.0,F5_compound_mapping_unverified
TR0121,Christensenella minuta,439195,L-Arabinose,104775.0,Butyrate,ALPI|ANGPTL4|Abcb1a|Abcb1b|Alpi|Angptl4|Aurkc|CCL2|CHGA|CLDN3|CXCL8|CXCR2|Card9|Ccl2|Ccl3|Cd40|Cdc42|Cdkn1b|Chd1|Chga|Cldn1|Cldn2|Col4a1|Ctnnb1|Cyp2b10|Cyp3a11|DCLK1|DEFB1|Dao|Defb1|Dot1l|Dusp1|FFAR2|FFAR3|FOS|Ffar2|Ffar3|Fos|Foxp3|GCK|GHRL|Gcg|Got1|Got2|Grm1|Gsk3b|Gzmb|H3|HCAR2|HDAC1|HDAC11|HDAC2|HDAC3|HDAC4|HDAC5|HDAC7|HDAC8|HDAC9|Hcar2|Hdac1|Hdac3|Hdac6|IL10|IL12A|IL12B|IL1B|IL22RA1|IL4R|IL6|Ifng|Il10|Il12b|Il17a|Il18|Il1b|Il5|Il6|Itgam|JUN|Kat14|Kat5|Kirrel1|LGR5|LYZ|Ldha|Ldhb|Ldhc|Lgr5|Ly6g|Lyz1|MUC2|Map1lc3b|Mmp9|Mtor|Muc2|Nfkb1|Nlrp3|Nphs1|OCLN|Ocln|PPARG|Pparg|Prdm1|Prkaa1|REG3B|REG3G|Rac1|Reg3b|Reg3g|Rela|S100a4|SLC5A8|Slc2a4|Sod1|Sod2|Sod3|Stat3|Synpo|TJP1|TLR4|TNF|Tgfb1|Timp1|Tjp1|Tlr4|Tnf|Tph1|Trp53|Trpc5|Trpc6|Wt1|Zbp1|Zglp1|mct1,FFAR2|FFAR3|GCK|PPARG,True,人参|刀豆|杜仲|桑叶|桑椹|莱菔子|薏苡仁|薤白|蜂蜜|赤小豆,173,1,1,1,1,0,1,1,True,1.0,F1_anaerobic_exchange_flux_supported
TR0122,Christensenella minuta,439503,Salicin,175.0,Acetate,ALPI|ANGPTL4|APP|Alpi|CCL2|CLDN3|CXCL8|Ccl3|Cldn3|DCLK1|Dclk1|Defb1|FFAR2|FFAR3|FOXP3|Ffar2|Ffar3|GHRL|Got1|Got2|Grm1|HDAC9|Hdac1|Hdac3|Htr2a|Htr4|IL6|Il10|Il6|Klf4|LGR5|Lgr5|MUC2|Mpo|Muc2|NOS3|Nfkb1|Nlrp3|OCLN|Ocln|Smad2|Sod1|Sod2|Sod3|TJP1|TNF|TPH1|Tnf|VEGFA|Zbp1|Zglp1,FFAR2|FFAR3,True,白茅根|香橼,56,1,1,1,0,0,1,0,False,0.0,F5_compound_mapping_unverified
TR0123,Christensenella minuta,439503,Salicin,104775.0,Butyrate,ALPI|ANGPTL4|Abcb1a|Abcb1b|Alpi|Angptl4|Aurkc|CCL2|CHGA|CLDN3|CXCL8|CXCR2|Card9|Ccl2|Ccl3|Cd40|Cdc42|Cdkn1b|Chd1|Chga|Cldn1|Cldn2|Col4a1|Ctnnb1|Cyp2b10|Cyp3a11|DCLK1|DEFB1|Dao|Defb1|Dot1l|Dusp1|FFAR2|FFAR3|FOS|Ffar2|Ffar3|Fos|Foxp3|GCK|GHRL|Gcg|Got1|Got2|Grm1|Gsk3b|Gzmb|H3|HCAR2|HDAC1|HDAC11|HDAC2|HDAC3|HDAC4|HDAC5|HDAC7|HDAC8|HDAC9|Hcar2|Hdac1|Hdac3|Hdac6|IL10|IL12A|IL12B|IL1B|IL22RA1|IL4R|IL6|Ifng|Il10|Il12b|Il17a|Il18|Il1b|Il5|Il6|Itgam|JUN|Kat14|Kat5|Kirrel1|LGR5|LYZ|Ldha|Ldhb|Ldhc|Lgr5|Ly6g|Lyz1|MUC2|Map1lc3b|Mmp9|Mtor|Muc2|Nfkb1|Nlrp3|Nphs1|OCLN|Ocln|PPARG|Pparg|Prdm1|Prkaa1|REG3B|REG3G|Rac1|Reg3b|Reg3g|Rela|S100a4|SLC5A8|Slc2a4|Sod1|Sod2|Sod3|Stat3|Synpo|TJP1|TLR4|TNF|Tgfb1|Timp1|Tjp1|Tlr4|Tnf|Tph1|Trp53|Trpc5|Trpc6|Wt1|Zbp1|Zglp1|mct1,FFAR2|FFAR3|GCK|PPARG,True,白茅根|香橼,173,1,1,1,1,0,1,1,True,1.0,F1_anaerobic_exchange_flux_supported
TR0124,Citrobacter freundii,305,Choline,1146.0,Trimethylamine,Bcap31|Hspa1b|Ncam1|Ndufb2|Ucp1,,False,丁香|人参|党参|山药|当归|杏仁|栀子|桑叶|桔梗|槐花|火麻仁|灵芝|玳玳花|甘草|生姜|肉豆蔻|茯苓|葛根|蒲公英|蜂蜜|西洋参|马齿苋|麦芽|黄芪|龙眼肉,5,9,9,9,0,0,0,0,False,0.0,F5_compound_mapping_unverified
TR0125,Citrobacter freundii,1146,Trimethylamine,1145.0,Trimethylamine oxide,Atp1b1|CD14|CD163|CD44|Cldn1|Cxcl1|HBA1|IL12A|IL1B|IL6|Il1b|Il6|LCN2|Lcn2|Myh7|Nfkb1|Nox4|Nppa|SMN1|SMURF2|Sirt1|TGFBR1|TNF|Tgfb1|Tnf,,False,丁香|甘草|黄芪,30,9,9,9,9,7,7,4,True,0.4444444444444444,F1_anaerobic_exchange_flux_supported
TR0126,Clostridiales bacterium,1146,Trimethylamine,1145.0,Trimethylamine oxide,Atp1b1|CD14|CD163|CD44|Cldn1|Cxcl1|HBA1|IL12A|IL1B|IL6|Il1b|Il6|LCN2|Lcn2|Myh7|Nfkb1|Nox4|Nppa|SMN1|SMURF2|Sirt1|TGFBR1|TNF|Tgfb1|Tnf,,False,丁香|甘草|黄芪,30,1,1,0,0,0,0,0,False,0.0,F6_both_compounds_absent
TR0127,Clostridioides,1140,Toluene,2879.0,P-Cresol,Bcl2|Casp3|Ccnd1|Cdk2|Cdk4|Egr1|Fos|Grin1|Lcn2|Mfn1|Npas4|Opa1|S100a8|S100a9,,False,乌梅|人参|佛手|姜黄|山楂|山茱萸|当归|昆布|木瓜|杜仲|桑椹|甘草|生姜|砂仁|紫苏子|罗汉果|肉豆蔻|胖大海|花椒|荷叶|菊花|薄荷|西红花,28,2,2,0,0,0,0,0,False,0.0,F6_both_compounds_absent
TR0128,Clostridioides,6057,Tyrosine,2879.0,P-Cresol,Bcl2|Casp3|Ccnd1|Cdk2|Cdk4|Egr1|Fos|Grin1|Lcn2|Mfn1|Npas4|Opa1|S100a8|S100a9,,False,人参|山药|淡豆豉|灵芝|玳玳花|甘草|白果|白芷|肉苁蓉|莲子|薏苡仁|蜂蜜|西洋参|西红花|金银花|陈皮|鸡内金|黄精|黄芪,28,2,2,1,1,1,1,1,True,0.5,F1_anaerobic_exchange_flux_supported
TR0129,Clostridium,602,DL-Alanine,107735.0,Pyruvate,SLC5A8,,False,广藿香|当归|灵芝|白果|蒲公英|藿香,1,73,73,0,0,0,0,0,False,0.0,F6_substrate_absent
TR0130,Clostridium,6305,Tryptophan,846.0,Kynurenine,Adamts2|Col1a1|Fn1,,False,人参|党参|山药|当归|杏仁|枸杞子|桃仁|桑叶|淡竹叶|淡豆豉|甘草|生姜|白果|紫苏子|荷叶|莲子|薤白|蜂蜜|西洋参|赤小豆|马齿苋|麦芽|黄芪,3,73,73,0,0,0,0,0,False,0.0,F6_product_absent
TR0131,Clostridium,107876,Procyanidin,135.0,4-Hydroxybenzoic acid,Nfe2l2,,False,刀豆|山楂|沙棘|白果|肉桂|茯苓|蜂蜜|赤小豆|陈皮,1,73,73,0,0,0,0,0,False,0.0,F6_both_compounds_absent
TR0132,Clostridium,145858,Flavylium,135.0,4-Hydroxybenzoic acid,Nfe2l2,,False,人参|化橘红|桑椹|沙棘|淡豆豉|菊花|西红花|赤小豆,1,73,73,0,0,0,0,0,False,0.0,F6_both_compounds_absent
TR0133,Clostridium IV,5997,Cholesterol,107.0,3-Phenylpropionic acid,Cdh1|Cyp1a1|Cyp2e1|Dao|Gja1|Il22|Tjp1,,False,丁香|乌梅|人参|决明子|夏枯草|姜黄|山楂|山茱萸|山药|当归|昆布|枸杞子|桃仁|桑叶|桑椹|沙棘|淡豆豉|灵芝|白芷|紫苏子|花椒|菊花|葛根|蒲公英|薏苡仁|蜂蜜|西红花|赤小豆|金银花|黄精|黄芪,7,73,73,0,0,0,0,0,False,0.0,F6_both_compounds_absent
TR0134,Clostridium XlVa,5997,Cholesterol,107.0,3-Phenylpropionic acid,Cdh1|Cyp1a1|Cyp2e1|Dao|Gja1|Il22|Tjp1,,False,丁香|乌梅|人参|决明子|夏枯草|姜黄|山楂|山茱萸|山药|当归|昆布|枸杞子|桃仁|桑叶|桑椹|沙棘|淡豆豉|灵芝|白芷|紫苏子|花椒|菊花|葛根|蒲公英|薏苡仁|蜂蜜|西红花|赤小豆|金银花|黄精|黄芪,7,73,73,0,0,0,0,0,False,0.0,F6_both_compounds_absent
TR0135,Clostridium botulinum,612,Lactic Acid,104745.0,Propionate,ALPI|ANGPTL4|Alpi|Angptl4|CCL2|CLDN3|Casp1|Cd40|Cd86|Cldn1|DCLK1|DEFB1|Dclk1|Defb1|FFAR2|FFAR3|Ffar2|Ffar3|GHRL|Gcg|Got1|Got2|Grm1|Hdac1|IL17A|IL22|IL4R|IL6|Il10|Il12b|Il18|Il1b|Il6|Itgb1|JUN|LGR5|Lgr5|Muc2|Nfkb1|Nlrp3|Ocln|Pdcd1lg2|Pparg|Pyy|SLC5A8|Smad2|Sod1|Sod2|Sod3|TLR2|TLR8|TLR9|Tjp1|Tlr4|Tnf|Tph1|Zbp1|Zglp1,FFAR2|FFAR3,True,乌梅|广藿香|藿香|蜂蜜|金银花|马齿苋,65,20,20,20,0,5,20,0,False,0.0,F5_compound_mapping_unverified
TR0136,Clostridium cadaveris,6305,Tryptophan,3744.0,3-Indolepropionic acid,Abcb1b|Alg12|Cyp3a11|Fas|Hmgcr|IL1B|IL6|Il10ra|Il1b|NFKB1|Nr1i2|Srebf1|Srebf2|TJP1|TNF|Tlr4|Tnf|Ugt1a1,,False,人参|党参|山药|当归|杏仁|枸杞子|桃仁|桑叶|淡竹叶|淡豆豉|甘草|生姜|白果|紫苏子|荷叶|莲子|薤白|蜂蜜|西洋参|赤小豆|马齿苋|麦芽|黄芪,19,1,1,0,0,0,0,0,False,0.0,F6_product_absent
TR0137,Clostridium pasteurianum,5793,D-Glucose,175.0,Acetate,ALPI|ANGPTL4|APP|Alpi|CCL2|CLDN3|CXCL8|Ccl3|Cldn3|DCLK1|Dclk1|Defb1|FFAR2|FFAR3|FOXP3|Ffar2|Ffar3|GHRL|Got1|Got2|Grm1|HDAC9|Hdac1|Hdac3|Htr2a|Htr4|IL6|Il10|Il6|Klf4|LGR5|Lgr5|MUC2|Mpo|Muc2|NOS3|Nfkb1|Nlrp3|OCLN|Ocln|Smad2|Sod1|Sod2|Sod3|TJP1|TNF|TPH1|Tnf|VEGFA|Zbp1|Zglp1,FFAR2|FFAR3,True,丁香|乌梅|人参|党参|决明子|刀豆|地黄|大枣|天冬|天麻|山茱萸|山药|当归|杜仲|杜仲叶|枸杞子|栀子|桑叶|桑椹|槐花|沙棘|淡豆豉|火麻仁|灵芝|玉竹|玳玳花|白芷|白茅根|罗汉果|肉桂|肉豆蔻|芦根|茯苓|荷叶|葛根|薏苡仁|薤白|藿香|蜂蜜|西洋参|西红花|覆盆子|赤小豆|酸枣仁|金银花|香橼|麦冬|黄精|黄芪,56,2,2,2,0,0,2,0,False,0.0,F5_compound_mapping_unverified
TR0138,Clostridium pasteurianum,5793,D-Glucose,104775.0,Butyrate,ALPI|ANGPTL4|Abcb1a|Abcb1b|Alpi|Angptl4|Aurkc|CCL2|CHGA|CLDN3|CXCL8|CXCR2|Card9|Ccl2|Ccl3|Cd40|Cdc42|Cdkn1b|Chd1|Chga|Cldn1|Cldn2|Col4a1|Ctnnb1|Cyp2b10|Cyp3a11|DCLK1|DEFB1|Dao|Defb1|Dot1l|Dusp1|FFAR2|FFAR3|FOS|Ffar2|Ffar3|Fos|Foxp3|GCK|GHRL|Gcg|Got1|Got2|Grm1|Gsk3b|Gzmb|H3|HCAR2|HDAC1|HDAC11|HDAC2|HDAC3|HDAC4|HDAC5|HDAC7|HDAC8|HDAC9|Hcar2|Hdac1|Hdac3|Hdac6|IL10|IL12A|IL12B|IL1B|IL22RA1|IL4R|IL6|Ifng|Il10|Il12b|Il17a|Il18|Il1b|Il5|Il6|Itgam|JUN|Kat14|Kat5|Kirrel1|LGR5|LYZ|Ldha|Ldhb|Ldhc|Lgr5|Ly6g|Lyz1|MUC2|Map1lc3b|Mmp9|Mtor|Muc2|Nfkb1|Nlrp3|Nphs1|OCLN|Ocln|PPARG|Pparg|Prdm1|Prkaa1|REG3B|REG3G|Rac1|Reg3b|Reg3g|Rela|S100a4|SLC5A8|Slc2a4|Sod1|Sod2|Sod3|Stat3|Synpo|TJP1|TLR4|TNF|Tgfb1|Timp1|Tjp1|Tlr4|Tnf|Tph1|Trp53|Trpc5|Trpc6|Wt1|Zbp1|Zglp1|mct1,FFAR2|FFAR3|GCK|PPARG,True,丁香|乌梅|人参|党参|决明子|刀豆|地黄|大枣|天冬|天麻|山茱萸|山药|当归|杜仲|杜仲叶|枸杞子|栀子|桑叶|桑椹|槐花|沙棘|淡豆豉|火麻仁|灵芝|玉竹|玳玳花|白芷|白茅根|罗汉果|肉桂|肉豆蔻|芦根|茯苓|荷叶|葛根|薏苡仁|薤白|藿香|蜂蜜|西洋参|西红花|覆盆子|赤小豆|酸枣仁|金银花|香橼|麦冬|黄精|黄芪,173,2,2,2,2,0,2,2,True,1.0,F1_anaerobic_exchange_flux_supported
TR0139,Clostridium sp. MSTE9gi,612,Lactic Acid,104745.0,Propionate,ALPI|ANGPTL4|Alpi|Angptl4|CCL2|CLDN3|Casp1|Cd40|Cd86|Cldn1|DCLK1|DEFB1|Dclk1|Defb1|FFAR2|FFAR3|Ffar2|Ffar3|GHRL|Gcg|Got1|Got2|Grm1|Hdac1|IL17A|IL22|IL4R|IL6|Il10|Il12b|Il18|Il1b|Il6|Itgb1|JUN|LGR5|Lgr5|Muc2|Nfkb1|Nlrp3|Ocln|Pdcd1lg2|Pparg|Pyy|SLC5A8|Smad2|Sod1|Sod2|Sod3|TLR2|TLR8|TLR9|Tjp1|Tlr4|Tnf|Tph1|Zbp1|Zglp1,FFAR2|FFAR3,True,乌梅|广藿香|藿香|蜂蜜|金银花|马齿苋,65,18,18,13,0,1,13,0,False,0.0,F5_compound_mapping_unverified
TR0140,Clostridium sporogenes,798,Indole,3744.0,3-Indolepropionic acid,Abcb1b|Alg12|Cyp3a11|Fas|Hmgcr|IL1B|IL6|Il10ra|Il1b|NFKB1|Nr1i2|Srebf1|Srebf2|TJP1|TNF|Tlr4|Tnf|Ugt1a1,,False,人参|当归|罗汉果|蜂蜜|西红花|金银花,19,2,2,1,1,0,1,0,False,0.0,F4_topological_path_only
TR0141,Clostridium sporogenes,6057,Tyrosine,10394.0,3-(4-Hydroxyphenyl)propionic acid,CASP1|ICAM1|IL10|NLRP3,,False,人参|山药|淡豆豉|灵芝|玳玳花|甘草|白果|白芷|肉苁蓉|莲子|薏苡仁|蜂蜜|西洋参|西红花|金银花|陈皮|鸡内金|黄精|黄芪,4,2,2,1,1,1,1,1,True,0.5,F1_anaerobic_exchange_flux_supported
TR0142,Clostridium sporogenes,6140,Phenylalanine,107.0,3-Phenylpropionic acid,Cdh1|Cyp1a1|Cyp2e1|Dao|Gja1|Il22|Tjp1,,False,人参|党参|地黄|大枣|山茱萸|当归|杜仲|桑椹|淡豆豉|灵芝|甘草|白果|肉苁蓉|荷叶|莱菔子|菊花|蒲公英|蜂蜜|阿胶|高良姜|鸡内金|黄芪,7,2,2,2,2,0,2,2,True,1.0,F1_anaerobic_exchange_flux_supported
TR0143,Clostridium sporogenes,6305,Tryptophan,3744.0,3-Indolepropionic acid,Abcb1b|Alg12|Cyp3a11|Fas|Hmgcr|IL1B|IL6|Il10ra|Il1b|NFKB1|Nr1i2|Srebf1|Srebf2|TJP1|TNF|Tlr4|Tnf|Ugt1a1,,False,人参|党参|山药|当归|杏仁|枸杞子|桃仁|桑叶|淡竹叶|淡豆豉|甘草|生姜|白果|紫苏子|荷叶|莲子|薤白|蜂蜜|西洋参|赤小豆|马齿苋|麦芽|黄芪,19,2,2,2,2,2,2,0,False,0.0,F3_direct_reaction_but_flux_blocked
TR0144,Clostridium sporogenes,6305,Tryptophan,92904.0,Indole-3-lactic acid,Il1b,,False,人参|党参|山药|当归|杏仁|枸杞子|桃仁|桑叶|淡竹叶|淡豆豉|甘草|生姜|白果|紫苏子|荷叶|莲子|薤白|蜂蜜|西洋参|赤小豆|马齿苋|麦芽|黄芪,1,2,2,1,1,0,1,1,True,0.5,F1_anaerobic_exchange_flux_supported
TR0145,Collinsella tanakaei,5793,D-Glucose,175.0,Acetate,ALPI|ANGPTL4|APP|Alpi|CCL2|CLDN3|CXCL8|Ccl3|Cldn3|DCLK1|Dclk1|Defb1|FFAR2|FFAR3|FOXP3|Ffar2|Ffar3|GHRL|Got1|Got2|Grm1|HDAC9|Hdac1|Hdac3|Htr2a|Htr4|IL6|Il10|Il6|Klf4|LGR5|Lgr5|MUC2|Mpo|Muc2|NOS3|Nfkb1|Nlrp3|OCLN|Ocln|Smad2|Sod1|Sod2|Sod3|TJP1|TNF|TPH1|Tnf|VEGFA|Zbp1|Zglp1,FFAR2|FFAR3,True,丁香|乌梅|人参|党参|决明子|刀豆|地黄|大枣|天冬|天麻|山茱萸|山药|当归|杜仲|杜仲叶|枸杞子|栀子|桑叶|桑椹|槐花|沙棘|淡豆豉|火麻仁|灵芝|玉竹|玳玳花|白芷|白茅根|罗汉果|肉桂|肉豆蔻|芦根|茯苓|荷叶|葛根|薏苡仁|薤白|藿香|蜂蜜|西洋参|西红花|覆盆子|赤小豆|酸枣仁|金银花|香橼|麦冬|黄精|黄芪,56,1,1,1,0,0,1,0,False,0.0,F5_compound_mapping_unverified
TR0146,Collinsella tanakaei,5793,D-Glucose,91435.0,Lactate,Abca8a|Defa5,,False,丁香|乌梅|人参|党参|决明子|刀豆|地黄|大枣|天冬|天麻|山茱萸|山药|当归|杜仲|杜仲叶|枸杞子|栀子|桑叶|桑椹|槐花|沙棘|淡豆豉|火麻仁|灵芝|玉竹|玳玳花|白芷|白茅根|罗汉果|肉桂|肉豆蔻|芦根|茯苓|荷叶|葛根|薏苡仁|薤白|藿香|蜂蜜|西洋参|西红花|覆盆子|赤小豆|酸枣仁|金银花|香橼|麦冬|黄精|黄芪,2,1,1,0,0,0,0,0,False,0.0,F6_product_absent
TR0147,Coprococcus catus,612,Lactic Acid,104745.0,Propionate,ALPI|ANGPTL4|Alpi|Angptl4|CCL2|CLDN3|Casp1|Cd40|Cd86|Cldn1|DCLK1|DEFB1|Dclk1|Defb1|FFAR2|FFAR3|Ffar2|Ffar3|GHRL|Gcg|Got1|Got2|Grm1|Hdac1|IL17A|IL22|IL4R|IL6|Il10|Il12b|Il18|Il1b|Il6|Itgb1|JUN|LGR5|Lgr5|Muc2|Nfkb1|Nlrp3|Ocln|Pdcd1lg2|Pparg|Pyy|SLC5A8|Smad2|Sod1|Sod2|Sod3|TLR2|TLR8|TLR9|Tjp1|Tlr4|Tnf|Tph1|Zbp1|Zglp1,FFAR2|FFAR3,True,乌梅|广藿香|藿香|蜂蜜|金银花|马齿苋,65,2,2,2,0,2,2,0,False,0.0,F5_compound_mapping_unverified
TR0148,Coprococcus comes,283,Formate,104745.0,Propionate,ALPI|ANGPTL4|Alpi|Angptl4|CCL2|CLDN3|Casp1|Cd40|Cd86|Cldn1|DCLK1|DEFB1|Dclk1|Defb1|FFAR2|FFAR3|Ffar2|Ffar3|GHRL|Gcg|Got1|Got2|Grm1|Hdac1|IL17A|IL22|IL4R|IL6|Il10|Il12b|Il18|Il1b|Il6|Itgb1|JUN|LGR5|Lgr5|Muc2|Nfkb1|Nlrp3|Ocln|Pdcd1lg2|Pparg|Pyy|SLC5A8|Smad2|Sod1|Sod2|Sod3|TLR2|TLR8|TLR9|Tjp1|Tlr4|Tnf|Tph1|Zbp1|Zglp1,FFAR2|FFAR3,True,白果|赤小豆,65,7,7,7,0,0,6,0,False,0.0,F5_compound_mapping_unverified
TR0149,Coprococcus comes,612,Lactic Acid,104745.0,Propionate,ALPI|ANGPTL4|Alpi|Angptl4|CCL2|CLDN3|Casp1|Cd40|Cd86|Cldn1|DCLK1|DEFB1|Dclk1|Defb1|FFAR2|FFAR3|Ffar2|Ffar3|GHRL|Gcg|Got1|Got2|Grm1|Hdac1|IL17A|IL22|IL4R|IL6|Il10|Il12b|Il18|Il1b|Il6|Itgb1|JUN|LGR5|Lgr5|Muc2|Nfkb1|Nlrp3|Ocln|Pdcd1lg2|Pparg|Pyy|SLC5A8|Smad2|Sod1|Sod2|Sod3|TLR2|TLR8|TLR9|Tjp1|Tlr4|Tnf|Tph1|Zbp1|Zglp1,FFAR2|FFAR3,True,乌梅|广藿香|藿香|蜂蜜|金银花|马齿苋,65,7,7,7,0,0,7,0,False,0.0,F5_compound_mapping_unverified
TR0150,Coprococcus eutactus,283,Formate,104745.0,Propionate,ALPI|ANGPTL4|Alpi|Angptl4|CCL2|CLDN3|Casp1|Cd40|Cd86|Cldn1|DCLK1|DEFB1|Dclk1|Defb1|FFAR2|FFAR3|Ffar2|Ffar3|GHRL|Gcg|Got1|Got2|Grm1|Hdac1|IL17A|IL22|IL4R|IL6|Il10|Il12b|Il18|Il1b|Il6|Itgb1|JUN|LGR5|Lgr5|Muc2|Nfkb1|Nlrp3|Ocln|Pdcd1lg2|Pparg|Pyy|SLC5A8|Smad2|Sod1|Sod2|Sod3|TLR2|TLR8|TLR9|Tjp1|Tlr4|Tnf|Tph1|Zbp1|Zglp1,FFAR2|FFAR3,True,白果|赤小豆,65,8,8,8,0,0,8,0,False,0.0,F5_compound_mapping_unverified
TR0151,Coprococcus eutactus,612,Lactic Acid,104745.0,Propionate,ALPI|ANGPTL4|Alpi|Angptl4|CCL2|CLDN3|Casp1|Cd40|Cd86|Cldn1|DCLK1|DEFB1|Dclk1|Defb1|FFAR2|FFAR3|Ffar2|Ffar3|GHRL|Gcg|Got1|Got2|Grm1|Hdac1|IL17A|IL22|IL4R|IL6|Il10|Il12b|Il18|Il1b|Il6|Itgb1|JUN|LGR5|Lgr5|Muc2|Nfkb1|Nlrp3|Ocln|Pdcd1lg2|Pparg|Pyy|SLC5A8|Smad2|Sod1|Sod2|Sod3|TLR2|TLR8|TLR9|Tjp1|Tlr4|Tnf|Tph1|Zbp1|Zglp1,FFAR2|FFAR3,True,乌梅|广藿香|藿香|蜂蜜|金银花|马齿苋,65,8,8,8,0,0,8,0,False,0.0,F5_compound_mapping_unverified
TR0152,Desulfosporosinus sp.,612,Lactic Acid,104745.0,Propionate,ALPI|ANGPTL4|Alpi|Angptl4|CCL2|CLDN3|Casp1|Cd40|Cd86|Cldn1|DCLK1|DEFB1|Dclk1|Defb1|FFAR2|FFAR3|Ffar2|Ffar3|GHRL|Gcg|Got1|Got2|Grm1|Hdac1|IL17A|IL22|IL4R|IL6|Il10|Il12b|Il18|Il1b|Il6|Itgb1|JUN|LGR5|Lgr5|Muc2|Nfkb1|Nlrp3|Ocln|Pdcd1lg2|Pparg|Pyy|SLC5A8|Smad2|Sod1|Sod2|Sod3|TLR2|TLR8|TLR9|Tjp1|Tlr4|Tnf|Tph1|Zbp1|Zglp1,FFAR2|FFAR3,True,乌梅|广藿香|藿香|蜂蜜|金银花|马齿苋,65,0,0,0,0,0,0,0,False,,F7_no_AGORA2_strain_model
TR0153,Dialister succinatiphilus,160419,Succinate,104745.0,Propionate,ALPI|ANGPTL4|Alpi|Angptl4|CCL2|CLDN3|Casp1|Cd40|Cd86|Cldn1|DCLK1|DEFB1|Dclk1|Defb1|FFAR2|FFAR3|Ffar2|Ffar3|GHRL|Gcg|Got1|Got2|Grm1|Hdac1|IL17A|IL22|IL4R|IL6|Il10|Il12b|Il18|Il1b|Il6|Itgb1|JUN|LGR5|Lgr5|Muc2|Nfkb1|Nlrp3|Ocln|Pdcd1lg2|Pparg|Pyy|SLC5A8|Smad2|Sod1|Sod2|Sod3|TLR2|TLR8|TLR9|Tjp1|Tlr4|Tnf|Tph1|Zbp1|Zglp1,FFAR2|FFAR3,True,人参|栀子|灵芝|花椒|蜂蜜|高良姜,130,1,1,1,0,0,1,0,False,0.0,F5_compound_mapping_unverified
TR0154,Duncaniella dubosii,6057,Tyrosine,2879.0,P-Cresol,Bcl2|Casp3|Ccnd1|Cdk2|Cdk4|Egr1|Fos|Grin1|Lcn2|Mfn1|Npas4|Opa1|S100a8|S100a9,,False,人参|山药|淡豆豉|灵芝|玳玳花|甘草|白果|白芷|肉苁蓉|莲子|薏苡仁|蜂蜜|西洋参|西红花|金银花|陈皮|鸡内金|黄精|黄芪,28,0,0,0,0,0,0,0,False,,F7_no_AGORA2_strain_model
TR0155,Eggerthella lenta,5281708,Daidzein,91469.0,Equol,Il6|Mapk8ip1|Tlr4|Tnf,,False,大枣|淡豆豉|甘草|生姜|葛根|酸枣仁|黄芪,4,26,26,0,0,0,0,0,False,0.0,F6_both_compounds_absent
TR0156,Eggerthella sinensis,5281708,Daidzein,91469.0,Equol,Il6|Mapk8ip1|Tlr4|Tnf,,False,大枣|淡豆豉|甘草|生姜|葛根|酸枣仁|黄芪,4,1,1,0,0,0,0,0,False,0.0,F6_both_compounds_absent
TR0157,Eggerthella sp. YY7918,176907,Dihydrodaidzein,91469.0,Equol,Il6|Mapk8ip1|Tlr4|Tnf,,False,甘草,4,2,2,0,0,0,0,0,False,0.0,F6_both_compounds_absent
TR0158,Eggerthella sp. YY7918,5281708,Daidzein,91469.0,Equol,Il6|Mapk8ip1|Tlr4|Tnf,,False,大枣|淡豆豉|甘草|生姜|葛根|酸枣仁|黄芪,4,2,2,0,0,0,0,0,False,0.0,F6_both_compounds_absent
TR0159,Emergencia timonensis,288,Carnitine,1146.0,Trimethylamine,Bcap31|Hspa1b|Ncam1|Ndufb2|Ucp1,,False,人参|荷叶|蜂蜜,5,1,1,0,0,0,0,0,False,0.0,F6_substrate_absent
TR0160,Enterocloster asparagiformis,5793,D-Glucose,175.0,Acetate,ALPI|ANGPTL4|APP|Alpi|CCL2|CLDN3|CXCL8|Ccl3|Cldn3|DCLK1|Dclk1|Defb1|FFAR2|FFAR3|FOXP3|Ffar2|Ffar3|GHRL|Got1|Got2|Grm1|HDAC9|Hdac1|Hdac3|Htr2a|Htr4|IL6|Il10|Il6|Klf4|LGR5|Lgr5|MUC2|Mpo|Muc2|NOS3|Nfkb1|Nlrp3|OCLN|Ocln|Smad2|Sod1|Sod2|Sod3|TJP1|TNF|TPH1|Tnf|VEGFA|Zbp1|Zglp1,FFAR2|FFAR3,True,丁香|乌梅|人参|党参|决明子|刀豆|地黄|大枣|天冬|天麻|山茱萸|山药|当归|杜仲|杜仲叶|枸杞子|栀子|桑叶|桑椹|槐花|沙棘|淡豆豉|火麻仁|灵芝|玉竹|玳玳花|白芷|白茅根|罗汉果|肉桂|肉豆蔻|芦根|茯苓|荷叶|葛根|薏苡仁|薤白|藿香|蜂蜜|西洋参|西红花|覆盆子|赤小豆|酸枣仁|金银花|香橼|麦冬|黄精|黄芪,56,1,1,1,0,0,1,0,False,0.0,F5_compound_mapping_unverified
TR0161,Enterocloster asparagiformis,5793,D-Glucose,91435.0,Lactate,Abca8a|Defa5,,False,丁香|乌梅|人参|党参|决明子|刀豆|地黄|大枣|天冬|天麻|山茱萸|山药|当归|杜仲|杜仲叶|枸杞子|栀子|桑叶|桑椹|槐花|沙棘|淡豆豉|火麻仁|灵芝|玉竹|玳玳花|白芷|白茅根|罗汉果|肉桂|肉豆蔻|芦根|茯苓|荷叶|葛根|薏苡仁|薤白|藿香|蜂蜜|西洋参|西红花|覆盆子|赤小豆|酸枣仁|金银花|香橼|麦冬|黄精|黄芪,2,1,1,0,0,0,0,0,False,0.0,F6_product_absent
TR0162,Enterocloster bolteae,1175,Uric Acid,175.0,Acetate,ALPI|ANGPTL4|APP|Alpi|CCL2|CLDN3|CXCL8|Ccl3|Cldn3|DCLK1|Dclk1|Defb1|FFAR2|FFAR3|FOXP3|Ffar2|Ffar3|GHRL|Got1|Got2|Grm1|HDAC9|Hdac1|Hdac3|Htr2a|Htr4|IL6|Il10|Il6|Klf4|LGR5|Lgr5|MUC2|Mpo|Muc2|NOS3|Nfkb1|Nlrp3|OCLN|Ocln|Smad2|Sod1|Sod2|Sod3|TJP1|TNF|TPH1|Tnf|VEGFA|Zbp1|Zglp1,FFAR2|FFAR3,True,山药|桑叶|菊花|蜂蜜|西红花,56,7,7,7,0,0,5,0,False,0.0,F5_compound_mapping_unverified
TR0163,Enterocloster citroniae,1146,Trimethylamine,1145.0,Trimethylamine oxide,Atp1b1|CD14|CD163|CD44|Cldn1|Cxcl1|HBA1|IL12A|IL1B|IL6|Il1b|Il6|LCN2|Lcn2|Myh7|Nfkb1|Nox4|Nppa|SMN1|SMURF2|Sirt1|TGFBR1|TNF|Tgfb1|Tnf,,False,丁香|甘草|黄芪,30,1,1,0,0,0,0,0,False,0.0,F6_product_absent
TR0164,Enterocloster clostridioformis,1146,Trimethylamine,1145.0,Trimethylamine oxide,Atp1b1|CD14|CD163|CD44|Cldn1|Cxcl1|HBA1|IL12A|IL1B|IL6|Il1b|Il6|LCN2|Lcn2|Myh7|Nfkb1|Nox4|Nppa|SMN1|SMURF2|Sirt1|TGFBR1|TNF|Tgfb1|Tnf,,False,丁香|甘草|黄芪,30,10,10,0,0,0,0,0,False,0.0,F6_product_absent
TR0165,Enterococcus casseliflavus,5280804,Isoquercetin,175.0,Acetate,ALPI|ANGPTL4|APP|Alpi|CCL2|CLDN3|CXCL8|Ccl3|Cldn3|DCLK1|Dclk1|Defb1|FFAR2|FFAR3|FOXP3|Ffar2|Ffar3|GHRL|Got1|Got2|Grm1|HDAC9|Hdac1|Hdac3|Htr2a|Htr4|IL6|Il10|Il6|Klf4|LGR5|Lgr5|MUC2|Mpo|Muc2|NOS3|Nfkb1|Nlrp3|OCLN|Ocln|Smad2|Sod1|Sod2|Sod3|TJP1|TNF|TPH1|Tnf|VEGFA|Zbp1|Zglp1,FFAR2|FFAR3,True,乌梅|党参|八角茴香|夏枯草|大枣|小蓟|山楂|山茱萸|木瓜|杏仁|杜仲|杜仲叶|栀子|桑叶|桑椹|槐米|槐花|灵芝|甘草|白果|砂仁|草果|荷叶|莱菔子|莲子|菊花|蒲公英|西红花|覆盆子|金银花|鱼腥草|黄芪,56,4,4,0,0,0,0,0,False,0.0,F6_substrate_absent
TR0166,Enterococcus faecalis,2353,Berberine,11066.0,Oxyberberine,Cldn1|F11r|Ifng|Il17a|Il1b|Il6|Ocln|Tjp1|Tjp2|Tnf,,False,人参|决明子|刀豆|大枣|广藿香|当归|杜仲|枸杞子|栀子|甘草|白果|白芷|白茅根|百合|肉桂|花椒|葛根|薏苡仁|蜂蜜|西洋参|金银花|香橼|黄芪,10,290,290,0,0,0,0,0,False,0.0,F6_both_compounds_absent
TR0167,Enterococcus faecium,5281708,Daidzein,91469.0,Equol,Il6|Mapk8ip1|Tlr4|Tnf,,False,大枣|淡豆豉|甘草|生姜|葛根|酸枣仁|黄芪,4,188,188,0,0,0,0,0,False,0.0,F6_both_compounds_absent
TR0168,Erysipelotrichaceae,6140,Phenylalanine,91.0,3-(3-Hydroxyphenyl)propanoic acid,Slc6a3,,False,人参|党参|地黄|大枣|山茱萸|当归|杜仲|桑椹|淡豆豉|灵芝|甘草|白果|肉苁蓉|荷叶|莱菔子|菊花|蒲公英|蜂蜜|阿胶|高良姜|鸡内金|黄芪,1,2,2,0,0,0,0,0,False,0.0,F6_product_absent
TR0169,Erysipelotrichaceae,6140,Phenylalanine,92258.0,Phenylacetylglutamine,ADRA2A|ADRA2B|ADRB2|EGFR,,False,人参|党参|地黄|大枣|山茱萸|当归|杜仲|桑椹|淡豆豉|灵芝|甘草|白果|肉苁蓉|荷叶|莱菔子|菊花|蒲公英|蜂蜜|阿胶|高良姜|鸡内金|黄芪,4,2,2,0,0,0,0,0,False,0.0,F6_product_absent
TR0170,Erysipelotrichaceae bacterium,1146,Trimethylamine,1145.0,Trimethylamine oxide,Atp1b1|CD14|CD163|CD44|Cldn1|Cxcl1|HBA1|IL12A|IL1B|IL6|Il1b|Il6|LCN2|Lcn2|Myh7|Nfkb1|Nox4|Nppa|SMN1|SMURF2|Sirt1|TGFBR1|TNF|Tgfb1|Tnf,,False,丁香|甘草|黄芪,30,6,6,0,0,0,0,0,False,0.0,F6_both_compounds_absent
TR0171,Escherichia,288,Carnitine,1146.0,Trimethylamine,Bcap31|Hspa1b|Ncam1|Ndufb2|Ucp1,,False,人参|荷叶|蜂蜜,5,5,5,3,3,0,1,0,False,0.0,F4_compounds_present_no_supported_route
TR0172,Escherichia,305,Choline,1146.0,Trimethylamine,Bcap31|Hspa1b|Ncam1|Ndufb2|Ucp1,,False,丁香|人参|党参|山药|当归|杏仁|栀子|桑叶|桔梗|槐花|火麻仁|灵芝|玳玳花|甘草|生姜|肉豆蔻|茯苓|葛根|蒲公英|蜂蜜|西洋参|马齿苋|麦芽|黄芪|龙眼肉,5,5,5,4,0,1,1,0,False,0.0,F5_compound_mapping_unverified
TR0173,Escherichia,1145,Trimethylamine oxide,1146.0,Trimethylamine,Bcap31|Hspa1b|Ncam1|Ndufb2|Ucp1,,False,甘草,5,5,5,4,4,4,4,3,True,0.6,F1_anaerobic_exchange_flux_supported
TR0174,Escherichia coli,288,Carnitine,1146.0,Trimethylamine,Bcap31|Hspa1b|Ncam1|Ndufb2|Ucp1,,False,人参|荷叶|蜂蜜,5,987,987,987,987,0,683,0,False,0.0,F4_compounds_present_no_supported_route
TR0175,Escherichia coli,2353,Berberine,11066.0,Oxyberberine,Cldn1|F11r|Ifng|Il17a|Il1b|Il6|Ocln|Tjp1|Tjp2|Tnf,,False,人参|决明子|刀豆|大枣|广藿香|当归|杜仲|枸杞子|栀子|甘草|白果|白芷|白茅根|百合|肉桂|花椒|葛根|薏苡仁|蜂蜜|西洋参|金银花|香橼|黄芪,10,987,987,0,0,0,0,0,False,0.0,F6_both_compounds_absent
TR0176,Escherichia coli,6305,Tryptophan,798.0,Indole,CLDN7|CYP1A1|Ccl2|Cd68|Cxcl2|Cyp1a1|Il10ra|Itgax|Mir181a-2|OCLN|Pnmt|TJP1,,False,人参|党参|山药|当归|杏仁|枸杞子|桃仁|桑叶|淡竹叶|淡豆豉|甘草|生姜|白果|紫苏子|荷叶|莲子|薤白|蜂蜜|西洋参|赤小豆|马齿苋|麦芽|黄芪,12,987,987,987,987,987,987,987,True,1.0,F1_anaerobic_exchange_flux_supported
TR0177,Escherichia coli,107971,Daidzin,5281708.0,Daidzein,Cxcl10|Ifna,,False,淡豆豉|生姜|葛根,4,987,987,0,0,0,0,0,False,0.0,F6_both_compounds_absent
TR0178,Escherichia coli,1794427,Chlorogenic Acid,689043.0,Caffeic Acid,CASP1|ICAM1|IL10|NLRP3,,False,丁香|乌梅|人参|八角茴香|夏枯草|大枣|小蓟|山楂|山茱萸|广藿香|当归|木瓜|杏仁|杜仲|杜仲叶|枸杞子|栀子|桃仁|桑叶|桑椹|橘红|沙棘|淡竹叶|淡豆豉|玳玳花|甘草|白果|白茅根|百合|肉豆蔻|荷叶|莲子|菊花|蒲公英|薄荷|薏苡仁|藿香|蜂蜜|西洋参|西红花|覆盆子|酸枣仁|金银花|陈皮|马齿苋|鱼腥草|麦芽|黄芪,4,987,987,0,0,0,0,0,False,0.0,F6_both_compounds_absent
TR0179,Escherichia coli,5280450,Linoleic Acid,,3-hydroxyoctadecaenoic acid,Angptl4|Cxcl1|Cxcl2|Fabp1|Reg3g|Tff3|Tjp1,,False,丁香|乌梅|人参|余甘子|佛手|党参|决明子|刀豆|地黄|夏枯草|大枣|姜黄|小茴香|山楂|山茱萸|山药|广藿香|当归|昆布|木瓜|杏仁|杜仲|杜仲叶|枸杞子|栀子|桃仁|桑叶|桑椹|槐米|槐花|沙棘|火麻仁|灵芝|玉竹|玳玳花|生姜|白扁豆|白果|白芷|白茅根|益智仁|砂仁|紫苏子|罗汉果|肉桂|肉豆蔻|胖大海|芡实|茯苓|草果|荷叶|莱菔子|莲子|蒲公英|薄荷|薏苡仁|薤白|藿香|蜂蜜|西洋参|西红花|酸枣仁|金银花|陈皮|香橼|香薷|马齿苋|鱼腥草|麦芽|黄芪,7,987,987,0,0,0,0,0,False,0.0,F6_both_compounds_absent
TR0180,Eubacterium limosum,5280378,Formononetin,5281708.0,Daidzein,Cxcl10|Ifna,,False,党参|刀豆|天冬|当归|槐花|灵芝|甘草|白扁豆|白果|肉豆蔻|葛根|黄芪,2,3,3,0,0,0,0,0,False,0.0,F6_both_compounds_absent
TR0181,Eubacterium ramulus,932,"5,7-Dihydroxy-2-(4-hydroxyphenyl)chroman-4-one",10394.0,3-(4-Hydroxyphenyl)propionic acid,CASP1|ICAM1|IL10|NLRP3,,False,乌梅|化橘红|姜黄|小蓟|当归|木瓜|枳椇子|桃仁|槐米|槐花|橘红|沙棘|甘草|生姜|白芷|菊花|葛根|薄荷|薏苡仁|薤白|蜂蜜|陈皮|香薷|高良姜|麦冬,4,2,2,0,0,0,0,0,False,0.0,F6_both_compounds_absent
TR0182,Eubacterium ramulus,4788,Phloretin,10394.0,3-(4-Hydroxyphenyl)propionic acid,CASP1|ICAM1|IL10|NLRP3,,False,覆盆子,8,2,2,0,0,0,0,0,False,0.0,F6_both_compounds_absent
TR0183,Eubacterium ramulus,5280804,Isoquercetin,175.0,Acetate,ALPI|ANGPTL4|APP|Alpi|CCL2|CLDN3|CXCL8|Ccl3|Cldn3|DCLK1|Dclk1|Defb1|FFAR2|FFAR3|FOXP3|Ffar2|Ffar3|GHRL|Got1|Got2|Grm1|HDAC9|Hdac1|Hdac3|Htr2a|Htr4|IL6|Il10|Il6|Klf4|LGR5|Lgr5|MUC2|Mpo|Muc2|NOS3|Nfkb1|Nlrp3|OCLN|Ocln|Smad2|Sod1|Sod2|Sod3|TJP1|TNF|TPH1|Tnf|VEGFA|Zbp1|Zglp1,FFAR2|FFAR3,True,乌梅|党参|八角茴香|夏枯草|大枣|小蓟|山楂|山茱萸|木瓜|杏仁|杜仲|杜仲叶|栀子|桑叶|桑椹|槐米|槐花|灵芝|甘草|白果|砂仁|草果|荷叶|莱菔子|莲子|菊花|蒲公英|西红花|覆盆子|金银花|鱼腥草|黄芪,112,2,2,0,0,0,0,0,False,0.0,F6_substrate_absent
TR0184,Eubacterium ramulus,5280804,Isoquercetin,104775.0,Butyrate,ALPI|ANGPTL4|Abcb1a|Abcb1b|Alpi|Angptl4|Aurkc|CCL2|CHGA|CLDN3|CXCL8|CXCR2|Card9|Ccl2|Ccl3|Cd40|Cdc42|Cdkn1b|Chd1|Chga|Cldn1|Cldn2|Col4a1|Ctnnb1|Cyp2b10|Cyp3a11|DCLK1|DEFB1|Dao|Defb1|Dot1l|Dusp1|FFAR2|FFAR3|FOS|Ffar2|Ffar3|Fos|Foxp3|GCK|GHRL|Gcg|Got1|Got2|Grm1|Gsk3b|Gzmb|H3|HCAR2|HDAC1|HDAC11|HDAC2|HDAC3|HDAC4|HDAC5|HDAC7|HDAC8|HDAC9|Hcar2|Hdac1|Hdac3|Hdac6|IL10|IL12A|IL12B|IL1B|IL22RA1|IL4R|IL6|Ifng|Il10|Il12b|Il17a|Il18|Il1b|Il5|Il6|Itgam|JUN|Kat14|Kat5|Kirrel1|LGR5|LYZ|Ldha|Ldhb|Ldhc|Lgr5|Ly6g|Lyz1|MUC2|Map1lc3b|Mmp9|Mtor|Muc2|Nfkb1|Nlrp3|Nphs1|OCLN|Ocln|PPARG|Pparg|Prdm1|Prkaa1|REG3B|REG3G|Rac1|Reg3b|Reg3g|Rela|S100a4|SLC5A8|Slc2a4|Sod1|Sod2|Sod3|Stat3|Synpo|TJP1|TLR4|TNF|Tgfb1|Timp1|Tjp1|Tlr4|Tnf|Tph1|Trp53|Trpc5|Trpc6|Wt1|Zbp1|Zglp1|mct1,FFAR2|FFAR3|GCK|PPARG,True,乌梅|党参|八角茴香|夏枯草|大枣|小蓟|山楂|山茱萸|木瓜|杏仁|杜仲|杜仲叶|栀子|桑叶|桑椹|槐米|槐花|灵芝|甘草|白果|砂仁|草果|荷叶|莱菔子|莲子|菊花|蒲公英|西红花|覆盆子|金银花|鱼腥草|黄芪,346,2,2,0,0,0,0,0,False,0.0,F6_substrate_absent
TR0185,Eubacterium ramulus,5280863,Kaempferol,127.0,4-Hydroxyphenylacetic acid,CASP1|ICAM1|IL10|NLRP3,,False,丁香|乌梅|人参|余甘子|党参|八角茴香|决明子|刀豆|化橘红|夏枯草|小蓟|山柰|山楂|广藿香|杏仁|杜仲|杜仲叶|枳椇子|栀子|桃仁|桑叶|桑椹|槐米|槐花|沙棘|灵芝|玳玳花|甘草|生姜|白扁豆|白果|百合|罗汉果|肉豆蔻|芦根|荷叶|莲子|菊花|蒲公英|藿香|蜂蜜|西红花|覆盆子|郁李仁|金银花|青果|香薷|马齿苋|高良姜|鱼腥草|黄精|黄芪,4,2,2,0,0,0,0,0,False,0.0,F6_both_compounds_absent
TR0186,Faecalibacterium prausnitzii,127,4-Hydroxyphenylacetic acid,135.0,4-Hydroxybenzoic acid,Nfe2l2,,False,覆盆子,1,8,8,0,0,0,0,0,False,0.0,F6_both_compounds_absent
TR0187,Faecalibacterium prausnitzii,127,4-Hydroxyphenylacetic acid,69867.0,Indole-3-carboxylic acid,AHR|Ahr|IDO1,,False,覆盆子,3,8,8,0,0,0,0,0,False,0.0,F6_both_compounds_absent
TR0188,Faecalibacterium prausnitzii,175,Acetate,104775.0,Butyrate,ALPI|ANGPTL4|Abcb1a|Abcb1b|Alpi|Angptl4|Aurkc|CCL2|CHGA|CLDN3|CXCL8|CXCR2|Card9|Ccl2|Ccl3|Cd40|Cdc42|Cdkn1b|Chd1|Chga|Cldn1|Cldn2|Col4a1|Ctnnb1|Cyp2b10|Cyp3a11|DCLK1|DEFB1|Dao|Defb1|Dot1l|Dusp1|FFAR2|FFAR3|FOS|Ffar2|Ffar3|Fos|Foxp3|GCK|GHRL|Gcg|Got1|Got2|Grm1|Gsk3b|Gzmb|H3|HCAR2|HDAC1|HDAC11|HDAC2|HDAC3|HDAC4|HDAC5|HDAC7|HDAC8|HDAC9|Hcar2|Hdac1|Hdac3|Hdac6|IL10|IL12A|IL12B|IL1B|IL22RA1|IL4R|IL6|Ifng|Il10|Il12b|Il17a|Il18|Il1b|Il5|Il6|Itgam|JUN|Kat14|Kat5|Kirrel1|LGR5|LYZ|Ldha|Ldhb|Ldhc|Lgr5|Ly6g|Lyz1|MUC2|Map1lc3b|Mmp9|Mtor|Muc2|Nfkb1|Nlrp3|Nphs1|OCLN|Ocln|PPARG|Pparg|Prdm1|Prkaa1|REG3B|REG3G|Rac1|Reg3b|Reg3g|Rela|S100a4|SLC5A8|Slc2a4|Sod1|Sod2|Sod3|Stat3|Synpo|TJP1|TLR4|TNF|Tgfb1|Timp1|Tjp1|Tlr4|Tnf|Tph1|Trp53|Trpc5|Trpc6|Wt1|Zbp1|Zglp1|mct1,FFAR2|FFAR3|GCK|PPARG,True,丁香|人参|佛手|决明子|夏枯草|天麻|小茴香|山茱萸|山药|当归|杜仲|栀子|桃仁|桑叶|桑椹|桔梗|榧子|橘红|淡豆豉|灵芝|玳玳花|甘草|白果|白茅根|砂仁|罗汉果|肉桂|肉豆蔻|花椒|茯苓|菊花|葛根|薄荷|蜂蜜|西洋参|西红花|赤小豆|金银花|高良姜|麦冬|黄精|黄芪,173,8,8,8,0,8,8,0,False,0.0,F5_compound_mapping_unverified
TR0189,Faecalibacterium prausnitzii,802,Indole-3-acetic acid,135.0,4-Hydroxybenzoic acid,Nfe2l2,,False,大枣|薄荷|赤小豆|麦芽,1,8,8,0,0,0,0,0,False,0.0,F6_both_compounds_absent
TR0190,Faecalibacterium prausnitzii,802,Indole-3-acetic acid,69867.0,Indole-3-carboxylic acid,AHR|Ahr|IDO1,,False,大枣|薄荷|赤小豆|麦芽,3,8,8,0,0,0,0,0,False,0.0,F6_both_compounds_absent
TR0191,Faecalibacterium prausnitzii,999,Phenylacetic Acid,135.0,4-Hydroxybenzoic acid,Nfe2l2,,False,丁香|乌梅|决明子|当归|木瓜|淡豆豉|玳玳花|紫苏子|胖大海|莱菔子|蒲公英|蜂蜜,1,8,8,0,0,0,0,0,False,0.0,F6_both_compounds_absent
TR0192,Faecalibacterium prausnitzii,999,Phenylacetic Acid,69867.0,Indole-3-carboxylic acid,AHR|Ahr|IDO1,,False,丁香|乌梅|决明子|当归|木瓜|淡豆豉|玳玳花|紫苏子|胖大海|莱菔子|蒲公英|蜂蜜,3,8,8,0,0,0,0,0,False,0.0,F6_both_compounds_absent
TR0193,Faecalibacterium prausnitzii,6305,Tryptophan,127.0,4-Hydroxyphenylacetic acid,CASP1|ICAM1|IL10|NLRP3,,False,人参|党参|山药|当归|杏仁|枸杞子|桃仁|桑叶|淡竹叶|淡豆豉|甘草|生姜|白果|紫苏子|荷叶|莲子|薤白|蜂蜜|西洋参|赤小豆|马齿苋|麦芽|黄芪,4,8,8,0,0,0,0,0,False,0.0,F6_product_absent
TR0194,Faecalitalea cylindroides,6305,Tryptophan,127.0,4-Hydroxyphenylacetic acid,CASP1|ICAM1|IL10|NLRP3,,False,人参|党参|山药|当归|杏仁|枸杞子|桃仁|桑叶|淡竹叶|淡豆豉|甘草|生姜|白果|紫苏子|荷叶|莲子|薤白|蜂蜜|西洋参|赤小豆|马齿苋|麦芽|黄芪,4,1,1,0,0,0,0,0,False,0.0,F6_product_absent
TR0195,Faecalitalea cylindroides,6305,Tryptophan,802.0,Indole-3-acetic acid,Cyp1a1,,False,人参|党参|山药|当归|杏仁|枸杞子|桃仁|桑叶|淡竹叶|淡豆豉|甘草|生姜|白果|紫苏子|荷叶|莲子|薤白|蜂蜜|西洋参|赤小豆|马齿苋|麦芽|黄芪,1,1,1,0,0,0,0,0,False,0.0,F6_product_absent
TR0196,Finegoldia magna,5281708,Daidzein,91469.0,Equol,Il6|Mapk8ip1|Tlr4|Tnf,,False,大枣|淡豆豉|甘草|生姜|葛根|酸枣仁|黄芪,4,5,5,0,0,0,0,0,False,0.0,F6_both_compounds_absent
TR0197,Flavonifractor plautii,932,"5,7-Dihydroxy-2-(4-hydroxyphenyl)chroman-4-one",10394.0,3-(4-Hydroxyphenyl)propionic acid,CASP1|ICAM1|IL10|NLRP3,,False,乌梅|化橘红|姜黄|小蓟|当归|木瓜|枳椇子|桃仁|槐米|槐花|橘红|沙棘|甘草|生姜|白芷|菊花|葛根|薄荷|薏苡仁|薤白|蜂蜜|陈皮|香薷|高良姜|麦冬,4,8,8,0,0,0,0,0,False,0.0,F6_both_compounds_absent
TR0198,Flavonifractor plautii,4788,Phloretin,10394.0,3-(4-Hydroxyphenyl)propionic acid,CASP1|ICAM1|IL10|NLRP3,,False,覆盆子,4,8,8,0,0,0,0,0,False,0.0,F6_both_compounds_absent
TR0199,Flavonifractor plautii,65064,Epigallocatechin Gallate,370.0,Gallic Acid,Ace2,,False,余甘子|大枣|栀子|桑叶|白扁豆|白果|马齿苋,1,8,8,0,0,0,0,0,False,0.0,F6_both_compounds_absent
TR0200,Flavonifractor plautii,65064,Epigallocatechin Gallate,72277.0,Epigallocatechin,Ace2,,False,余甘子|大枣|栀子|桑叶|白扁豆|白果|马齿苋,1,8,8,0,0,0,0,0,False,0.0,F6_both_compounds_absent
TR0201,Flavonifractor plautii,65064,Epigallocatechin Gallate,52920334.0,4-Hydroxy-5-(3-hydroxyphenyl)pentanoic acid,Ace2,,False,余甘子|大枣|栀子|桑叶|白扁豆|白果|马齿苋,1,8,8,0,0,0,0,0,False,0.0,F6_both_compounds_absent
TR0202,Flavonifractor plautii,5280443,Apigenin,10394.0,3-(4-Hydroxyphenyl)propionic acid,CASP1|ICAM1|IL10|NLRP3,,False,人参|党参|决明子|化橘红|小蓟|广藿香|枳椇子|枸杞子|栀子|桃仁|橘红|淡豆豉|火麻仁|灵芝|甘草|生姜|白果|紫苏子|菊花|葛根|薄荷|藿香|蜂蜜|西红花|酸枣仁|金银花|香薷|马齿苋|高良姜|鱼腥草|黄精|黄芪,4,8,8,0,0,0,0,0,False,0.0,F6_both_compounds_absent
TR0203,Fusobacterium sp.,612,Lactic Acid,104745.0,Propionate,ALPI|ANGPTL4|Alpi|Angptl4|CCL2|CLDN3|Casp1|Cd40|Cd86|Cldn1|DCLK1|DEFB1|Dclk1|Defb1|FFAR2|FFAR3|Ffar2|Ffar3|GHRL|Gcg|Got1|Got2|Grm1|Hdac1|IL17A|IL22|IL4R|IL6|Il10|Il12b|Il18|Il1b|Il6|Itgb1|JUN|LGR5|Lgr5|Muc2|Nfkb1|Nlrp3|Ocln|Pdcd1lg2|Pparg|Pyy|SLC5A8|Smad2|Sod1|Sod2|Sod3|TLR2|TLR8|TLR9|Tjp1|Tlr4|Tnf|Tph1|Zbp1|Zglp1,FFAR2|FFAR3,True,乌梅|广藿香|藿香|蜂蜜|金银花|马齿苋,65,1,1,1,0,0,1,0,False,0.0,F5_compound_mapping_unverified
TR0204,Gemmiger formicilis,175,Acetate,104775.0,Butyrate,ALPI|ANGPTL4|Abcb1a|Abcb1b|Alpi|Angptl4|Aurkc|CCL2|CHGA|CLDN3|CXCL8|CXCR2|Card9|Ccl2|Ccl3|Cd40|Cdc42|Cdkn1b|Chd1|Chga|Cldn1|Cldn2|Col4a1|Ctnnb1|Cyp2b10|Cyp3a11|DCLK1|DEFB1|Dao|Defb1|Dot1l|Dusp1|FFAR2|FFAR3|FOS|Ffar2|Ffar3|Fos|Foxp3|GCK|GHRL|Gcg|Got1|Got2|Grm1|Gsk3b|Gzmb|H3|HCAR2|HDAC1|HDAC11|HDAC2|HDAC3|HDAC4|HDAC5|HDAC7|HDAC8|HDAC9|Hcar2|Hdac1|Hdac3|Hdac6|IL10|IL12A|IL12B|IL1B|IL22RA1|IL4R|IL6|Ifng|Il10|Il12b|Il17a|Il18|Il1b|Il5|Il6|Itgam|JUN|Kat14|Kat5|Kirrel1|LGR5|LYZ|Ldha|Ldhb|Ldhc|Lgr5|Ly6g|Lyz1|MUC2|Map1lc3b|Mmp9|Mtor|Muc2|Nfkb1|Nlrp3|Nphs1|OCLN|Ocln|PPARG|Pparg|Prdm1|Prkaa1|REG3B|REG3G|Rac1|Reg3b|Reg3g|Rela|S100a4|SLC5A8|Slc2a4|Sod1|Sod2|Sod3|Stat3|Synpo|TJP1|TLR4|TNF|Tgfb1|Timp1|Tjp1|Tlr4|Tnf|Tph1|Trp53|Trpc5|Trpc6|Wt1|Zbp1|Zglp1|mct1,FFAR2|FFAR3|GCK|PPARG,True,丁香|人参|佛手|决明子|夏枯草|天麻|小茴香|山茱萸|山药|当归|杜仲|栀子|桃仁|桑叶|桑椹|桔梗|榧子|橘红|淡豆豉|灵芝|玳玳花|甘草|白果|白茅根|砂仁|罗汉果|肉桂|肉豆蔻|花椒|茯苓|菊花|葛根|薄荷|蜂蜜|西洋参|西红花|赤小豆|金银花|高良姜|麦冬|黄精|黄芪,173,4,4,4,0,0,4,0,False,0.0,F5_compound_mapping_unverified
TR0205,Holdemanella,5280450,Linoleic Acid,,3-hydroxyoctadecaenoic acid,Angptl4|Cxcl1|Cxcl2|Fabp1|Reg3g|Tff3|Tjp1,,False,丁香|乌梅|人参|余甘子|佛手|党参|决明子|刀豆|地黄|夏枯草|大枣|姜黄|小茴香|山楂|山茱萸|山药|广藿香|当归|昆布|木瓜|杏仁|杜仲|杜仲叶|枸杞子|栀子|桃仁|桑叶|桑椹|槐米|槐花|沙棘|火麻仁|灵芝|玉竹|玳玳花|生姜|白扁豆|白果|白芷|白茅根|益智仁|砂仁|紫苏子|罗汉果|肉桂|肉豆蔻|胖大海|芡实|茯苓|草果|荷叶|莱菔子|莲子|蒲公英|薄荷|薏苡仁|薤白|藿香|蜂蜜|西洋参|西红花|酸枣仁|金银花|陈皮|香橼|香薷|马齿苋|鱼腥草|麦芽|黄芪,7,0,0,0,0,0,0,0,False,,F7_no_AGORA2_strain_model
TR0206,Holdemanella biformis,1146,Trimethylamine,1145.0,Trimethylamine oxide,Atp1b1|CD14|CD163|CD44|Cldn1|Cxcl1|HBA1|IL12A|IL1B|IL6|Il1b|Il6|LCN2|Lcn2|Myh7|Nfkb1|Nox4|Nppa|SMN1|SMURF2|Sirt1|TGFBR1|TNF|Tgfb1|Tnf,,False,丁香|甘草|黄芪,30,1,1,0,0,0,0,0,False,0.0,F6_both_compounds_absent
TR0207,Hungatella hathewayi,160419,Succinate,104745.0,Propionate,ALPI|ANGPTL4|Alpi|Angptl4|CCL2|CLDN3|Casp1|Cd40|Cd86|Cldn1|DCLK1|DEFB1|Dclk1|Defb1|FFAR2|FFAR3|Ffar2|Ffar3|GHRL|Gcg|Got1|Got2|Grm1|Hdac1|IL17A|IL22|IL4R|IL6|Il10|Il12b|Il18|Il1b|Il6|Itgb1|JUN|LGR5|Lgr5|Muc2|Nfkb1|Nlrp3|Ocln|Pdcd1lg2|Pparg|Pyy|SLC5A8|Smad2|Sod1|Sod2|Sod3|TLR2|TLR8|TLR9|Tjp1|Tlr4|Tnf|Tph1|Zbp1|Zglp1,FFAR2|FFAR3,True,人参|栀子|灵芝|花椒|蜂蜜|高良姜,65,3,3,3,0,0,1,0,False,0.0,F5_compound_mapping_unverified
TR0208,Intestinibacter bartlettii,5793,D-Glucose,127.0,4-Hydroxyphenylacetic acid,CASP1|ICAM1|IL10|NLRP3,,False,丁香|乌梅|人参|党参|决明子|刀豆|地黄|大枣|天冬|天麻|山茱萸|山药|当归|杜仲|杜仲叶|枸杞子|栀子|桑叶|桑椹|槐花|沙棘|淡豆豉|火麻仁|灵芝|玉竹|玳玳花|白芷|白茅根|罗汉果|肉桂|肉豆蔻|芦根|茯苓|荷叶|葛根|薏苡仁|薤白|藿香|蜂蜜|西洋参|西红花|覆盆子|赤小豆|酸枣仁|金银花|香橼|麦冬|黄精|黄芪,4,2,2,2,2,0,2,0,False,0.0,F4_topological_path_only
TR0209,Intestinibacter bartlettii,5793,D-Glucose,802.0,Indole-3-acetic acid,Cyp1a1,,False,丁香|乌梅|人参|党参|决明子|刀豆|地黄|大枣|天冬|天麻|山茱萸|山药|当归|杜仲|杜仲叶|枸杞子|栀子|桑叶|桑椹|槐花|沙棘|淡豆豉|火麻仁|灵芝|玉竹|玳玳花|白芷|白茅根|罗汉果|肉桂|肉豆蔻|芦根|茯苓|荷叶|葛根|薏苡仁|薤白|藿香|蜂蜜|西洋参|西红花|覆盆子|赤小豆|酸枣仁|金银花|香橼|麦冬|黄精|黄芪,1,2,2,0,0,0,0,0,False,0.0,F6_product_absent
TR0210,Intestinibacter bartlettii,6305,Tryptophan,127.0,4-Hydroxyphenylacetic acid,CASP1|ICAM1|IL10|NLRP3,,False,人参|党参|山药|当归|杏仁|枸杞子|桃仁|桑叶|淡竹叶|淡豆豉|甘草|生姜|白果|紫苏子|荷叶|莲子|薤白|蜂蜜|西洋参|赤小豆|马齿苋|麦芽|黄芪,4,2,2,2,2,0,2,0,False,0.0,F4_topological_path_only
TR0211,Intestinibacter bartlettii,6305,Tryptophan,92904.0,Indole-3-lactic acid,Il1b,,False,人参|党参|山药|当归|杏仁|枸杞子|桃仁|桑叶|淡竹叶|淡豆豉|甘草|生姜|白果|紫苏子|荷叶|莲子|薤白|蜂蜜|西洋参|赤小豆|马齿苋|麦芽|黄芪,1,2,2,0,0,0,0,0,False,0.0,F6_product_absent
TR0212,Klebsiella,288,Carnitine,1146.0,Trimethylamine,Bcap31|Hspa1b|Ncam1|Ndufb2|Ucp1,,False,人参|荷叶|蜂蜜,5,7,7,2,2,0,2,0,False,0.0,F4_topological_path_only
TR0213,Klebsiella,305,Choline,1146.0,Trimethylamine,Bcap31|Hspa1b|Ncam1|Ndufb2|Ucp1,,False,丁香|人参|党参|山药|当归|杏仁|栀子|桑叶|桔梗|槐花|火麻仁|灵芝|玳玳花|甘草|生姜|肉豆蔻|茯苓|葛根|蒲公英|蜂蜜|西洋参|马齿苋|麦芽|黄芪|龙眼肉,5,7,7,7,0,1,1,0,False,0.0,F5_compound_mapping_unverified
TR0214,Klebsiella,1145,Trimethylamine oxide,1146.0,Trimethylamine,Bcap31|Hspa1b|Ncam1|Ndufb2|Ucp1,,False,甘草,5,7,7,7,7,7,7,4,True,0.5714285714285714,F1_anaerobic_exchange_flux_supported
TR0215,Lachnospiraceae,1146,Trimethylamine,1145.0,Trimethylamine oxide,Atp1b1|CD14|CD163|CD44|Cldn1|Cxcl1|HBA1|IL12A|IL1B|IL6|Il1b|Il6|LCN2|Lcn2|Myh7|Nfkb1|Nox4|Nppa|SMN1|SMURF2|Sirt1|TGFBR1|TNF|Tgfb1|Tnf,,False,丁香|甘草|黄芪,30,3,3,0,0,0,0,0,False,0.0,F6_both_compounds_absent
TR0216,Lachnospiraceae,5997,Cholesterol,107.0,3-Phenylpropionic acid,Cdh1|Cyp1a1|Cyp2e1|Dao|Gja1|Il22|Tjp1,,False,丁香|乌梅|人参|决明子|夏枯草|姜黄|山楂|山茱萸|山药|当归|昆布|枸杞子|桃仁|桑叶|桑椹|沙棘|淡豆豉|灵芝|白芷|紫苏子|花椒|菊花|葛根|蒲公英|薏苡仁|蜂蜜|西红花|赤小豆|金银花|黄精|黄芪,7,3,3,0,0,0,0,0,False,0.0,F6_both_compounds_absent
TR0217,Lachnospiraceae,6140,Phenylalanine,91.0,3-(3-Hydroxyphenyl)propanoic acid,Slc6a3,,False,人参|党参|地黄|大枣|山茱萸|当归|杜仲|桑椹|淡豆豉|灵芝|甘草|白果|肉苁蓉|荷叶|莱菔子|菊花|蒲公英|蜂蜜|阿胶|高良姜|鸡内金|黄芪,1,3,3,0,0,0,0,0,False,0.0,F6_product_absent
TR0218,Lachnospiraceae,6140,Phenylalanine,92258.0,Phenylacetylglutamine,ADRA2A|ADRA2B|ADRB2|EGFR,,False,人参|党参|地黄|大枣|山茱萸|当归|杜仲|桑椹|淡豆豉|灵芝|甘草|白果|肉苁蓉|荷叶|莱菔子|菊花|蒲公英|蜂蜜|阿胶|高良姜|鸡内金|黄芪,4,3,3,0,0,0,0,0,False,0.0,F6_product_absent
TR0219,Lacticaseibacillus paracasei,72304,Isoflavone,91469.0,Equol,Il6|Mapk8ip1|Tlr4|Tnf,,False,人参|杏仁|淡豆豉|灵芝|甘草|葛根|蜂蜜|赤小豆|麦芽|黄芪,4,24,24,0,0,0,0,0,False,0.0,F6_both_compounds_absent
TR0220,Lacticaseibacillus paracasei,5280450,Linoleic Acid,24970825.0,10-keto-12Z-octadecenoic acid,Adrb3|Cpt1b|Gcg|PPARG|Ppargc1a|Prdm16|Tbx1|Trpv1|Ucp1,PPARG,True,丁香|乌梅|人参|余甘子|佛手|党参|决明子|刀豆|地黄|夏枯草|大枣|姜黄|小茴香|山楂|山茱萸|山药|广藿香|当归|昆布|木瓜|杏仁|杜仲|杜仲叶|枸杞子|栀子|桃仁|桑叶|桑椹|槐米|槐花|沙棘|火麻仁|灵芝|玉竹|玳玳花|生姜|白扁豆|白果|白芷|白茅根|益智仁|砂仁|紫苏子|罗汉果|肉桂|肉豆蔻|胖大海|芡实|茯苓|草果|荷叶|莱菔子|莲子|蒲公英|薄荷|薏苡仁|薤白|藿香|蜂蜜|西洋参|西红花|酸枣仁|金银花|陈皮|香橼|香薷|马齿苋|鱼腥草|麦芽|黄芪,16,24,24,0,0,0,0,0,False,0.0,F6_both_compounds_absent
TR0221,Lactiplantibacillus plantarum,6140,Phenylalanine,72.0,"3,4-Dihydroxybenzoic acid",Abca1|Abcg1|Mir10b,,False,人参|党参|地黄|大枣|山茱萸|当归|杜仲|桑椹|淡豆豉|灵芝|甘草|白果|肉苁蓉|荷叶|莱菔子|菊花|蒲公英|蜂蜜|阿胶|高良姜|鸡内金|黄芪,3,11,11,0,0,0,0,0,False,0.0,F6_product_absent
TR0222,Lactiplantibacillus plantarum,6140,Phenylalanine,91.0,3-(3-Hydroxyphenyl)propanoic acid,Slc6a3,,False,人参|党参|地黄|大枣|山茱萸|当归|杜仲|桑椹|淡豆豉|灵芝|甘草|白果|肉苁蓉|荷叶|莱菔子|菊花|蒲公英|蜂蜜|阿胶|高良姜|鸡内金|黄芪,1,11,11,0,0,0,0,0,False,0.0,F6_product_absent
TR0223,Lactiplantibacillus plantarum,6140,Phenylalanine,370.0,Gallic Acid,Ace2,,False,人参|党参|地黄|大枣|山茱萸|当归|杜仲|桑椹|淡豆豉|灵芝|甘草|白果|肉苁蓉|荷叶|莱菔子|菊花|蒲公英|蜂蜜|阿胶|高良姜|鸡内金|黄芪,1,11,11,0,0,0,0,0,False,0.0,F6_product_absent
TR0224,Lactiplantibacillus plantarum,6140,Phenylalanine,12122.0,3-Hydroxyphenylacetic acid,Nfe2l2,,False,人参|党参|地黄|大枣|山茱萸|当归|杜仲|桑椹|淡豆豉|灵芝|甘草|白果|肉苁蓉|荷叶|莱菔子|菊花|蒲公英|蜂蜜|阿胶|高良姜|鸡内金|黄芪,1,11,11,11,11,0,0,0,False,0.0,F4_compounds_present_no_supported_route
TR0225,Lactiplantibacillus plantarum,5280450,Linoleic Acid,10308378.0,10-Oxo-11-octadecenoic acid,Gcg|HMOX1|NFE2L2,,False,丁香|乌梅|人参|余甘子|佛手|党参|决明子|刀豆|地黄|夏枯草|大枣|姜黄|小茴香|山楂|山茱萸|山药|广藿香|当归|昆布|木瓜|杏仁|杜仲|杜仲叶|枸杞子|栀子|桃仁|桑叶|桑椹|槐米|槐花|沙棘|火麻仁|灵芝|玉竹|玳玳花|生姜|白扁豆|白果|白芷|白茅根|益智仁|砂仁|紫苏子|罗汉果|肉桂|肉豆蔻|胖大海|芡实|茯苓|草果|荷叶|莱菔子|莲子|蒲公英|薄荷|薏苡仁|薤白|藿香|蜂蜜|西洋参|西红花|酸枣仁|金银花|陈皮|香橼|香薷|马齿苋|鱼腥草|麦芽|黄芪,3,11,11,0,0,0,0,0,False,0.0,F6_both_compounds_absent
TR0226,Lactobacilli reuteri,6305,Tryptophan,10256.0,Indole-3-carboxaldehyde,Ahr|Il22,,False,人参|党参|山药|当归|杏仁|枸杞子|桃仁|桑叶|淡竹叶|淡豆豉|甘草|生姜|白果|紫苏子|荷叶|莲子|薤白|蜂蜜|西洋参|赤小豆|马齿苋|麦芽|黄芪,3,14,14,0,0,0,0,0,False,0.0,F6_product_absent
TR0227,Lactobacillus,439531,Stachyose,175.0,Acetate,ALPI|ANGPTL4|APP|Alpi|CCL2|CLDN3|CXCL8|Ccl3|Cldn3|DCLK1|Dclk1|Defb1|FFAR2|FFAR3|FOXP3|Ffar2|Ffar3|GHRL|Got1|Got2|Grm1|HDAC9|Hdac1|Hdac3|Htr2a|Htr4|IL6|Il10|Il6|Klf4|LGR5|Lgr5|MUC2|Mpo|Muc2|NOS3|Nfkb1|Nlrp3|OCLN|Ocln|Smad2|Sod1|Sod2|Sod3|TJP1|TNF|TPH1|Tnf|VEGFA|Zbp1|Zglp1,FFAR2|FFAR3,True,地黄|白扁豆|黄芪,56,74,74,50,0,0,50,0,False,0.0,F5_compound_mapping_unverified
TR0228,Lactobacillus,439531,Stachyose,104745.0,Propionate,ALPI|ANGPTL4|Alpi|Angptl4|CCL2|CLDN3|Casp1|Cd40|Cd86|Cldn1|DCLK1|DEFB1|Dclk1|Defb1|FFAR2|FFAR3|Ffar2|Ffar3|GHRL|Gcg|Got1|Got2|Grm1|Hdac1|IL17A|IL22|IL4R|IL6|Il10|Il12b|Il18|Il1b|Il6|Itgb1|JUN|LGR5|Lgr5|Muc2|Nfkb1|Nlrp3|Ocln|Pdcd1lg2|Pparg|Pyy|SLC5A8|Smad2|Sod1|Sod2|Sod3|TLR2|TLR8|TLR9|Tjp1|Tlr4|Tnf|Tph1|Zbp1|Zglp1,FFAR2|FFAR3,True,地黄|白扁豆|黄芪,65,74,74,50,0,0,27,0,False,0.0,F5_compound_mapping_unverified
TR0229,Lactobacillus acidophilus,2353,Berberine,11066.0,Oxyberberine,Cldn1|F11r|Ifng|Il17a|Il1b|Il6|Ocln|Tjp1|Tjp2|Tnf,,False,人参|决明子|刀豆|大枣|广藿香|当归|杜仲|枸杞子|栀子|甘草|白果|白芷|白茅根|百合|肉桂|花椒|葛根|薏苡仁|蜂蜜|西洋参|金银花|香橼|黄芪,10,3,3,0,0,0,0,0,False,0.0,F6_both_compounds_absent
TR0230,Lactobacillus gasseri,1794427,Chlorogenic Acid,689043.0,Caffeic Acid,CASP1|ICAM1|IL10|NLRP3,,False,丁香|乌梅|人参|八角茴香|夏枯草|大枣|小蓟|山楂|山茱萸|广藿香|当归|木瓜|杏仁|杜仲|杜仲叶|枸杞子|栀子|桃仁|桑叶|桑椹|橘红|沙棘|淡竹叶|淡豆豉|玳玳花|甘草|白果|白茅根|百合|肉豆蔻|荷叶|莲子|菊花|蒲公英|薄荷|薏苡仁|藿香|蜂蜜|西洋参|西红花|覆盆子|酸枣仁|金银花|陈皮|马齿苋|鱼腥草|麦芽|黄芪,4,13,13,0,0,0,0,0,False,0.0,F6_both_compounds_absent
TR0231,Lactobacillus gasseri,5280450,Linoleic Acid,46186046.0,(Z)-10-hydroxyoctadec-12-enoic acid,Ccl2|Cldn1|Cxcl15|Ffar1|Ffar2|Gcg|Mylk3|Ocln|Ppara|Pyy|Rela|Tjp1|Tnf|Tnfrsf1b,,False,丁香|乌梅|人参|余甘子|佛手|党参|决明子|刀豆|地黄|夏枯草|大枣|姜黄|小茴香|山楂|山茱萸|山药|广藿香|当归|昆布|木瓜|杏仁|杜仲|杜仲叶|枸杞子|栀子|桃仁|桑叶|桑椹|槐米|槐花|沙棘|火麻仁|灵芝|玉竹|玳玳花|生姜|白扁豆|白果|白芷|白茅根|益智仁|砂仁|紫苏子|罗汉果|肉桂|肉豆蔻|胖大海|芡实|茯苓|草果|荷叶|莱菔子|莲子|蒲公英|薄荷|薏苡仁|薤白|藿香|蜂蜜|西洋参|西红花|酸枣仁|金银花|陈皮|香橼|香薷|马齿苋|鱼腥草|麦芽|黄芪,15,13,13,0,0,0,0,0,False,0.0,F6_both_compounds_absent
TR0232,Lactococcus sp. 20-92,5281708,Daidzein,91469.0,Equol,Il6|Mapk8ip1|Tlr4|Tnf,,False,大枣|淡豆豉|甘草|生姜|葛根|酸枣仁|黄芪,4,3,3,0,0,0,0,0,False,0.0,F6_both_compounds_absent
TR0233,Ligilactobacillus murinus,6305,Tryptophan,798.0,Indole,CLDN7|CYP1A1|Ccl2|Cd68|Cxcl2|Cyp1a1|Il10ra|Itgax|Mir181a-2|OCLN|Pnmt|TJP1,,False,人参|党参|山药|当归|杏仁|枸杞子|桃仁|桑叶|淡竹叶|淡豆豉|甘草|生姜|白果|紫苏子|荷叶|莲子|薤白|蜂蜜|西洋参|赤小豆|马齿苋|麦芽|黄芪,12,2,2,0,0,0,0,0,False,0.0,F6_product_absent
TR0234,Ligilactobacillus salivarius,5280450,Linoleic Acid,46186046.0,(Z)-10-hydroxyoctadec-12-enoic acid,Ccl2|Cldn1|Cxcl15|Ffar1|Ffar2|Gcg|Mylk3|Ocln|Ppara|Pyy|Rela|Tjp1|Tnf|Tnfrsf1b,,False,丁香|乌梅|人参|余甘子|佛手|党参|决明子|刀豆|地黄|夏枯草|大枣|姜黄|小茴香|山楂|山茱萸|山药|广藿香|当归|昆布|木瓜|杏仁|杜仲|杜仲叶|枸杞子|栀子|桃仁|桑叶|桑椹|槐米|槐花|沙棘|火麻仁|灵芝|玉竹|玳玳花|生姜|白扁豆|白果|白芷|白茅根|益智仁|砂仁|紫苏子|罗汉果|肉桂|肉豆蔻|胖大海|芡实|茯苓|草果|荷叶|莱菔子|莲子|蒲公英|薄荷|薏苡仁|薤白|藿香|蜂蜜|西洋参|西红花|酸枣仁|金银花|陈皮|香橼|香薷|马齿苋|鱼腥草|麦芽|黄芪,15,8,8,0,0,0,0,0,False,0.0,F6_both_compounds_absent
TR0235,Limosilactobacillus mucosae,5281708,Daidzein,91469.0,Equol,Il6|Mapk8ip1|Tlr4|Tnf,,False,大枣|淡豆豉|甘草|生姜|葛根|酸枣仁|黄芪,4,1,1,0,0,0,0,0,False,0.0,F6_both_compounds_absent
TR0236,Mediterraneibacter gnavus,6305,Tryptophan,1150.0,Tryptamine,Htr4,,False,人参|党参|山药|当归|杏仁|枸杞子|桃仁|桑叶|淡竹叶|淡豆豉|甘草|生姜|白果|紫苏子|荷叶|莲子|薤白|蜂蜜|西洋参|赤小豆|马齿苋|麦芽|黄芪,1,1,1,0,0,0,0,0,False,0.0,F6_product_absent
TR0237,Megasphaera sp.,612,Lactic Acid,104745.0,Propionate,ALPI|ANGPTL4|Alpi|Angptl4|CCL2|CLDN3|Casp1|Cd40|Cd86|Cldn1|DCLK1|DEFB1|Dclk1|Defb1|FFAR2|FFAR3|Ffar2|Ffar3|GHRL|Gcg|Got1|Got2|Grm1|Hdac1|IL17A|IL22|IL4R|IL6|Il10|Il12b|Il18|Il1b|Il6|Itgb1|JUN|LGR5|Lgr5|Muc2|Nfkb1|Nlrp3|Ocln|Pdcd1lg2|Pparg|Pyy|SLC5A8|Smad2|Sod1|Sod2|Sod3|TLR2|TLR8|TLR9|Tjp1|Tlr4|Tnf|Tph1|Zbp1|Zglp1,FFAR2|FFAR3,True,乌梅|广藿香|藿香|蜂蜜|金银花|马齿苋,65,6,6,6,0,1,4,0,False,0.0,F5_compound_mapping_unverified
TR0238,Mycoplasmatota,10917,Levocarnitine,1145.0,Trimethylamine oxide,Atp1b1|CD14|CD163|CD44|Cldn1|Cxcl1|HBA1|IL12A|IL1B|IL6|Il1b|Il6|LCN2|Lcn2|Myh7|Nfkb1|Nox4|Nppa|SMN1|SMURF2|Sirt1|TGFBR1|TNF|Tgfb1|Tnf,,False,人参|荷叶|蒲公英|蜂蜜,30,0,0,0,0,0,0,0,False,,F7_no_AGORA2_strain_model
TR0239,Odoribacter laneus,5793,D-Glucose,10430.0,Isovaleric acid,Got1|Got2|Grm1|Hdac1|Il6|Sod1|Sod2|Sod3|Tnf,,False,丁香|乌梅|人参|党参|决明子|刀豆|地黄|大枣|天冬|天麻|山茱萸|山药|当归|杜仲|杜仲叶|枸杞子|栀子|桑叶|桑椹|槐花|沙棘|淡豆豉|火麻仁|灵芝|玉竹|玳玳花|白芷|白茅根|罗汉果|肉桂|肉豆蔻|芦根|茯苓|荷叶|葛根|薏苡仁|薤白|藿香|蜂蜜|西洋参|西红花|覆盆子|赤小豆|酸枣仁|金银花|香橼|麦冬|黄精|黄芪,9,1,1,1,1,0,1,0,False,0.0,F3_oxygen_permissive_artificial_sink_only
TR0240,Odoribacter laneus,5793,D-Glucose,160419.0,Succinate,CCL2|CXCL8|GOT1|GPT|IL1B|Il1b|MAPK1|MAPK3|TNF|Tnf,,False,丁香|乌梅|人参|党参|决明子|刀豆|地黄|大枣|天冬|天麻|山茱萸|山药|当归|杜仲|杜仲叶|枸杞子|栀子|桑叶|桑椹|槐花|沙棘|淡豆豉|火麻仁|灵芝|玉竹|玳玳花|白芷|白茅根|罗汉果|肉桂|肉豆蔻|芦根|茯苓|荷叶|葛根|薏苡仁|薤白|藿香|蜂蜜|西洋参|西红花|覆盆子|赤小豆|酸枣仁|金银花|香橼|麦冬|黄精|黄芪,10,1,1,1,1,0,1,0,False,0.0,F4_topological_path_only
TR0241,Oscillibacter,5997,Cholesterol,107.0,3-Phenylpropionic acid,Cdh1|Cyp1a1|Cyp2e1|Dao|Gja1|Il22|Tjp1,,False,丁香|乌梅|人参|决明子|夏枯草|姜黄|山楂|山茱萸|山药|当归|昆布|枸杞子|桃仁|桑叶|桑椹|沙棘|淡豆豉|灵芝|白芷|紫苏子|花椒|菊花|葛根|蒲公英|薏苡仁|蜂蜜|西红花|赤小豆|金银花|黄精|黄芪,7,3,3,0,0,0,0,0,False,0.0,F6_both_compounds_absent
TR0242,Paraeggerthella hongkongensis,5281708,Daidzein,91469.0,Equol,Il6|Mapk8ip1|Tlr4|Tnf,,False,大枣|淡豆豉|甘草|生姜|葛根|酸枣仁|黄芪,4,1,1,0,0,0,0,0,False,0.0,F6_both_compounds_absent
TR0243,Paraprevotella,5997,Cholesterol,802.0,Indole-3-acetic acid,Cyp1a1,,False,丁香|乌梅|人参|决明子|夏枯草|姜黄|山楂|山茱萸|山药|当归|昆布|枸杞子|桃仁|桑叶|桑椹|沙棘|淡豆豉|灵芝|白芷|紫苏子|花椒|菊花|葛根|蒲公英|薏苡仁|蜂蜜|西红花|赤小豆|金银花|黄精|黄芪,1,2,2,0,0,0,0,0,False,0.0,F6_both_compounds_absent
TR0244,Paraprevotella clara,5793,D-Glucose,160419.0,Succinate,CCL2|CXCL8|GOT1|GPT|IL1B|Il1b|MAPK1|MAPK3|TNF|Tnf,,False,丁香|乌梅|人参|党参|决明子|刀豆|地黄|大枣|天冬|天麻|山茱萸|山药|当归|杜仲|杜仲叶|枸杞子|栀子|桑叶|桑椹|槐花|沙棘|淡豆豉|火麻仁|灵芝|玉竹|玳玳花|白芷|白茅根|罗汉果|肉桂|肉豆蔻|芦根|茯苓|荷叶|葛根|薏苡仁|薤白|藿香|蜂蜜|西洋参|西红花|覆盆子|赤小豆|酸枣仁|金银花|香橼|麦冬|黄精|黄芪,10,1,1,1,1,0,1,0,False,0.0,F2_oxygen_permissive_exchange_flux_only
TR0245,Paraprevotella xylaniphila,5793,D-Glucose,160419.0,Succinate,CCL2|CXCL8|GOT1|GPT|IL1B|Il1b|MAPK1|MAPK3|TNF|Tnf,,False,丁香|乌梅|人参|党参|决明子|刀豆|地黄|大枣|天冬|天麻|山茱萸|山药|当归|杜仲|杜仲叶|枸杞子|栀子|桑叶|桑椹|槐花|沙棘|淡豆豉|火麻仁|灵芝|玉竹|玳玳花|白芷|白茅根|罗汉果|肉桂|肉豆蔻|芦根|茯苓|荷叶|葛根|薏苡仁|薤白|藿香|蜂蜜|西洋参|西红花|覆盆子|赤小豆|酸枣仁|金银花|香橼|麦冬|黄精|黄芪,10,1,1,1,1,0,1,0,False,0.0,F4_topological_path_only
TR0246,Peptoniphilus indolicus,612,Lactic Acid,104745.0,Propionate,ALPI|ANGPTL4|Alpi|Angptl4|CCL2|CLDN3|Casp1|Cd40|Cd86|Cldn1|DCLK1|DEFB1|Dclk1|Defb1|FFAR2|FFAR3|Ffar2|Ffar3|GHRL|Gcg|Got1|Got2|Grm1|Hdac1|IL17A|IL22|IL4R|IL6|Il10|Il12b|Il18|Il1b|Il6|Itgb1|JUN|LGR5|Lgr5|Muc2|Nfkb1|Nlrp3|Ocln|Pdcd1lg2|Pparg|Pyy|SLC5A8|Smad2|Sod1|Sod2|Sod3|TLR2|TLR8|TLR9|Tjp1|Tlr4|Tnf|Tph1|Zbp1|Zglp1,FFAR2|FFAR3,True,乌梅|广藿香|藿香|蜂蜜|金银花|马齿苋,65,1,1,1,0,0,1,0,False,0.0,F5_compound_mapping_unverified
TR0247,Peptostreptococcus anaerobius,6305,Tryptophan,3744.0,3-Indolepropionic acid,Abcb1b|Alg12|Cyp3a11|Fas|Hmgcr|IL1B|IL6|Il10ra|Il1b|NFKB1|Nr1i2|Srebf1|Srebf2|TJP1|TNF|Tlr4|Tnf|Ugt1a1,,False,人参|党参|山药|当归|杏仁|枸杞子|桃仁|桑叶|淡竹叶|淡豆豉|甘草|生姜|白果|紫苏子|荷叶|莲子|薤白|蜂蜜|西洋参|赤小豆|马齿苋|麦芽|黄芪,19,2,2,0,0,0,0,0,False,0.0,F6_product_absent
TR0248,Phascolarctobacterium faecium,160419,Succinate,104745.0,Propionate,ALPI|ANGPTL4|Alpi|Angptl4|CCL2|CLDN3|Casp1|Cd40|Cd86|Cldn1|DCLK1|DEFB1|Dclk1|Defb1|FFAR2|FFAR3|Ffar2|Ffar3|GHRL|Gcg|Got1|Got2|Grm1|Hdac1|IL17A|IL22|IL4R|IL6|Il10|Il12b|Il18|Il1b|Il6|Itgb1|JUN|LGR5|Lgr5|Muc2|Nfkb1|Nlrp3|Ocln|Pdcd1lg2|Pparg|Pyy|SLC5A8|Smad2|Sod1|Sod2|Sod3|TLR2|TLR8|TLR9|Tjp1|Tlr4|Tnf|Tph1|Zbp1|Zglp1,FFAR2|FFAR3,True,人参|栀子|灵芝|花椒|蜂蜜|高良姜,65,1,1,1,0,0,1,0,False,0.0,F5_compound_mapping_unverified
TR0249,Phascolarctobacterium succinatutens,160419,Succinate,104745.0,Propionate,ALPI|ANGPTL4|Alpi|Angptl4|CCL2|CLDN3|Casp1|Cd40|Cd86|Cldn1|DCLK1|DEFB1|Dclk1|Defb1|FFAR2|FFAR3|Ffar2|Ffar3|GHRL|Gcg|Got1|Got2|Grm1|Hdac1|IL17A|IL22|IL4R|IL6|Il10|Il12b|Il18|Il1b|Il6|Itgb1|JUN|LGR5|Lgr5|Muc2|Nfkb1|Nlrp3|Ocln|Pdcd1lg2|Pparg|Pyy|SLC5A8|Smad2|Sod1|Sod2|Sod3|TLR2|TLR8|TLR9|Tjp1|Tlr4|Tnf|Tph1|Zbp1|Zglp1,FFAR2|FFAR3,True,人参|栀子|灵芝|花椒|蜂蜜|高良姜,130,1,1,1,0,0,1,0,False,0.0,F5_compound_mapping_unverified
TR0250,Phocaeicola vulgatus,5281708,Daidzein,91469.0,Equol,Il6|Mapk8ip1|Tlr4|Tnf,,False,大枣|淡豆豉|甘草|生姜|葛根|酸枣仁|黄芪,4,1,1,0,0,0,0,0,False,0.0,F6_both_compounds_absent
TR0251,Prevotella,5997,Cholesterol,802.0,Indole-3-acetic acid,Cyp1a1,,False,丁香|乌梅|人参|决明子|夏枯草|姜黄|山楂|山茱萸|山药|当归|昆布|枸杞子|桃仁|桑叶|桑椹|沙棘|淡豆豉|灵芝|白芷|紫苏子|花椒|菊花|葛根|蒲公英|薏苡仁|蜂蜜|西红花|赤小豆|金银花|黄精|黄芪,1,40,40,0,0,0,0,0,False,0.0,F6_both_compounds_absent
TR0252,Pseudomonas aeruginosa,2353,Berberine,11066.0,Oxyberberine,Cldn1|F11r|Ifng|Il17a|Il1b|Il6|Ocln|Tjp1|Tjp2|Tnf,,False,人参|决明子|刀豆|大枣|广藿香|当归|杜仲|枸杞子|栀子|甘草|白果|白芷|白茅根|百合|肉桂|花椒|葛根|薏苡仁|蜂蜜|西洋参|金银花|香橼|黄芪,10,40,40,0,0,0,0,0,False,0.0,F6_both_compounds_absent
TR0253,Roseburia gnavus,5793,D-Glucose,175.0,Acetate,ALPI|ANGPTL4|APP|Alpi|CCL2|CLDN3|CXCL8|Ccl3|Cldn3|DCLK1|Dclk1|Defb1|FFAR2|FFAR3|FOXP3|Ffar2|Ffar3|GHRL|Got1|Got2|Grm1|HDAC9|Hdac1|Hdac3|Htr2a|Htr4|IL6|Il10|Il6|Klf4|LGR5|Lgr5|MUC2|Mpo|Muc2|NOS3|Nfkb1|Nlrp3|OCLN|Ocln|Smad2|Sod1|Sod2|Sod3|TJP1|TNF|TPH1|Tnf|VEGFA|Zbp1|Zglp1,FFAR2|FFAR3,True,丁香|乌梅|人参|党参|决明子|刀豆|地黄|大枣|天冬|天麻|山茱萸|山药|当归|杜仲|杜仲叶|枸杞子|栀子|桑叶|桑椹|槐花|沙棘|淡豆豉|火麻仁|灵芝|玉竹|玳玳花|白芷|白茅根|罗汉果|肉桂|肉豆蔻|芦根|茯苓|荷叶|葛根|薏苡仁|薤白|藿香|蜂蜜|西洋参|西红花|覆盆子|赤小豆|酸枣仁|金银花|香橼|麦冬|黄精|黄芪,56,5,5,5,0,0,5,0,False,0.0,F5_compound_mapping_unverified
TR0254,Roseburia gnavus,5793,D-Glucose,91435.0,Lactate,Abca8a|Defa5,,False,丁香|乌梅|人参|党参|决明子|刀豆|地黄|大枣|天冬|天麻|山茱萸|山药|当归|杜仲|杜仲叶|枸杞子|栀子|桑叶|桑椹|槐花|沙棘|淡豆豉|火麻仁|灵芝|玉竹|玳玳花|白芷|白茅根|罗汉果|肉桂|肉豆蔻|芦根|茯苓|荷叶|葛根|薏苡仁|薤白|藿香|蜂蜜|西洋参|西红花|覆盆子|赤小豆|酸枣仁|金银花|香橼|麦冬|黄精|黄芪,2,5,5,0,0,0,0,0,False,0.0,F6_product_absent
TR0255,Roseburia hominis,1146,Trimethylamine,1145.0,Trimethylamine oxide,Atp1b1|CD14|CD163|CD44|Cldn1|Cxcl1|HBA1|IL12A|IL1B|IL6|Il1b|Il6|LCN2|Lcn2|Myh7|Nfkb1|Nox4|Nppa|SMN1|SMURF2|Sirt1|TGFBR1|TNF|Tgfb1|Tnf,,False,丁香|甘草|黄芪,30,2,2,0,0,0,0,0,False,0.0,F6_both_compounds_absent
TR0256,Roseburia intestinalis,127,4-Hydroxyphenylacetic acid,135.0,4-Hydroxybenzoic acid,Nfe2l2,,False,覆盆子,1,5,5,0,0,0,0,0,False,0.0,F6_both_compounds_absent
TR0257,Roseburia intestinalis,127,4-Hydroxyphenylacetic acid,69867.0,Indole-3-carboxylic acid,AHR|Ahr|IDO1,,False,覆盆子,3,5,5,0,0,0,0,0,False,0.0,F6_both_compounds_absent
TR0258,Roseburia intestinalis,802,Indole-3-acetic acid,135.0,4-Hydroxybenzoic acid,Nfe2l2,,False,大枣|薄荷|赤小豆|麦芽,1,5,5,0,0,0,0,0,False,0.0,F6_both_compounds_absent
TR0259,Roseburia intestinalis,802,Indole-3-acetic acid,69867.0,Indole-3-carboxylic acid,AHR|Ahr|IDO1,,False,大枣|薄荷|赤小豆|麦芽,3,5,5,0,0,0,0,0,False,0.0,F6_both_compounds_absent
TR0260,Roseburia intestinalis,999,Phenylacetic Acid,135.0,4-Hydroxybenzoic acid,Nfe2l2,,False,丁香|乌梅|决明子|当归|木瓜|淡豆豉|玳玳花|紫苏子|胖大海|莱菔子|蒲公英|蜂蜜,1,5,5,0,0,0,0,0,False,0.0,F6_both_compounds_absent
TR0261,Roseburia intestinalis,999,Phenylacetic Acid,69867.0,Indole-3-carboxylic acid,AHR|Ahr|IDO1,,False,丁香|乌梅|决明子|当归|木瓜|淡豆豉|玳玳花|紫苏子|胖大海|莱菔子|蒲公英|蜂蜜,3,5,5,0,0,0,0,0,False,0.0,F6_both_compounds_absent
TR0262,Roseburia intestinalis,6305,Tryptophan,127.0,4-Hydroxyphenylacetic acid,CASP1|ICAM1|IL10|NLRP3,,False,人参|党参|山药|当归|杏仁|枸杞子|桃仁|桑叶|淡竹叶|淡豆豉|甘草|生姜|白果|紫苏子|荷叶|莲子|薤白|蜂蜜|西洋参|赤小豆|马齿苋|麦芽|黄芪,4,5,5,0,0,0,0,0,False,0.0,F6_product_absent
TR0263,Roseburia intestinalis,6305,Tryptophan,802.0,Indole-3-acetic acid,Cyp1a1,,False,人参|党参|山药|当归|杏仁|枸杞子|桃仁|桑叶|淡竹叶|淡豆豉|甘草|生姜|白果|紫苏子|荷叶|莲子|薤白|蜂蜜|西洋参|赤小豆|马齿苋|麦芽|黄芪,1,5,5,0,0,0,0,0,False,0.0,F6_product_absent
TR0264,Roseburia inulinivorans,5793,D-Glucose,104775.0,Butyrate,ALPI|ANGPTL4|Abcb1a|Abcb1b|Alpi|Angptl4|Aurkc|CCL2|CHGA|CLDN3|CXCL8|CXCR2|Card9|Ccl2|Ccl3|Cd40|Cdc42|Cdkn1b|Chd1|Chga|Cldn1|Cldn2|Col4a1|Ctnnb1|Cyp2b10|Cyp3a11|DCLK1|DEFB1|Dao|Defb1|Dot1l|Dusp1|FFAR2|FFAR3|FOS|Ffar2|Ffar3|Fos|Foxp3|GCK|GHRL|Gcg|Got1|Got2|Grm1|Gsk3b|Gzmb|H3|HCAR2|HDAC1|HDAC11|HDAC2|HDAC3|HDAC4|HDAC5|HDAC7|HDAC8|HDAC9|Hcar2|Hdac1|Hdac3|Hdac6|IL10|IL12A|IL12B|IL1B|IL22RA1|IL4R|IL6|Ifng|Il10|Il12b|Il17a|Il18|Il1b|Il5|Il6|Itgam|JUN|Kat14|Kat5|Kirrel1|LGR5|LYZ|Ldha|Ldhb|Ldhc|Lgr5|Ly6g|Lyz1|MUC2|Map1lc3b|Mmp9|Mtor|Muc2|Nfkb1|Nlrp3|Nphs1|OCLN|Ocln|PPARG|Pparg|Prdm1|Prkaa1|REG3B|REG3G|Rac1|Reg3b|Reg3g|Rela|S100a4|SLC5A8|Slc2a4|Sod1|Sod2|Sod3|Stat3|Synpo|TJP1|TLR4|TNF|Tgfb1|Timp1|Tjp1|Tlr4|Tnf|Tph1|Trp53|Trpc5|Trpc6|Wt1|Zbp1|Zglp1|mct1,FFAR2|FFAR3|GCK|PPARG,True,丁香|乌梅|人参|党参|决明子|刀豆|地黄|大枣|天冬|天麻|山茱萸|山药|当归|杜仲|杜仲叶|枸杞子|栀子|桑叶|桑椹|槐花|沙棘|淡豆豉|火麻仁|灵芝|玉竹|玳玳花|白芷|白茅根|罗汉果|肉桂|肉豆蔻|芦根|茯苓|荷叶|葛根|薏苡仁|薤白|藿香|蜂蜜|西洋参|西红花|覆盆子|赤小豆|酸枣仁|金银花|香橼|麦冬|黄精|黄芪,173,4,4,4,4,0,4,4,True,1.0,F1_anaerobic_exchange_flux_supported
TR0265,Roseburia inulinivorans,6305,Tryptophan,127.0,4-Hydroxyphenylacetic acid,CASP1|ICAM1|IL10|NLRP3,,False,人参|党参|山药|当归|杏仁|枸杞子|桃仁|桑叶|淡竹叶|淡豆豉|甘草|生姜|白果|紫苏子|荷叶|莲子|薤白|蜂蜜|西洋参|赤小豆|马齿苋|麦芽|黄芪,4,4,4,0,0,0,0,0,False,0.0,F6_product_absent
TR0266,Roseburia inulinivorans,6305,Tryptophan,802.0,Indole-3-acetic acid,Cyp1a1,,False,人参|党参|山药|当归|杏仁|枸杞子|桃仁|桑叶|淡竹叶|淡豆豉|甘草|生姜|白果|紫苏子|荷叶|莲子|薤白|蜂蜜|西洋参|赤小豆|马齿苋|麦芽|黄芪,1,4,4,0,0,0,0,0,False,0.0,F6_product_absent
TR0267,Roseburia inulinivorans,17106,L-Fucose,104745.0,Propionate,ALPI|ANGPTL4|Alpi|Angptl4|CCL2|CLDN3|Casp1|Cd40|Cd86|Cldn1|DCLK1|DEFB1|Dclk1|Defb1|FFAR2|FFAR3|Ffar2|Ffar3|GHRL|Gcg|Got1|Got2|Grm1|Hdac1|IL17A|IL22|IL4R|IL6|Il10|Il12b|Il18|Il1b|Il6|Itgb1|JUN|LGR5|Lgr5|Muc2|Nfkb1|Nlrp3|Ocln|Pdcd1lg2|Pparg|Pyy|SLC5A8|Smad2|Sod1|Sod2|Sod3|TLR2|TLR8|TLR9|Tjp1|Tlr4|Tnf|Tph1|Zbp1|Zglp1,FFAR2|FFAR3,True,刀豆|广藿香|灵芝|薤白|藿香|麦冬,130,4,4,4,0,0,4,0,False,0.0,F5_compound_mapping_unverified
TR0268,Roseburia inulinivorans,17106,L-Fucose,104775.0,Butyrate,ALPI|ANGPTL4|Abcb1a|Abcb1b|Alpi|Angptl4|Aurkc|CCL2|CHGA|CLDN3|CXCL8|CXCR2|Card9|Ccl2|Ccl3|Cd40|Cdc42|Cdkn1b|Chd1|Chga|Cldn1|Cldn2|Col4a1|Ctnnb1|Cyp2b10|Cyp3a11|DCLK1|DEFB1|Dao|Defb1|Dot1l|Dusp1|FFAR2|FFAR3|FOS|Ffar2|Ffar3|Fos|Foxp3|GCK|GHRL|Gcg|Got1|Got2|Grm1|Gsk3b|Gzmb|H3|HCAR2|HDAC1|HDAC11|HDAC2|HDAC3|HDAC4|HDAC5|HDAC7|HDAC8|HDAC9|Hcar2|Hdac1|Hdac3|Hdac6|IL10|IL12A|IL12B|IL1B|IL22RA1|IL4R|IL6|Ifng|Il10|Il12b|Il17a|Il18|Il1b|Il5|Il6|Itgam|JUN|Kat14|Kat5|Kirrel1|LGR5|LYZ|Ldha|Ldhb|Ldhc|Lgr5|Ly6g|Lyz1|MUC2|Map1lc3b|Mmp9|Mtor|Muc2|Nfkb1|Nlrp3|Nphs1|OCLN|Ocln|PPARG|Pparg|Prdm1|Prkaa1|REG3B|REG3G|Rac1|Reg3b|Reg3g|Rela|S100a4|SLC5A8|Slc2a4|Sod1|Sod2|Sod3|Stat3|Synpo|TJP1|TLR4|TNF|Tgfb1|Timp1|Tjp1|Tlr4|Tnf|Tph1|Trp53|Trpc5|Trpc6|Wt1|Zbp1|Zglp1|mct1,FFAR2|FFAR3|GCK|PPARG,True,刀豆|广藿香|灵芝|薤白|藿香|麦冬,173,4,4,4,4,0,4,4,True,1.0,F1_anaerobic_exchange_flux_supported
TR0269,Roseburia obeum,5793,D-Glucose,175.0,Acetate,ALPI|ANGPTL4|APP|Alpi|CCL2|CLDN3|CXCL8|Ccl3|Cldn3|DCLK1|Dclk1|Defb1|FFAR2|FFAR3|FOXP3|Ffar2|Ffar3|GHRL|Got1|Got2|Grm1|HDAC9|Hdac1|Hdac3|Htr2a|Htr4|IL6|Il10|Il6|Klf4|LGR5|Lgr5|MUC2|Mpo|Muc2|NOS3|Nfkb1|Nlrp3|OCLN|Ocln|Smad2|Sod1|Sod2|Sod3|TJP1|TNF|TPH1|Tnf|VEGFA|Zbp1|Zglp1,FFAR2|FFAR3,True,丁香|乌梅|人参|党参|决明子|刀豆|地黄|大枣|天冬|天麻|山茱萸|山药|当归|杜仲|杜仲叶|枸杞子|栀子|桑叶|桑椹|槐花|沙棘|淡豆豉|火麻仁|灵芝|玉竹|玳玳花|白芷|白茅根|罗汉果|肉桂|肉豆蔻|芦根|茯苓|荷叶|葛根|薏苡仁|薤白|藿香|蜂蜜|西洋参|西红花|覆盆子|赤小豆|酸枣仁|金银花|香橼|麦冬|黄精|黄芪,56,5,5,5,0,0,5,0,False,0.0,F5_compound_mapping_unverified
TR0270,Ruminococcus champanellensis,10712,D-(+)-Cellobiose,175.0,Acetate,ALPI|ANGPTL4|APP|Alpi|CCL2|CLDN3|CXCL8|Ccl3|Cldn3|DCLK1|Dclk1|Defb1|FFAR2|FFAR3|FOXP3|Ffar2|Ffar3|GHRL|Got1|Got2|Grm1|HDAC9|Hdac1|Hdac3|Htr2a|Htr4|IL6|Il10|Il6|Klf4|LGR5|Lgr5|MUC2|Mpo|Muc2|NOS3|Nfkb1|Nlrp3|OCLN|Ocln|Smad2|Sod1|Sod2|Sod3|TJP1|TNF|TPH1|Tnf|VEGFA|Zbp1|Zglp1,FFAR2|FFAR3,True,藿香,56,1,1,1,0,0,1,0,False,0.0,F5_compound_mapping_unverified
TR0271,Ruminococcus champanellensis,10712,D-(+)-Cellobiose,160419.0,Succinate,CCL2|CXCL8|GOT1|GPT|IL1B|Il1b|MAPK1|MAPK3|TNF|Tnf,,False,藿香,10,1,1,1,1,0,1,1,True,1.0,F1_anaerobic_exchange_flux_supported
TR0272,Ruminococcus sp.,17106,L-Fucose,104745.0,Propionate,ALPI|ANGPTL4|Alpi|Angptl4|CCL2|CLDN3|Casp1|Cd40|Cd86|Cldn1|DCLK1|DEFB1|Dclk1|Defb1|FFAR2|FFAR3|Ffar2|Ffar3|GHRL|Gcg|Got1|Got2|Grm1|Hdac1|IL17A|IL22|IL4R|IL6|Il10|Il12b|Il18|Il1b|Il6|Itgb1|JUN|LGR5|Lgr5|Muc2|Nfkb1|Nlrp3|Ocln|Pdcd1lg2|Pparg|Pyy|SLC5A8|Smad2|Sod1|Sod2|Sod3|TLR2|TLR8|TLR9|Tjp1|Tlr4|Tnf|Tph1|Zbp1|Zglp1,FFAR2|FFAR3,True,刀豆|广藿香|灵芝|薤白|藿香|麦冬,65,2,2,2,0,0,0,0,False,0.0,F5_compound_mapping_unverified
TR0273,Selenomonas ruminantium,160419,Succinate,104745.0,Propionate,ALPI|ANGPTL4|Alpi|Angptl4|CCL2|CLDN3|Casp1|Cd40|Cd86|Cldn1|DCLK1|DEFB1|Dclk1|Defb1|FFAR2|FFAR3|Ffar2|Ffar3|GHRL|Gcg|Got1|Got2|Grm1|Hdac1|IL17A|IL22|IL4R|IL6|Il10|Il12b|Il18|Il1b|Il6|Itgb1|JUN|LGR5|Lgr5|Muc2|Nfkb1|Nlrp3|Ocln|Pdcd1lg2|Pparg|Pyy|SLC5A8|Smad2|Sod1|Sod2|Sod3|TLR2|TLR8|TLR9|Tjp1|Tlr4|Tnf|Tph1|Zbp1|Zglp1,FFAR2|FFAR3,True,人参|栀子|灵芝|花椒|蜂蜜|高良姜,65,3,3,3,0,0,3,0,False,0.0,F5_compound_mapping_unverified
TR0274,Slackia faecicanis sp.,5281708,Daidzein,91469.0,Equol,Il6|Mapk8ip1|Tlr4|Tnf,,False,大枣|淡豆豉|甘草|生姜|葛根|酸枣仁|黄芪,4,1,1,0,0,0,0,0,False,0.0,F6_both_compounds_absent
TR0275,Slackia isoflavoniconvertens,5281708,Daidzein,91469.0,Equol,Il6|Mapk8ip1|Tlr4|Tnf,,False,大枣|淡豆豉|甘草|生姜|葛根|酸枣仁|黄芪,8,4,4,0,0,0,0,0,False,0.0,F6_both_compounds_absent
TR0276,Slackia sp. NATTS,5281708,Daidzein,91469.0,Equol,Il6|Mapk8ip1|Tlr4|Tnf,,False,大枣|淡豆豉|甘草|生姜|葛根|酸枣仁|黄芪,8,4,4,0,0,0,0,0,False,0.0,F6_both_compounds_absent
TR0277,Slackia sp. TM-30,5281708,Daidzein,91469.0,Equol,Il6|Mapk8ip1|Tlr4|Tnf,,False,大枣|淡豆豉|甘草|生姜|葛根|酸枣仁|黄芪,4,4,4,0,0,0,0,0,False,0.0,F6_both_compounds_absent
TR0278,Staphylococcus aureus,2353,Berberine,11066.0,Oxyberberine,Cldn1|F11r|Ifng|Il17a|Il1b|Il6|Ocln|Tjp1|Tjp2|Tnf,,False,人参|决明子|刀豆|大枣|广藿香|当归|杜仲|枸杞子|栀子|甘草|白果|白芷|白茅根|百合|肉桂|花椒|葛根|薏苡仁|蜂蜜|西洋参|金银花|香橼|黄芪,10,426,426,0,0,0,0,0,False,0.0,F6_both_compounds_absent
TR0279,Streptococcus intermedius,5281708,Daidzein,91469.0,Equol,Il6|Mapk8ip1|Tlr4|Tnf,,False,大枣|淡豆豉|甘草|生姜|葛根|酸枣仁|黄芪,4,5,5,0,0,0,0,0,False,0.0,F6_both_compounds_absent
TR0280,Succinatimonas hippei,5793,D-Glucose,175.0,Acetate,ALPI|ANGPTL4|APP|Alpi|CCL2|CLDN3|CXCL8|Ccl3|Cldn3|DCLK1|Dclk1|Defb1|FFAR2|FFAR3|FOXP3|Ffar2|Ffar3|GHRL|Got1|Got2|Grm1|HDAC9|Hdac1|Hdac3|Htr2a|Htr4|IL6|Il10|Il6|Klf4|LGR5|Lgr5|MUC2|Mpo|Muc2|NOS3|Nfkb1|Nlrp3|OCLN|Ocln|Smad2|Sod1|Sod2|Sod3|TJP1|TNF|TPH1|Tnf|VEGFA|Zbp1|Zglp1,FFAR2|FFAR3,True,丁香|乌梅|人参|党参|决明子|刀豆|地黄|大枣|天冬|天麻|山茱萸|山药|当归|杜仲|杜仲叶|枸杞子|栀子|桑叶|桑椹|槐花|沙棘|淡豆豉|火麻仁|灵芝|玉竹|玳玳花|白芷|白茅根|罗汉果|肉桂|肉豆蔻|芦根|茯苓|荷叶|葛根|薏苡仁|薤白|藿香|蜂蜜|西洋参|西红花|覆盆子|赤小豆|酸枣仁|金银花|香橼|麦冬|黄精|黄芪,56,1,1,1,0,0,1,0,False,0.0,F5_compound_mapping_unverified
TR0281,Succinatimonas hippei,5793,D-Glucose,160419.0,Succinate,CCL2|CXCL8|GOT1|GPT|IL1B|Il1b|MAPK1|MAPK3|TNF|Tnf,,False,丁香|乌梅|人参|党参|决明子|刀豆|地黄|大枣|天冬|天麻|山茱萸|山药|当归|杜仲|杜仲叶|枸杞子|栀子|桑叶|桑椹|槐花|沙棘|淡豆豉|火麻仁|灵芝|玉竹|玳玳花|白芷|白茅根|罗汉果|肉桂|肉豆蔻|芦根|茯苓|荷叶|葛根|薏苡仁|薤白|藿香|蜂蜜|西洋参|西红花|覆盆子|赤小豆|酸枣仁|金银花|香橼|麦冬|黄精|黄芪,10,1,1,1,1,0,1,0,False,0.0,F4_topological_path_only
TR0282,Succinivibrio dextrinosolvens,5793,D-Glucose,175.0,Acetate,ALPI|ANGPTL4|APP|Alpi|CCL2|CLDN3|CXCL8|Ccl3|Cldn3|DCLK1|Dclk1|Defb1|FFAR2|FFAR3|FOXP3|Ffar2|Ffar3|GHRL|Got1|Got2|Grm1|HDAC9|Hdac1|Hdac3|Htr2a|Htr4|IL6|Il10|Il6|Klf4|LGR5|Lgr5|MUC2|Mpo|Muc2|NOS3|Nfkb1|Nlrp3|OCLN|Ocln|Smad2|Sod1|Sod2|Sod3|TJP1|TNF|TPH1|Tnf|VEGFA|Zbp1|Zglp1,FFAR2|FFAR3,True,丁香|乌梅|人参|党参|决明子|刀豆|地黄|大枣|天冬|天麻|山茱萸|山药|当归|杜仲|杜仲叶|枸杞子|栀子|桑叶|桑椹|槐花|沙棘|淡豆豉|火麻仁|灵芝|玉竹|玳玳花|白芷|白茅根|罗汉果|肉桂|肉豆蔻|芦根|茯苓|荷叶|葛根|薏苡仁|薤白|藿香|蜂蜜|西洋参|西红花|覆盆子|赤小豆|酸枣仁|金银花|香橼|麦冬|黄精|黄芪,56,1,1,1,0,0,1,0,False,0.0,F5_compound_mapping_unverified
TR0283,Succinivibrio dextrinosolvens,5793,D-Glucose,91435.0,Lactate,Abca8a|Defa5,,False,丁香|乌梅|人参|党参|决明子|刀豆|地黄|大枣|天冬|天麻|山茱萸|山药|当归|杜仲|杜仲叶|枸杞子|栀子|桑叶|桑椹|槐花|沙棘|淡豆豉|火麻仁|灵芝|玉竹|玳玳花|白芷|白茅根|罗汉果|肉桂|肉豆蔻|芦根|茯苓|荷叶|葛根|薏苡仁|薤白|藿香|蜂蜜|西洋参|西红花|覆盆子|赤小豆|酸枣仁|金银花|香橼|麦冬|黄精|黄芪,2,1,1,0,0,0,0,0,False,0.0,F6_product_absent
TR0284,Succinivibrio dextrinosolvens,5793,D-Glucose,160419.0,Succinate,CCL2|CXCL8|GOT1|GPT|IL1B|Il1b|MAPK1|MAPK3|TNF|Tnf,,False,丁香|乌梅|人参|党参|决明子|刀豆|地黄|大枣|天冬|天麻|山茱萸|山药|当归|杜仲|杜仲叶|枸杞子|栀子|桑叶|桑椹|槐花|沙棘|淡豆豉|火麻仁|灵芝|玉竹|玳玳花|白芷|白茅根|罗汉果|肉桂|肉豆蔻|芦根|茯苓|荷叶|葛根|薏苡仁|薤白|藿香|蜂蜜|西洋参|西红花|覆盆子|赤小豆|酸枣仁|金银花|香橼|麦冬|黄精|黄芪,10,1,1,1,1,0,1,1,True,1.0,F1_anaerobic_exchange_flux_supported
TR0285,Veillonella dispar,160419,Succinate,104745.0,Propionate,ALPI|ANGPTL4|Alpi|Angptl4|CCL2|CLDN3|Casp1|Cd40|Cd86|Cldn1|DCLK1|DEFB1|Dclk1|Defb1|FFAR2|FFAR3|Ffar2|Ffar3|GHRL|Gcg|Got1|Got2|Grm1|Hdac1|IL17A|IL22|IL4R|IL6|Il10|Il12b|Il18|Il1b|Il6|Itgb1|JUN|LGR5|Lgr5|Muc2|Nfkb1|Nlrp3|Ocln|Pdcd1lg2|Pparg|Pyy|SLC5A8|Smad2|Sod1|Sod2|Sod3|TLR2|TLR8|TLR9|Tjp1|Tlr4|Tnf|Tph1|Zbp1|Zglp1,FFAR2|FFAR3,True,人参|栀子|灵芝|花椒|蜂蜜|高良姜,65,1,1,1,0,0,1,0,False,0.0,F5_compound_mapping_unverified
TR0286,Veillonella parvula,160419,Succinate,104745.0,Propionate,ALPI|ANGPTL4|Alpi|Angptl4|CCL2|CLDN3|Casp1|Cd40|Cd86|Cldn1|DCLK1|DEFB1|Dclk1|Defb1|FFAR2|FFAR3|Ffar2|Ffar3|GHRL|Gcg|Got1|Got2|Grm1|Hdac1|IL17A|IL22|IL4R|IL6|Il10|Il12b|Il18|Il1b|Il6|Itgb1|JUN|LGR5|Lgr5|Muc2|Nfkb1|Nlrp3|Ocln|Pdcd1lg2|Pparg|Pyy|SLC5A8|Smad2|Sod1|Sod2|Sod3|TLR2|TLR8|TLR9|Tjp1|Tlr4|Tnf|Tph1|Zbp1|Zglp1,FFAR2|FFAR3,True,人参|栀子|灵芝|花椒|蜂蜜|高良姜,65,3,3,3,0,0,3,0,False,0.0,F5_compound_mapping_unverified
TR0287,Veillonella sp.,5281708,Daidzein,91469.0,Equol,Il6|Mapk8ip1|Tlr4|Tnf,,False,大枣|淡豆豉|甘草|生姜|葛根|酸枣仁|黄芪,4,6,6,0,0,0,0,0,False,0.0,F6_both_compounds_absent
TR0288,[Clostridium] nexile 1,1146,Trimethylamine,1145.0,Trimethylamine oxide,Atp1b1|CD14|CD163|CD44|Cldn1|Cxcl1|HBA1|IL12A|IL1B|IL6|Il1b|Il6|LCN2|Lcn2|Myh7|Nfkb1|Nox4|Nppa|SMN1|SMURF2|Sirt1|TGFBR1|TNF|Tgfb1|Tnf,,False,丁香|甘草|黄芪,30,1,1,0,0,0,0,0,False,0.0,F6_both_compounds_absent
TR0289,[Clostridium] scindens,5793,D-Glucose,175.0,Acetate,ALPI|ANGPTL4|APP|Alpi|CCL2|CLDN3|CXCL8|Ccl3|Cldn3|DCLK1|Dclk1|Defb1|FFAR2|FFAR3|FOXP3|Ffar2|Ffar3|GHRL|Got1|Got2|Grm1|HDAC9|Hdac1|Hdac3|Htr2a|Htr4|IL6|Il10|Il6|Klf4|LGR5|Lgr5|MUC2|Mpo|Muc2|NOS3|Nfkb1|Nlrp3|OCLN|Ocln|Smad2|Sod1|Sod2|Sod3|TJP1|TNF|TPH1|Tnf|VEGFA|Zbp1|Zglp1,FFAR2|FFAR3,True,丁香|乌梅|人参|党参|决明子|刀豆|地黄|大枣|天冬|天麻|山茱萸|山药|当归|杜仲|杜仲叶|枸杞子|栀子|桑叶|桑椹|槐花|沙棘|淡豆豉|火麻仁|灵芝|玉竹|玳玳花|白芷|白茅根|罗汉果|肉桂|肉豆蔻|芦根|茯苓|荷叶|葛根|薏苡仁|薤白|藿香|蜂蜜|西洋参|西红花|覆盆子|赤小豆|酸枣仁|金银花|香橼|麦冬|黄精|黄芪,56,1,1,1,0,0,1,0,False,0.0,F5_compound_mapping_unverified
TR0290,[Clostridium] scindens,221493,Cholic Acid,9903.0,Lithocholic acid,Abcb1b|SULT2A1|Slc10a2|Slc51a|Sult2a1|VDR|Vdr,,False,人参|天麻|栀子|桑叶|桑椹|灵芝|肉桂|肉豆蔻|茯苓|薤白,7,1,1,1,1,0,0,0,False,0.0,F4_compounds_present_no_supported_route
TR0291,[Clostridium] scindens,221493,Cholic Acid,222528.0,Deoxycholic Acid,Abcb1b|Cdkn1a|Cdkn2a|Chrm2|Ckmt2|Il1b|Il6|Nos2|Tlr2|Tnf|Tph1|Ucp1,,False,人参|天麻|栀子|桑叶|桑椹|灵芝|肉桂|肉豆蔻|茯苓|薤白,12,1,1,1,1,0,1,1,True,1.0,F1_anaerobic_exchange_flux_supported
TR0292,[Ruminococcus] torques,5793,D-Glucose,175.0,Acetate,ALPI|ANGPTL4|APP|Alpi|CCL2|CLDN3|CXCL8|Ccl3|Cldn3|DCLK1|Dclk1|Defb1|FFAR2|FFAR3|FOXP3|Ffar2|Ffar3|GHRL|Got1|Got2|Grm1|HDAC9|Hdac1|Hdac3|Htr2a|Htr4|IL6|Il10|Il6|Klf4|LGR5|Lgr5|MUC2|Mpo|Muc2|NOS3|Nfkb1|Nlrp3|OCLN|Ocln|Smad2|Sod1|Sod2|Sod3|TJP1|TNF|TPH1|Tnf|VEGFA|Zbp1|Zglp1,FFAR2|FFAR3,True,丁香|乌梅|人参|党参|决明子|刀豆|地黄|大枣|天冬|天麻|山茱萸|山药|当归|杜仲|杜仲叶|枸杞子|栀子|桑叶|桑椹|槐花|沙棘|淡豆豉|火麻仁|灵芝|玉竹|玳玳花|白芷|白茅根|罗汉果|肉桂|肉豆蔻|芦根|茯苓|荷叶|葛根|薏苡仁|薤白|藿香|蜂蜜|西洋参|西红花|覆盆子|赤小豆|酸枣仁|金银花|香橼|麦冬|黄精|黄芪,56,2,2,2,0,0,2,0,False,0.0,F5_compound_mapping_unverified
TR0293,[Ruminococcus] torques,5793,D-Glucose,91435.0,Lactate,Abca8a|Defa5,,False,丁香|乌梅|人参|党参|决明子|刀豆|地黄|大枣|天冬|天麻|山茱萸|山药|当归|杜仲|杜仲叶|枸杞子|栀子|桑叶|桑椹|槐花|沙棘|淡豆豉|火麻仁|灵芝|玉竹|玳玳花|白芷|白茅根|罗汉果|肉桂|肉豆蔻|芦根|茯苓|荷叶|葛根|薏苡仁|薤白|藿香|蜂蜜|西洋参|西红花|覆盆子|赤小豆|酸枣仁|金银花|香橼|麦冬|黄精|黄芪,2,2,2,0,0,0,0,0,False,0.0,F6_product_absent
TR0294,[Ruminococcus] torques,6305,Tryptophan,127.0,4-Hydroxyphenylacetic acid,CASP1|ICAM1|IL10|NLRP3,,False,人参|党参|山药|当归|杏仁|枸杞子|桃仁|桑叶|淡竹叶|淡豆豉|甘草|生姜|白果|紫苏子|荷叶|莲子|薤白|蜂蜜|西洋参|赤小豆|马齿苋|麦芽|黄芪,4,2,2,0,0,0,0,0,False,0.0,F6_product_absent
TR0295,[Ruminococcus] torques,6305,Tryptophan,802.0,Indole-3-acetic acid,Cyp1a1,,False,人参|党参|山药|当归|杏仁|枸杞子|桃仁|桑叶|淡竹叶|淡豆豉|甘草|生姜|白果|紫苏子|荷叶|莲子|薤白|蜂蜜|西洋参|赤小豆|马齿苋|麦芽|黄芪,1,2,2,0,0,0,0,0,False,0.0,F6_product_absent
TR0296,bacterium MRG-IFC-1,5281807,Puerarin,5281708.0,Daidzein,Cxcl10|Ifna,,False,人参|大枣|山药|当归|白芷|花椒|葛根|黄芪,2,0,0,0,0,0,0,0,False,,F7_no_AGORA2_strain_model
TR0297,bacterium MRG-IFC-2,5281807,Puerarin,5281708.0,Daidzein,Cxcl10|Ifna,,False,人参|大枣|山药|当归|白芷|花椒|葛根|黄芪,2,0,0,0,0,0,0,0,False,,F7_no_AGORA2_strain_model
TR0298,do03,5281708,Daidzein,91469.0,Equol,Il6|Mapk8ip1|Tlr4|Tnf,,False,大枣|淡豆豉|甘草|生姜|葛根|酸枣仁|黄芪,4,0,0,0,0,0,0,0,False,,F7_no_AGORA2_strain_model
TR0299,human intestinal bacterium SNU-Julong732,176907,Dihydrodaidzein,91469.0,Equol,Il6|Mapk8ip1|Tlr4|Tnf,,False,甘草,4,0,0,0,0,0,0,0,False,,F7_no_AGORA2_strain_model
TR0300,unclassified Eggerthella,1146,Trimethylamine,1145.0,Trimethylamine oxide,Atp1b1|CD14|CD163|CD44|Cldn1|Cxcl1|HBA1|IL12A|IL1B|IL6|Il1b|Il6|LCN2|Lcn2|Myh7|Nfkb1|Nox4|Nppa|SMN1|SMURF2|Sirt1|TGFBR1|TNF|Tgfb1|Tnf,,False,丁香|甘草|黄芪,30,0,0,0,0,0,0,0,False,,F7_no_AGORA2_strain_model
