metric	omitted_donor	adjusted_difference_high_vs_low	ci95_low	ci95_high	p_value
Observed_ASV	D7	75.23929770707629	-4.701641390599633	155.1802368047522	0.06310326089530506
Observed_ASV	D8	75.57962619895513	-2.3076172084105195	153.46686960632076	0.056249252979068
Observed_ASV	D10	79.40157765361529	4.222107622303497	154.58104768492709	0.039890043430485564
Observed_ASV	D12	78.21050695809069	4.62355837090702	151.79745554527437	0.03882560526019428
Observed_ASV	D13	74.72341063485894	-2.93278295465808	152.37960422437595	0.05808811418059666
Observed_ASV	D17	71.69157952488715	-7.776505189504775	151.15966423927907	0.07346852329691361
Observed_ASV	D19	93.91548333859421	14.128943234774454	173.70202344241397	0.02428378338943745
Observed_ASV	D20	73.31401277641905	-5.74523665286587	152.37326220570395	0.06661828872244051
Observed_ASV	D23	66.0185645328072	-6.545576523594548	138.58270558920896	0.07132228301883524
Observed_ASV	D24	87.31214867518595	17.089265166488588	157.53503218388332	0.018417017329316256
Observed_ASV	D27	94.97042370449653	25.34168860056866	164.5991588084244	0.01107207441433287
Observed_ASV	D29	73.11728039650697	-6.0158222727289825	152.25038306574294	0.0674949588570884
Observed_ASV	D30	80.98420688306268	7.96928407278925	153.9991296933361	0.03214179821472154
Observed_ASV	D38	78.16503985120484	3.433582891674007	152.89649681073567	0.04157327291103789
Observed_ASV	D39	87.82256052420797	-0.19736395262714268	175.8424850010431	0.0504494310647795
Observed_ASV	D40	84.97436321398843	10.033222253744427	159.9155041742324	0.029034911991037575
Observed_ASV	D41	69.73007116869967	-6.778643781867942	146.23878611926727	0.07087962648113195
Observed_ASV	D42	75.23017112396917	1.3190841464132035	149.14125810152512	0.04655338538649499
Observed_ASV	D43	86.62367647243848	10.120638138762146	163.12671480611482	0.029225784047708606
Observed_ASV	D47	76.15316201552741	2.2770640083839453	150.02926002267088	0.04418801737252698
Chao1	D7	74.87185003988427	-5.9854136368201125	155.72911371658864	0.06697130909088414
Chao1	D8	75.32154604160293	-3.8866877510999984	154.52977983430586	0.06073387324167608
Chao1	D10	78.66987189015451	2.377835655147308	154.9619081251617	0.044126722854018974
Chao1	D12	77.57206620122948	2.948590363683749	152.19554203877522	0.042667250069798775
Chao1	D13	74.12767454526049	-4.403286183502985	152.65863527402396	0.06242782224598298
Chao1	D17	71.1933837972437	-9.24673578468645	151.63350337917385	0.07847555108194836
Chao1	D19	93.35804863549426	11.57968311757054	175.13641415341797	0.028125682792876798
Chao1	D20	72.41834433238405	-7.8703633644585835	152.7070520292267	0.07351652246145197
Chao1	D23	65.1569352827883	-8.161977078644327	138.47584764422092	0.07738718395391389
Chao1	D24	86.89140037489734	15.471964510426119	158.31083623936857	0.020596008400785182
Chao1	D27	94.58110832487398	23.84387443058752	165.31834221916046	0.012407820268483218
Chao1	D29	72.30464501901653	-6.99834559561792	151.607635633651	0.07078299747411267
Chao1	D30	81.15308636619406	7.36661024540156	154.93956248698657	0.03339091718654008
Chao1	D38	77.8553912868587	2.184926751069824	153.5258558226476	0.04453589573161805
Chao1	D39	88.43350929551262	-0.3606170736162255	177.22763566464147	0.05081677963466288
Chao1	D40	84.59896955433422	8.89822096483843	160.29971814383	0.031053024516611974
Chao1	D41	69.83995744549196	-8.44539615464744	148.12531104563135	0.07636787610422542
Chao1	D42	74.88181488893969	-0.1927150140757874	149.95634479195516	0.05051482654406586
Chao1	D43	86.1076519045475	8.337411750025382	163.8778920590696	0.03239843414159948
Chao1	D47	75.63098064158126	0.6801254409643747	150.58183584219813	0.04821892825986917
