genus	prevalence	mean_relative_abundance	clr_difference_high_vs_low	clr_se	adjusted_p	wilcoxon_p	high_median_relative_abundance	low_median_relative_abundance	adjusted_q	wilcoxon_q
Salmonella	0.3	0.000213652927496	-2.60006703116425	0.771132682795376	0.0038849363014266	0.0503309200228561	0.0	1.12107623318386e-05	0.232598144339633	0.335851677426573
Clostridium	0.9	0.0071084626819652	-3.23070834704537	0.963647132073983	0.0040451851189501	0.0112989519182699	0.0007962186024577	0.0053743877118323	0.232598144339633	0.268203739128927
norank_f_[Eubacterium] coprostanoligenes group	0.7	0.0057207619414367	3.1390079539145	1.05297760279405	0.00882074623622	0.0058178627066278	0.0055702791849311	1.10282765009484e-05	0.338128605721767	0.268203739128927
Enterobacter	0.85	0.0108607543069124	-3.51063750355528	1.27772756394571	0.0143055389025794	0.120664636435023	0.0001197831202897	0.002845872214076	0.36591860540796	0.421961427105667
Marvinbryantia	0.6	0.0005067416401911	1.84147459236815	0.716862567588499	0.0206044097382584	0.0464220952173477	0.0006709968371894	0.0	0.36591860540796	0.333658809374687
Coprococcus	0.7	0.0016534376365227	2.26190833563483	0.918953085497502	0.0255821782958124	0.0175567535705686	0.0016587525932994	0.0001076860950329	0.36591860540796	0.268203739128927
Alistipes	0.8	0.0058932962343572	2.26492108328563	0.929887771426126	0.0269323902020468	0.02519358867482	0.0024464327817859	0.0001966058686972	0.36591860540796	0.268203739128927
norank_f_Enterobacteriaceae	0.75	0.0091782307066028	-3.33084796344602	1.37214924482446	0.0273784941890607	0.0865701556556257	3.42982079486397e-05	0.0011557610668896	0.36591860540796	0.382906457707575
Ruthenibacterium	0.7	0.0009292053470296	1.94640982627877	0.816432636502065	0.0298515955326958	0.0065366829151805	0.0003415083865713	0.0	0.36591860540796	0.268203739128927
Oscillibacter	0.45	0.0003493232532209	1.40919462754526	0.606321999037339	0.0336074831165947	0.0116112744485891	0.000195804892361	0.0	0.36591860540796	0.268203739128927
Barnesiella	0.35	0.0012451402831934	2.24139342703628	0.99676994988149	0.0389756551309739	0.0187471576016007	0.0005652554955647	0.0	0.36591860540796	0.268203739128927
Limosilactobacillus	0.3	0.0033222871412011	-2.27392844147668	1.01411291309969	0.0394635080691473	0.327792297681481	0.0	0.0	0.36591860540796	0.671881110691528
[Ruminococcus] gauvreauii group	0.85	0.0020677214775491	-1.93667390232862	0.873113302064432	0.0413647119156824	0.211605602495788	0.0003776321665388	0.0011381138757009	0.36591860540796	0.565921960163153
Anaerostipes	0.85	0.0087139923612613	2.03145544149203	0.967148350504349	0.0518950587257093	0.0309554806999333	0.0058125924950258	0.0009861553597661	0.394890019295991	0.268203739128927
Colidextribacter	0.7	0.0003659388892884	1.45943030222191	0.713111283900529	0.0574954061016233	0.0290124825114589	0.0002119955535876	0.0	0.394890019295991	0.268203739128927
Citrobacter	0.6	0.0192671881045819	-2.90728643665489	1.4241029177751	0.0580508934100082	0.43480594158396	5.72819704997852e-05	6.86328739018398e-05	0.394890019295991	0.735333577678757
Family XIII AD3011 group	0.7	0.0007025061665375	1.64399283366934	0.806455428503819	0.0583750463307117	0.0215487992605854	0.0006348969303179	8.07645712747341e-05	0.394890019295991	0.268203739128927
Pseudocitrobacter	0.25	0.0003690071079049	-1.83599329662304	0.938269579785776	0.068056678396386	0.45620283388373	0.0	0.0	0.415553687647382	0.738920083051113
Pediococcus	0.3	0.0003193866286184	-1.48195945542829	0.759725517329353	0.0688386617437514	0.852135515623139	0.0	0.0	0.415553687647382	0.951413439773407
Klebsiella	0.9	0.0199855418000038	-2.48674378109181	1.29218612654263	0.0722702065473708	0.427181486006801	0.0014882604893062	0.0005901775246986	0.415553687647382	0.735333577678757
Christensenella	0.45	0.0001002216032789	1.06282580490142	0.561575116055491	0.0766494894694352	0.0183612357946999	0.0001352845066835	0.0	0.419747204237383	0.268203739128927
Ligilactobacillus	0.25	0.0022341050736405	-2.2538251582866	1.25959376047547	0.0925068634609571	0.149710824189393	0.0	0.0	0.483558604455003	0.44145499440462
Turicibacter	0.85	0.0033136448498968	-1.98199538810717	1.15166446909323	0.104529674005869	0.306760956170655	0.0005274034730805	0.0022341227762396	0.518182770695349	0.667194103983931
Cronobacter	0.3	0.0001790241672569	-1.21582616996295	0.737960025904704	0.118940305571038	0.327792297681481	0.0	0.0	0.518182770695349	0.671881110691528
[Eubacterium] ventriosum group	0.65	0.0003231284783754	1.13893302032338	0.693964708966136	0.120263770088064	0.0336700357882348	0.0003483174094843	0.0	0.518182770695349	0.268203739128927
Anaerobutyricum	0.95	0.0474916858135652	1.72332400282304	1.07457266079213	0.128328543909314	0.0257480808211081	0.0697822142357025	0.0194714389496655	0.518182770695349	0.268203739128927
UCG-002	0.7	0.0036037999812443	1.65579407994457	1.04348812750398	0.132123891274947	0.0718166221356926	0.0043132263244464	0.0006392317304354	0.518182770695349	0.362545033189459
Lelliottia	0.2	0.0010547260971509	-1.5825661085038	1.02155282828107	0.140890723976215	0.279559353093316	0.0	0.0	0.518182770695349	0.665339727964775
Leuconostoc	0.4	0.0001010648510553	-1.28461314527043	0.839750328844818	0.145606336219726	0.442552492387675	0.0	1.4301241347749e-05	0.518182770695349	0.737587487312792
Odoribacter	0.5	0.0003690948068322	1.28051285859173	0.843018966931299	0.148284293920168	0.052568088640681	0.0003325438852458	0.0	0.518182770695349	0.335851677426573
Actinomyces	0.9	0.0001992539637589	-0.941192744879194	0.627550835299224	0.153142273738417	1.0	0.0001537896904965	0.00015096053425	0.518182770695349	1.0
Escherichia-Shigella	1.0	0.0771797020954069	-1.54615847383067	1.03406167036911	0.154316637814353	0.344704222006958	0.0204953967826393	0.0361668817084958	0.518182770695349	0.671881110691528
Corynebacterium	0.65	0.0001284204980592	-1.00364375316606	0.699109232555494	0.17037678632456	0.786908359335658	4.97822907958501e-05	6.25926113511485e-05	0.518182770695349	0.928609486852816
Bacteroides	0.95	0.0576500086870658	1.35560756120353	0.947278666595804	0.171656545751113	0.0640221012830269	0.0200862306564905	0.0035581252495937	0.518182770695349	0.362545033189459
Tyzzerella	0.3	0.0001534456245445	-1.19682237048119	0.843786321897665	0.175259593647358	0.925746914990716	0.0	0.0	0.518182770695349	0.987015463311618
Roseburia	0.95	0.0017222847605756	0.837841487579224	0.59411863169367	0.177617276384004	0.140465048158355	0.0009077023130905	0.0004334151212482	0.518182770695349	0.44145499440462
Gemmiger	0.85	0.0293190482147811	1.78245569735741	1.26489920224715	0.177924430508221	0.139867911479759	0.0249495311135053	0.0099142974409857	0.518182770695349	0.44145499440462
Lachnoclostridium	0.55	0.0002705636754733	0.979196097075891	0.710903514338692	0.187353963130061	0.142600590506985	0.0002243038920654	0.0	0.518182770695349	0.44145499440462
Dorea	1.0	0.0244653910739799	0.952153812874702	0.692220963008749	0.187927727013867	0.0756615721438871	0.0180338042843463	0.0066467261639871	0.518182770695349	0.362545033189459
Faecalibacterium	0.9	0.0507410152779473	1.58814860884695	1.16122196820695	0.190325566713234	0.241144626216084	0.0430735355506119	0.0068631793725866	0.518182770695349	0.590034723720206
Butyricimonas	0.4	0.0003198897331868	1.16702241148805	0.870536532161056	0.198782532712633	0.0665940350201807	0.0001273715917379	0.0	0.518182770695349	0.362545033189459
norank_f_Ruminococcaceae	0.85	0.0006665079357789	0.85428811922923	0.639669368774147	0.200397010363826	0.103589204419217	0.0005483596364577	0.000125094373645	0.518182770695349	0.398589020426116
Romboutsia	1.0	0.0499841770473151	-0.928734761314492	0.704506055154845	0.205972067493426	0.850106739138526	0.0203483739381861	0.024805878708718	0.518182770695349	0.951413439773407
CAG-56	0.65	0.0002536069375089	-1.01010414000639	0.766317173015384	0.206021078000841	0.562404927594274	6.73325072983752e-05	0.0001136092381192	0.518182770695349	0.781384459841548
[Ruminococcus] gnavus group	0.7	0.0018475757692025	-1.70607181904405	1.30842085325067	0.210710595246113	0.466752988268345	5.4668424907019e-05	0.0002261828172418	0.518182770695349	0.739332218280708
Lachnospiraceae UCG-010	0.6	0.0004091200793146	1.11018810630191	0.859282007377755	0.214709479519836	0.0556923052260959	0.0001931009252731	0.0	0.518182770695349	0.337085005315843
UCG-005	0.4	0.0004339693223682	1.03911784366554	0.806657143758111	0.216002492676729	0.146930554275145	0.0001448661659497	0.0	0.518182770695349	0.44145499440462
norank_f_Lachnospiraceae	1.0	0.0014206304539704	0.660374243928256	0.512973288968132	0.216284982551102	0.0756615721438871	0.0012650330764407	0.0003766927746193	0.518182770695349	0.362545033189459
Parabacteroides	0.9	0.0025921805771735	1.07186530655957	0.85326377768441	0.227078612507977	0.121084583430322	0.0012066584321269	0.0002029948776813	0.532939600784028	0.421961427105667
norank_f_UCG-010	0.25	0.0008288311953989	1.13721398492997	0.917655672069326	0.233120387988715	0.101161058815005	0.0	0.0	0.536176892374044	0.398589020426116
Enterococcus	1.0	0.0459536121222592	-1.46827532557707	1.231544207244	0.250556769227293	0.307489456618681	0.0028053092057259	0.0182757992387982	0.564958264717043	0.667194103983931
Haemophilus	0.75	0.0036522751442763	-1.02306462516323	0.868254344796478	0.255904844035828	0.423849042589673	5.70809871586082e-05	9.85710611156707e-05	0.564958264717043	0.735333577678757
Paludicola	0.35	0.0001028209468857	-0.768285105474692	0.660589913836258	0.261870734420212	0.564248316278627	0.0	0.0	0.564958264717043	0.781384459841548
Terrisporobacter	0.65	0.0011736148764253	-1.33080848384161	1.15280630649708	0.265284750388872	0.562404927594274	0.0001853734480051	0.000467651348881	0.564958264717043	0.781384459841548
Raoultibacter	0.3	0.00012951590718	0.814565689013203	0.715214957473031	0.271506102370607	0.0934351306091974	5.37172324881822e-05	0.0	0.566896216848137	0.397964445187322
Intestinimonas	0.4	0.0001828590925702	0.651919881612513	0.57807136077917	0.276053809943441	0.0802766809045487	2.18869977245414e-05	0.0	0.566896216848137	0.369272732160924
Adlercreutzia	0.25	0.000241768650707	-0.702388291048758	0.635261901294241	0.285219345326913	0.654825693865238	0.0	0.0	0.573659528534183	0.827526975763762
Eubacterium	0.3	0.0006486441572076	-0.809191600356931	0.738348173721999	0.289323936130284	1.0	0.0	0.0	0.573659528534183	1.0
Anaerotruncus	0.2	0.0001869422023922	0.671904977565612	0.645841902825672	0.313641480706073	0.0349830964081209	0.0	0.0	0.611335089511838	0.268203739128927
Collinsella	0.9	0.01889624655945	1.30228923649572	1.2913899200745	0.328251605559754	0.103979744458987	0.0238416931517476	0.0051742131447019	0.625564515308909	0.398589020426116
Veillonella	0.9	0.0003145126992392	-0.648911806163812	0.662875279022455	0.342182971112372	0.59656315976262	0.0001083806417009	0.000215095785931	0.625564515308909	0.804531803367455
Segatella	0.35	0.011867388546549	-1.49333813413981	1.53558039359918	0.345280041670391	0.231136991164733	0.0	1.44801621778164e-05	0.625564515308909	0.590034723720206
Fusobacterium	0.3	0.0027833149839391	-1.06216139535092	1.09590927425006	0.34686658162315	0.852135515623139	0.0	0.0	0.625564515308909	0.951413439773407
Acutalibacter	0.75	0.0013049708128233	0.785843006368264	0.814702367210035	0.349110452182145	0.469315234212971	0.0006409170628341	0.0002887924012537	0.625564515308909	0.739332218280708
Hungatella	0.2	0.00138040138828	0.863971038369952	0.904285749787865	0.35357994343547	0.0349830964081209	0.0	0.0	0.625564515308909	0.268203739128927
Gordonibacter	0.6	0.0003182580121363	0.690965908612022	0.739340594430435	0.36390102732944	0.109368506013238	0.0001508611998478	0.0	0.627262444329563	0.405721877145883
Megasphaera	0.3	0.000428047448634	-0.736602900227847	0.790787832388603	0.365448554522441	0.48456525038588	0.0	0.0	0.627262444329563	0.743000050591683
Asaccharobacter	0.65	0.0028896746565945	1.09426581763953	1.21027919647679	0.379331831202609	0.297091176472681	0.0008352416711261	6.73038093956118e-05	0.628282773493185	0.667194103983931
Agathobacter	0.85	0.0079300493108093	0.89965640442338	0.997482805843306	0.380472951797443	0.211605602495788	0.0030749664647896	0.00031282722153	0.628282773493185	0.565921960163153
norank_f_Bifidobacteriaceae	0.65	0.0001447189778704	-0.499459519483239	0.556110570410061	0.382432992561069	0.615641727794227	9.8193298587133e-05	4.03822856373671e-05	0.628282773493185	0.804531803367455
Lachnospira	0.55	0.0002081080737675	0.479645488670701	0.585008062210822	0.424321883227204	0.219290478798081	0.0001996344869865	0.0	0.687281923537021	0.573145569585893
Lachnospiraceae NK4A136 group	0.7	0.0012194532630556	0.720415321271637	0.906242477983774	0.438277861526539	0.283492579741513	0.0004130675102544	2.89603243556328e-05	0.700027139938222	0.665339727964775
Weissella	0.9	0.0125231298797123	-1.05359483092848	1.36025057693053	0.449895489374792	0.820529506109412	0.0004040116158636	0.0016260248123747	0.708739469563029	0.951413439773407
Butyribacter	0.25	0.0003553671713855	0.590907416858178	0.793515961356072	0.467269018240276	0.45620283388373	0.0	0.0	0.726161312130159	0.738920083051113
Bifidobacterium	1.0	0.0733479224105986	-0.662498919887582	0.940783023028435	0.491431665299868	0.969849976993156	0.0357890935910453	0.0805902351787397	0.753360166334927	0.987015463311618
Christensenellaceae R-7 group	0.7	0.0020101145730003	0.753384883727578	1.0940085543925	0.500910176929838	0.33826696005667	0.0006825648423405	0.0001636246904697	0.753360166334927	0.671881110691528
Blautia	1.0	0.177629859814139	-0.286903058312759	0.435470098578823	0.519371191956809	0.570750388058174	0.209353569008163	0.138881912490397	0.753360166334927	0.781384459841548
Lachnospiraceae NC2004 group	0.45	0.0001185877135535	0.389918739939051	0.599415740857536	0.524602368922747	0.17215763257409	0.0001081081949328	0.0	0.753360166334927	0.48288116453708
Gemella	0.65	0.0002270170354849	0.520651922085785	0.80749964199966	0.528213156267309	0.334316899095065	0.0001640498851679	8.93211269929283e-05	0.753360166334927	0.671881110691528
Rothia	0.75	0.0001915322987831	0.502349969531713	0.78376466623592	0.530632603247032	0.423849042589673	0.0001450945533828	0.0001022085747232	0.753360166334927	0.735333577678757
DTU089	0.45	0.0001125627647271	0.313490476475779	0.490725178401561	0.531972140486781	0.384940343201003	7.05218617771509e-05	0.0	0.753360166334927	0.725707204395334
Desulfovibrio	0.25	0.0005751327041104	-0.627028216505802	1.01141162988259	0.544017419934184	0.654825693865238	0.0	0.0	0.753360166334927	0.827526975763762
Phascolarctobacterium	0.7	0.0019155850280821	-0.691265311192088	1.13239419284809	0.550139935303615	0.759276935406329	9.15334615546524e-05	0.0001817413424954	0.753360166334927	0.921812881266961
Dialister	0.65	0.0032407324299652	0.627230800704449	1.02786258058985	0.550280469322904	0.297091176472681	0.0002119955535876	3.30848295028453e-05	0.753360166334927	0.667194103983931
norank_f_Coriobacteriales Incertae Sedis	0.4	0.0006763980101889	0.589707664881162	0.987722725029632	0.558836980723751	0.393542194528884	0.0001237283475391	0.0	0.756073562155663	0.729957296303576
Bilophila	0.65	0.0003789033425196	-0.496020522609785	0.933152233948383	0.602337701155238	0.615641727794227	0.0003811132042008	0.0001847432283078	0.805451577126191	0.804531803367455
Fusicatenibacter	0.95	0.0074368722683724	0.385039791565173	0.768233900435312	0.623054714517087	0.520522883275773	0.0062167570750608	0.0047273734449805	0.823578070913391	0.767437584316844
norank_f_Oscillospiraceae	0.55	0.0008877627789056	0.387383348936562	0.866522848102361	0.660827776499434	0.165465429314276	0.0002690636761007	0.0	0.863581753379943	0.475713109278543
Ruminococcus	0.65	0.0092334595213035	0.621626469511368	1.49207414466271	0.682492609753966	0.786908359335658	0.004461679116669	0.0001322716341787	0.876009650865599	0.928609486852816
Streptococcus	1.0	0.0325149675285746	-0.268244283884258	0.664563583679596	0.691820862812793	0.791336780100661	0.0274362832630017	0.0130199480072353	0.876009650865599	0.928609486852816
Flavonifractor	0.6	0.0006453693213021	0.309028855227483	0.774435377471278	0.695140881394957	0.611701491044841	9.23253512132812e-05	5.75628070511308e-05	0.876009650865599	0.804531803367455
UCG-003	0.45	0.0002207244433586	0.269009670815476	0.752154330788069	0.725277828645094	0.384940343201003	4.43786982248521e-05	0.0	0.876009650865599	0.725707204395334
[Clostridium] innocuum group	0.45	0.0002820617660345	-0.296247798930833	0.841695542790538	0.729456983218378	0.431818324626886	2.59708875733351e-05	0.0	0.876009650865599	0.735333577678757
[Eubacterium] eligens group	0.6	0.0010556728686787	0.262123773460253	0.746379826652349	0.730024983481468	0.754738331696203	9.41227824783023e-05	2.71923861318831e-05	0.876009650865599	0.921812881266961
Akkermansia	0.2	0.0034478755620684	0.373816682789359	1.07471666362109	0.732503089430628	0.956882989111931	0.0	0.0	0.876009650865599	0.987015463311618
Granulicatella	0.65	0.0002019617517495	-0.255857566368688	0.759468842463138	0.740578227508102	0.969194787425051	0.0001067679146681	9.68315396744052e-05	0.876009650865599	0.987015463311618
Thomasclavelia	0.5	0.0005028172199323	0.326931729785591	0.991725201590381	0.745933615153376	0.544669962146362	0.0001558366229625	0.0	0.876009650865599	0.781384459841548
[Eubacterium] brachy group	0.6	0.0001919676592765	0.224542452308036	0.682750923704147	0.746512572041989	0.639358091180278	0.0001570095963804	5.38430475164894e-05	0.876009650865599	0.826136859390246
Schaalia	0.9	0.0008699217549901	-0.227000510354255	0.757001296156677	0.768138485426051	0.939720366947744	0.0007177413578858	0.0007490672537088	0.884591335660047	0.987015463311618
Enterocloster	0.75	0.0003644728664912	-0.232625715077189	0.779477678826388	0.769209857095693	0.909038324456433	0.0002292249073341	9.65834480252057e-05	0.884591335660047	0.986815443774528
Lachnospiraceae FCS020 group	0.75	0.0003822162016072	0.204671310613039	0.784222496741827	0.797432532761837	0.517356333185663	0.0003828442076783	6.98252478014917e-05	0.907967735322884	0.767437584316844
Parasutterella	0.35	0.0003537270053948	-0.16863691074379	0.708195165199583	0.81480912118642	0.143321906011657	1.61906612266045e-05	0.0	0.90827900331384	0.44145499440462
Faecalimonas	0.8	0.0011461460843649	0.218262125098071	0.92661669039065	0.816772342739221	0.761497597568359	0.0004385825877939	0.0003124414586443	0.90827900331384	0.921812881266961
Megamonas	0.3	0.0010173103289732	0.248583964687098	1.08369764619911	0.821476262208804	0.48456525038588	0.0	0.0	0.90827900331384	0.743000050591683
Mediterraneibacter	1.0	0.0162199728702102	-0.128740195928898	0.630812845753699	0.840859425722364	0.570750388058174	0.013577904288475	0.0099897450988063	0.90827900331384	0.781384459841548
TM7x	0.85	0.0004814225531647	-0.142223183341212	0.724802906477396	0.846906027046094	0.909586409044347	0.0002982084268486	0.000187737776593	0.90827900331384	0.986815443774528
Lactococcus	0.8	0.0303729099375487	-0.344259394663428	1.82671644089957	0.852887186843732	0.969736042420041	0.0006915609295	0.0030334051687683	0.90827900331384	0.987015463311618
Eggerthella	0.85	0.0020431320872769	0.195418785002684	1.03768718565625	0.852992455286041	0.969804557772011	0.0005871178618753	0.0006315266246677	0.90827900331384	0.987015463311618
Erysipelotrichaceae UCG-003	0.75	0.0092675977248072	-0.222480174579672	1.29694509327019	0.865948648039097	0.423849042589673	0.0047632541685357	0.0025570805510043	0.909197424774682	0.735333577678757
Sellimonas	0.45	0.0002781952962573	0.138952561344704	0.833370979998929	0.869667101958392	0.341312428076588	1.4792899408284e-05	0.0	0.909197424774682	0.671881110691528
Agathobaculum	0.85	0.005412445999593	0.157821329619413	1.03629363977598	0.880858943155384	0.849883508700099	0.0028635798747064	0.0022738305835701	0.912601607773596	0.951413439773407
Monoglobus	0.75	0.00798374201902	-0.186350642173171	1.32518855037808	0.889923723809111	0.909038324456433	0.0066598011103942	0.0030237300423517	0.913760966411141	0.986815443774528
Intestinibacter	0.8	0.0017334238668052	-0.0980435491517861	0.920202192886656	0.916473897601405	0.239547042145027	0.0011516680612786	0.0005226020075247	0.926272077056122	0.590034723720206
NK4A214 group	0.6	0.0009484164377578	-0.110904453854809	1.06319125503811	0.918217537255634	0.754738331696203	0.0003408610576946	0.0001076860950329	0.926272077056122	0.921812881266961
norank_f_Saccharimonadaceae	0.65	0.0002042278403251	0.065463650902019	0.748822850178394	0.931420805793611	0.511496363968238	0.0001129997266343	7.03620102916939e-05	0.931420805793611	0.767437584316844
