donor_id	donor_number	age	gender	rb1_group	glycyrrhizic_acid_group	saikosaponin_d_group	Run	Experiment	BioSample	Sample	LibraryName	LibraryLayout	Model	spots	bases	size_MB	mapping_rule	mapping_status
D1	1	28	male	Middle	Middle	Middle	SRR34770971	SRX29904355	SAMN48763632	SRS26003807	D1.338F_806R.raw.fastq	PAIRED	Illumina MiSeq	74293	44724386	14	Supplement Donor 1 == SRA SampleName D1	verified_exact_alias
D2	2	24	female	Middle	High	Middle	SRR34770970	SRX29904356	SAMN48763633	SRS26003808	D2.338F_806R.raw.fastq	PAIRED	Illumina MiSeq	86825	52268650	17	Supplement Donor 2 == SRA SampleName D2	verified_exact_alias
D3	3	24	male	Middle	High	Middle	SRR34770940	SRX29904385	SAMN48763634	SRS26003837	D3.338F_806R.raw.fastq	PAIRED	Illumina MiSeq	67982	40925164	13	Supplement Donor 3 == SRA SampleName D3	verified_exact_alias
D4	4	30	female	Middle	High	Middle	SRR34770929	SRX29904396	SAMN48763635	SRS26003848	D4.338F_806R.raw.fastq	PAIRED	Illumina MiSeq	81154	48854708	16	Supplement Donor 4 == SRA SampleName D4	verified_exact_alias
D5	5	24	male	Middle	High	Middle	SRR34770965	SRX29904361	SAMN48763636	SRS26003813	D5.338F_806R.raw.fastq	PAIRED	Illumina MiSeq	71321	42935242	14	Supplement Donor 5 == SRA SampleName D5	verified_exact_alias
D6	6	24	female	Middle	High	High	SRR34770954	SRX29904372	SAMN48763637	SRS26003824	D6.338F_806R.raw.fastq	PAIRED	Illumina MiSeq	66524	40047448	12	Supplement Donor 6 == SRA SampleName D6	verified_exact_alias
D7	7	19	female	High	High	High	SRR34770953	SRX29904373	SAMN48763638	SRS26003825	D7.338F_806R.raw.fastq	PAIRED	Illumina MiSeq	68990	41531980	13	Supplement Donor 7 == SRA SampleName D7	verified_exact_alias
D8	8	23	female	High	Middle	Middle	SRR34770952	SRX29904374	SAMN48763639	SRS26003826	D8.338F_806R.raw.fastq	PAIRED	Illumina MiSeq	83379	50194158	16	Supplement Donor 8 == SRA SampleName D8	verified_exact_alias
D9	9	21	female	Middle	High	Middle	SRR34770951	SRX29904375	SAMN48763640	SRS26003827	D9.338F_806R.raw.fastq	PAIRED	Illumina MiSeq	75396	45388392	15	Supplement Donor 9 == SRA SampleName D9	verified_exact_alias
D10	10	26	female	Low	Low	Middle	SRR34770949	SRX29904376	SAMN48763641	SRS26003828	D10.338F_806R.raw.fastq	PAIRED	Illumina MiSeq	78179	47063758	15	Supplement Donor 10 == SRA SampleName D10	verified_exact_alias
D11	11	25	female	Middle	Middle	Middle	SRR34770969	SRX29904357	SAMN48763642	SRS26003809	D11.338F_806R.raw.fastq	PAIRED	Illumina MiSeq	81314	48951028	16	Supplement Donor 11 == SRA SampleName D11	verified_exact_alias
D12	12	21	male	High	High	Middle	SRR34770950	SRX29904358	SAMN48763643	SRS26003810	D12.338F_806R.raw.fastq	PAIRED	Illumina MiSeq	73624	44321648	14	Supplement Donor 12 == SRA SampleName D12	verified_exact_alias
D13	13	25	female	Low	Low	High	SRR34770948	SRX29904377	SAMN48763644	SRS26003829	D13.338F_806R.raw.fastq	PAIRED	Illumina MiSeq	68933	41497666	13	Supplement Donor 13 == SRA SampleName D13	verified_exact_alias
D14	14	24	female	Middle	High	Low	SRR34770947	SRX29904378	SAMN48763645	SRS26003830	D14.338F_806R.raw.fastq	PAIRED	Illumina MiSeq	78581	47305762	15	Supplement Donor 14 == SRA SampleName D14	verified_exact_alias
D15	15	19	female	Middle	Middle	Middle	SRR34770946	SRX29904379	SAMN48763646	SRS26003831	D15.338F_806R.raw.fastq	PAIRED	Illumina MiSeq	87100	52434200	17	Supplement Donor 15 == SRA SampleName D15	verified_exact_alias
D16	16	22	male	Middle	Middle	Middle	SRR34770945	SRX29904380	SAMN48763647	SRS26003832	D16.338F_806R.raw.fastq	PAIRED	Illumina MiSeq	82373	49588546	16	Supplement Donor 16 == SRA SampleName D16	verified_exact_alias
D17	17	24	female	High	Middle	High	SRR34770944	SRX29904381	SAMN48763648	SRS26003833	D17.338F_806R.raw.fastq	PAIRED	Illumina MiSeq	70354	42353108	13	Supplement Donor 17 == SRA SampleName D17	verified_exact_alias
D18	18	18	male	Middle	Middle	High	SRR34770943	SRX29904382	SAMN48763649	SRS26003834	D18.338F_806R.raw.fastq	PAIRED	Illumina MiSeq	70847	42649894	13	Supplement Donor 18 == SRA SampleName D18	verified_exact_alias
D19	19	30	male	High	Middle	High	SRR34770942	SRX29904383	SAMN48763650	SRS26003835	D19.338F_806R.raw.fastq	PAIRED	Illumina MiSeq	68572	41280344	13	Supplement Donor 19 == SRA SampleName D19	verified_exact_alias
D20	20	24	male	Low	Low	Middle	SRR34770941	SRX29904384	SAMN48763651	SRS26003836	D20.338F_806R.raw.fastq	PAIRED	Illumina MiSeq	71602	43104404	14	Supplement Donor 20 == SRA SampleName D20	verified_exact_alias
D21	21	25	female	Middle	Middle	Low	SRR34770939	SRX29904386	SAMN48763652	SRS26003838	D21.338F_806R.raw.fastq	PAIRED	Illumina MiSeq	73812	44434824	14	Supplement Donor 21 == SRA SampleName D21	verified_exact_alias
D22	22	22	female	Middle	Middle	Middle	SRR34770938	SRX29904387	SAMN48763653	SRS26003839	D22.338F_806R.raw.fastq	PAIRED	Illumina MiSeq	71099	42801598	14	Supplement Donor 22 == SRA SampleName D22	verified_exact_alias
D23	23	23	male	Low	Middle	Low	SRR34770937	SRX29904388	SAMN48763654	SRS26003840	D23.338F_806R.raw.fastq	PAIRED	Illumina MiSeq	66636	40114872	13	Supplement Donor 23 == SRA SampleName D23	verified_exact_alias
D24	24	29	male	Low	Low	Middle	SRR34770936	SRX29904389	SAMN48763655	SRS26003841	D24.338F_806R.raw.fastq	PAIRED	Illumina MiSeq	76291	45927182	14	Supplement Donor 24 == SRA SampleName D24	verified_exact_alias
D25	25	24	male	Middle	Middle	Middle	SRR34770935	SRX29904390	SAMN48763656	SRS26003842	D25.338F_806R.raw.fastq	PAIRED	Illumina MiSeq	67076	40379752	13	Supplement Donor 25 == SRA SampleName D25	verified_exact_alias
D26	26	27	female	Middle	Middle	Low	SRR34770934	SRX29904391	SAMN48763657	SRS26003843	D26.338F_806R.raw.fastq	PAIRED	Illumina MiSeq	64526	38844652	12	Supplement Donor 26 == SRA SampleName D26	verified_exact_alias
D27	27	23	female	High	Middle	Middle	SRR34770933	SRX29904392	SAMN48763658	SRS26003844	D27.338F_806R.raw.fastq	PAIRED	Illumina MiSeq	60074	36164548	11	Supplement Donor 27 == SRA SampleName D27	verified_exact_alias
D28	28	23	female	Middle	Middle	Middle	SRR34770932	SRX29904393	SAMN48763659	SRS26003845	D28.338F_806R.raw.fastq	PAIRED	Illumina MiSeq	74955	45122910	14	Supplement Donor 28 == SRA SampleName D28	verified_exact_alias
D29	29	25	male	High	Low	High	SRR34770931	SRX29904394	SAMN48763660	SRS26003846	D29.338F_806R.raw.fastq	PAIRED	Illumina MiSeq	63346	38134292	12	Supplement Donor 29 == SRA SampleName D29	verified_exact_alias
D30	30	26	female	Low	Low	Middle	SRR34770930	SRX29904395	SAMN48763661	SRS26003847	D30.338F_806R.raw.fastq	PAIRED	Illumina MiSeq	61252	36873704	12	Supplement Donor 30 == SRA SampleName D30	verified_exact_alias
D31	31	23	male	Middle	Middle	Middle	SRR34770928	SRX29904397	SAMN48763662	SRS26003849	D31.338F_806R.raw.fastq	PAIRED	Illumina MiSeq	67145	40421290	13	Supplement Donor 31 == SRA SampleName D31	verified_exact_alias
D32	32	20	male	Middle	Middle	Middle	SRR34770927	SRX29904398	SAMN48763663	SRS26003850	D32.338F_806R.raw.fastq	PAIRED	Illumina MiSeq	58035	34937070	11	Supplement Donor 32 == SRA SampleName D32	verified_exact_alias
D33	33	21	male	Middle	Middle	Low	SRR34770926	SRX29904399	SAMN48763664	SRS26003851	D33.338F_806R.raw.fastq	PAIRED	Illumina MiSeq	70857	42655914	14	Supplement Donor 33 == SRA SampleName D33	verified_exact_alias
D34	34	22	male	Middle	Middle	Low	SRR34770925	SRX29904400	SAMN48763665	SRS26003852	D34.338F_806R.raw.fastq	PAIRED	Illumina MiSeq	63511	38233622	12	Supplement Donor 34 == SRA SampleName D34	verified_exact_alias
D35	35	21	male	Middle	Low	High	SRR34770924	SRX29904401	SAMN48763666	SRS26003853	D35.338F_806R.raw.fastq	PAIRED	Illumina MiSeq	53217	32036634	10	Supplement Donor 35 == SRA SampleName D35	verified_exact_alias
D36	36	24	female	Middle	High	Middle	SRR34770923	SRX29904402	SAMN48763667	SRS26003854	D36.338F_806R.raw.fastq	PAIRED	Illumina MiSeq	58951	35488502	11	Supplement Donor 36 == SRA SampleName D36	verified_exact_alias
D37	37	23	male	Middle	Middle	Middle	SRR34770922	SRX29904403	SAMN48763668	SRS26003855	D37.338F_806R.raw.fastq	PAIRED	Illumina MiSeq	62075	37369150	12	Supplement Donor 37 == SRA SampleName D37	verified_exact_alias
D38	38	22	male	High	Middle	Low	SRR34770968	SRX29904404	SAMN48763669	SRS26003856	D38.338F_806R.raw.fastq	PAIRED	Illumina MiSeq	68734	41377868	13	Supplement Donor 38 == SRA SampleName D38	verified_exact_alias
D39	39	21	male	Low	Middle	Low	SRR34770967	SRX29904359	SAMN48763670	SRS26003811	D39.338F_806R.raw.fastq	PAIRED	Illumina MiSeq	61459	36998318	12	Supplement Donor 39 == SRA SampleName D39	verified_exact_alias
D40	40	22	male	High	Middle	High	SRR34770966	SRX29904360	SAMN48763671	SRS26003812	D40.338F_806R.raw.fastq	PAIRED	Illumina MiSeq	66306	39916212	13	Supplement Donor 40 == SRA SampleName D40	verified_exact_alias
D41	41	24	male	High	Low	High	SRR34770964	SRX29904362	SAMN48763672	SRS26003814	D41.338F_806R.raw.fastq	PAIRED	Illumina MiSeq	68196	41053992	13	Supplement Donor 41 == SRA SampleName D41	verified_exact_alias
D42	42	24	female	Low	Middle	Middle	SRR34770963	SRX29904363	SAMN48763673	SRS26003815	D42.338F_806R.raw.fastq	PAIRED	Illumina MiSeq	67484	40625368	12	Supplement Donor 42 == SRA SampleName D42	verified_exact_alias
D43	43	23	female	Low	Low	Middle	SRR34770962	SRX29904364	SAMN48763674	SRS26003816	D43.338F_806R.raw.fastq	PAIRED	Illumina MiSeq	64022	38541244	12	Supplement Donor 43 == SRA SampleName D43	verified_exact_alias
D44	44	27	female	Middle	Middle	Low	SRR34770961	SRX29904365	SAMN48763675	SRS26003817	D44.338F_806R.raw.fastq	PAIRED	Illumina MiSeq	67354	40547108	13	Supplement Donor 44 == SRA SampleName D44	verified_exact_alias
D45	45	25	male	Middle	Middle	Middle	SRR34770960	SRX29904366	SAMN48763676	SRS26003818	D45.338F_806R.raw.fastq	PAIRED	Illumina MiSeq	70174	42244748	14	Supplement Donor 45 == SRA SampleName D45	verified_exact_alias
D46	46	25	female	Middle	Middle	Low	SRR34770959	SRX29904367	SAMN48763677	SRS26003819	D46.338F_806R.raw.fastq	PAIRED	Illumina MiSeq	66965	40312930	13	Supplement Donor 46 == SRA SampleName D46	verified_exact_alias
D47	47	25	female	Low	Middle	Middle	SRR34770958	SRX29904368	SAMN48763678	SRS26003820	D47.338F_806R.raw.fastq	PAIRED	Illumina MiSeq	62569	37666538	12	Supplement Donor 47 == SRA SampleName D47	verified_exact_alias
D48	48	26	male	Middle	Low	Middle	SRR34770957	SRX29904369	SAMN48763679	SRS26003821	D48.338F_806R.raw.fastq	PAIRED	Illumina MiSeq	67584	40685568	13	Supplement Donor 48 == SRA SampleName D48	verified_exact_alias
D49	49	31	male	Middle	Middle	Middle	SRR34770956	SRX29904370	SAMN48763680	SRS26003822	D49.338F_806R.raw.fastq	PAIRED	Illumina MiSeq	58386	35148372	11	Supplement Donor 49 == SRA SampleName D49	verified_exact_alias
D50	50	20	female	Middle	Middle	Middle	SRR34770955	SRX29904371	SAMN48763681	SRS26003823	D50.338F_806R.raw.fastq	PAIRED	Illumina MiSeq	64184	38638768	12	Supplement Donor 50 == SRA SampleName D50	verified_exact_alias
