pathway_id	model	contrast	metric	n	estimate	SE	CI_lower	CI_upper	p_value	transformed_measure	transformed_estimate	transformed_CI_lower	transformed_CI_upper	model_converged	q_BH
PWY-5676	disease_no_metformin_full_DEU_FRA	T2D_vs_Control_among_No_metformin	detection	276	0.178969613441924	0.414493957200364	-0.633423614480275	0.991362841364124	0.665902346938111	OR	1.19598440176624	0.530771529736404	2.69490469840861	True	0.665902346938111
PWY-5676	disease_no_metformin_full_DEU_FRA	T2D_vs_Control_among_No_metformin	positive_abundance	176	0.325538175061794	0.300075502821479	-0.26681588105857	0.917892231182157	0.279522293649164	positive_abundance_ratio	1.25313181287809	0.831151927701981	1.88935294271517	True	0.410781696023202
PWY-5676	disease_no_metformin_minimal_all	T2D_vs_Control_among_No_metformin	detection	374	0.750275363855234	0.24389874733743	0.272242603199437	1.22830812451103	0.0020967435522407	OR	2.11758304216718	1.31290547774731	3.41544613567152	True	0.0041934871044814
PWY-5676	disease_no_metformin_minimal_all	T2D_vs_Control_among_No_metformin	positive_abundance	218	0.520383974236757	0.177234430920162	0.171025864745948	0.869742083727567	0.0036882844771369	positive_abundance_ratio	1.4343369469434	1.12585877043713	1.82733619117089	True	0.0073765689542739
PWY-5676	disease_metformin_adjusted_full_DEU_FRA	T2D_vs_Control_adjusted_for_metformin	detection	656	0.625021754180539	0.316229795296769	0.0052227445603969	1.24482076380068	0.0481004786712105	OR	1.86828660003414	1.00523640686532	3.47231237948466	True	0.096200957342421
PWY-5676	disease_metformin_adjusted_full_DEU_FRA	T2D_vs_Control_adjusted_for_metformin	positive_abundance	454	0.382321636754771	0.230360240327363	-0.0704019419816955	0.835045215491238	0.0976825088737655	positive_abundance_ratio	1.30343770747404	0.952372625349618	1.78391294756239	True	0.195365017747531
PWY-5676	disease_metformin_adjusted_minimal_all	T2D_vs_Control_adjusted_for_metformin	detection	784	0.647803288744721	0.232114546337282	0.192867137635796	1.10273943985365	0.0052565345894397	OR	1.91133755729226	1.21272165774835	3.01240703880793	True	0.0105130691788795
PWY-5676	disease_metformin_adjusted_minimal_all	T2D_vs_Control_adjusted_for_metformin	positive_abundance	519	0.512869584566319	0.168917256037383	0.181014905697084	0.844724263435554	0.0025174316079746	positive_abundance_ratio	1.42688551358929	1.13368112573208	1.79592146563808	True	0.0050348632159493
PWY-5676	within_T2D_metformin_full_DEU_FRA	Metformin_vs_No_metformin_within_T2D	detection	503	0.0420122061987654	0.234409468776915	-0.417421910239155	0.501446322636686	0.857760467770775	OR	1.04290720860575	0.658742930917511	1.6511075788653	True	0.857760467770775
PWY-5676	within_T2D_metformin_full_DEU_FRA	Metformin_vs_No_metformin_within_T2D	positive_abundance	366	0.309017226604173	0.158508200968993	-0.002701111671509	0.620735564879854	0.0520077403890388	positive_abundance_ratio	1.23886349043444	0.998129483660809	1.53765896414794	True	0.0621723079431219
PWY-5676	within_T2D_metformin_minimal_all	Metformin_vs_No_metformin_within_T2D	detection	550	0.148682756318728	0.216877503954941	-0.2763893404899	0.573754853127356	0.492989988184599	OR	1.16030483143819	0.758517551668288	1.77491911544792	True	0.700042383652382
PWY-5676	within_T2D_metformin_minimal_all	Metformin_vs_No_metformin_within_T2D	positive_abundance	399	0.259229899104422	0.147455066345411	-0.0306672333857658	0.54912703159461	0.0795194601951261	positive_abundance_ratio	1.1968396691236	0.978967429304535	1.46320005212582	True	0.0795194601951261
CENTFERM-PWY	disease_no_metformin_full_DEU_FRA	T2D_vs_Control_among_No_metformin	detection	276	-0.200903353880063	0.393397712375969	-0.971948701737409	0.570141993977283	0.609569788754804	OR	0.817991483436785	0.378345037633366	1.76851815253227	True	0.665902346938111
CENTFERM-PWY	disease_no_metformin_full_DEU_FRA	T2D_vs_Control_among_No_metformin	positive_abundance	173	-0.187318738295454	0.227166436573542	-0.635806836434153	0.261169359843244	0.410781696023202	positive_abundance_ratio	0.878236415791327	0.643580787416538	1.19844970064775	True	0.410781696023202
CENTFERM-PWY	disease_no_metformin_minimal_all	T2D_vs_Control_among_No_metformin	detection	374	0.110514216335121	0.237691639244578	-0.355352836010539	0.576381268680781	0.641968803729977	OR	1.11685222648479	0.700926087608722	1.77958691772983	True	0.641968803729977
CENTFERM-PWY	disease_no_metformin_minimal_all	T2D_vs_Control_among_No_metformin	positive_abundance	229	-0.0016052782392513	0.121854893337793	-0.241733866714665	0.238523310236162	0.989500948005232	positive_abundance_ratio	0.998887924728974	0.845728284093226	1.17978445907027	True	0.989500948005232
CENTFERM-PWY	disease_metformin_adjusted_full_DEU_FRA	T2D_vs_Control_adjusted_for_metformin	detection	656	0.300183470085198	0.30433425764836	-0.296300714167322	0.896667654337718	0.323955951715327	OR	1.35010648900681	0.743563794229708	2.45142050460727	True	0.323955951715327
CENTFERM-PWY	disease_metformin_adjusted_full_DEU_FRA	T2D_vs_Control_adjusted_for_metformin	positive_abundance	404	-0.0221256277203549	0.163515147496001	-0.343589446525209	0.299338191084499	0.892433457354194	positive_abundance_ratio	0.984780685936689	0.788078120672288	1.23057977877451	True	0.892433457354194
CENTFERM-PWY	disease_metformin_adjusted_minimal_all	T2D_vs_Control_adjusted_for_metformin	detection	784	0.155589523259206	0.226510410378486	-0.288362723206013	0.599541769724426	0.492147075829788	OR	1.16834652557444	0.749489685626959	1.82128404166094	True	0.492147075829788
CENTFERM-PWY	disease_metformin_adjusted_minimal_all	T2D_vs_Control_adjusted_for_metformin	positive_abundance	482	0.0156123583503159	0.116041822859984	-0.212405208416918	0.24362992511755	0.893031828159793	positive_abundance_ratio	1.01088042814904	0.863097107244145	1.18396786576848	True	0.893031828159793
CENTFERM-PWY	within_T2D_metformin_full_DEU_FRA	Metformin_vs_No_metformin_within_T2D	detection	503	-0.176993273474702	0.217925819959459	-0.604120031896601	0.250133484947197	0.416692879390513	OR	0.837785419888862	0.546555166203954	1.28419682619273	True	0.833385758781026
CENTFERM-PWY	within_T2D_metformin_full_DEU_FRA	Metformin_vs_No_metformin_within_T2D	positive_abundance	309	-0.216210011910071	0.115497924537704	-0.443489611055718	0.0110695872355759	0.0621723079431219	positive_abundance_ratio	0.860823869807349	0.73535377171168	1.00770236495182	True	0.0621723079431219
CENTFERM-PWY	within_T2D_metformin_minimal_all	Metformin_vs_No_metformin_within_T2D	detection	550	-0.0783831194229146	0.203453401549648	-0.477144458992389	0.32037822014656	0.700042383652382	OR	0.924610122580924	0.620552878374618	1.37764872031263	True	0.700042383652382
CENTFERM-PWY	within_T2D_metformin_minimal_all	Metformin_vs_No_metformin_within_T2D	positive_abundance	342	-0.192562244298147	0.105893933827669	-0.400858607312059	0.0157341187157644	0.0698837838018955	positive_abundance_ratio	0.87505024036088	0.757407384726069	1.0109657478882	True	0.0795194601951261
