pathway_id,omitted_cohort,k,pooled_beta_t2d_sd,se_hk_modified,ci95_low,ci95_high,p_value,tau2_reml,Q_fixed,I2,direction_concordant_all,n_positive_direction,cohorts
3-HYDROXYPHENYLACETATE-DEGRADATION-PWY,KarlssonFH_2013,2,0.016384559637785134,0.1084380490838441,-1.3614514932128987,1.394220612488469,0.9045314197664461,0.00763163004931089,1.4756281878479915,32.23225144144423,False,1,MetaCardis|QinJ_2012
3-HYDROXYPHENYLACETATE-DEGRADATION-PWY,MetaCardis,2,-0.10444492449657347,0.10341336236055498,-1.418436279106007,1.20954643011286,0.49684060005152997,4.0346959411823265e-06,0.1290642200000802,0.0,True,0,KarlssonFH_2013|QinJ_2012
3-HYDROXYPHENYLACETATE-DEGRADATION-PWY,QinJ_2012,2,0.02506863354486648,0.14596035407854704,-1.8295335087417033,1.8796707758314362,0.8917172612311278,0.015208093474526103,1.4886441593987025,32.82477926733526,False,1,MetaCardis|KarlssonFH_2013
ANAEROFRUCAT-PWY,KarlssonFH_2013,2,0.16732660381639106,0.0881022291333208,-0.9521183572649577,1.2867715648977398,0.3085342711617024,4.0346959411823265e-06,0.14761701891600854,0.0,True,2,MetaCardis|QinJ_2012
ANAEROFRUCAT-PWY,MetaCardis,2,0.23935643722813882,0.10426743863009634,-1.0854869853223956,1.564199859778673,0.2615411196012092,4.0346959411823265e-06,0.5734309617257658,0.0,True,2,KarlssonFH_2013|QinJ_2012
ANAEROFRUCAT-PWY,QinJ_2012,2,0.19702995250292557,0.11379642731044397,-1.248890751148797,1.642950656154648,0.33343299799482623,4.0346959411823265e-06,0.9994828773019593,0.0,True,2,MetaCardis|KarlssonFH_2013
ARGDEG-PWY,KarlssonFH_2013,2,0.2537706927017259,0.22633543155152855,-2.6220936396424492,3.1296350250459013,0.46366041861403273,0.08741314989264573,6.8104426867244605,85.31666668380763,True,2,MetaCardis|QinJ_2012
ARGDEG-PWY,MetaCardis,2,-0.05200593112647155,0.1285623585687303,-1.6855455804662618,1.5815337182133187,0.7552858535880204,0.008381107396873168,1.2578136871824062,20.496969448625375,False,1,KarlssonFH_2013|QinJ_2012
ARGDEG-PWY,QinJ_2012,2,0.13538486988545106,0.3685697437070889,-4.547737753216255,4.818507492987157,0.7758939519586487,0.2398609739867992,8.280827296368932,87.9239118965989,False,1,MetaCardis|KarlssonFH_2013
CENTFERM-PWY,KarlssonFH_2013,2,-0.15605778321083746,0.09695862320805713,-1.3880339006300306,1.0759183342083558,0.3539184857041475,0.003798089362674229,1.2528503074939925,20.182004664208854,True,0,MetaCardis|QinJ_2012
CENTFERM-PWY,MetaCardis,2,-0.25189716276114377,0.10553606571896361,-1.592860020836683,1.0890656953143956,0.2525774721869089,4.0346959411823265e-06,0.0016877982691007967,0.0,True,0,KarlssonFH_2013|QinJ_2012
CENTFERM-PWY,QinJ_2012,2,-0.1045884866151343,0.1092775212074275,-1.4930910441383802,1.2839140709081116,0.5139557191684571,4.0346959411823265e-06,0.6384899634440807,0.0,True,0,MetaCardis|KarlssonFH_2013
FERMENTATION-PWY,KarlssonFH_2013,2,0.3820017416094652,0.29290953096570777,-3.339766728017719,4.103770211236649,0.4164455818692261,0.15705900589230648,11.80665599882488,91.53020126867818,True,2,MetaCardis|QinJ_2012
FERMENTATION-PWY,MetaCardis,2,0.09671913368235256,0.10826871562872145,-1.2789653336188591,1.4724036009835642,0.5358310341277391,4.0346959411823265e-06,0.019735475505150108,0.0,True,2,KarlssonFH_2013|QinJ_2012
FERMENTATION-PWY,QinJ_2012,2,0.4565948528546216,0.26702798014428053,-2.936317333145798,3.849507038855041,0.3368905945314743,0.10429018633954563,3.3743384225166295,70.36456114398312,True,2,MetaCardis|KarlssonFH_2013
HCAMHPDEG-PWY,KarlssonFH_2013,2,0.30449155778922643,0.2433592552980154,-2.787680964470363,3.396664080048816,0.4292550085352227,0.10305859699217387,7.696678120239294,87.0073818291766,True,2,MetaCardis|QinJ_2012
HCAMHPDEG-PWY,MetaCardis,2,-0.03005155525219208,0.1363109884817785,-1.7620468826920201,1.701943772187636,0.8618585591483358,0.011854699364251629,1.3768277449237267,27.36927304908445,False,1,KarlssonFH_2013|QinJ_2012
HCAMHPDEG-PWY,QinJ_2012,2,0.17842703934268545,0.3899741051959394,-4.776663783083448,5.133517861768819,0.7268246472443313,0.273294661503853,9.618540818511821,89.60341262912351,False,1,MetaCardis|KarlssonFH_2013
METH-ACETATE-PWY,KarlssonFH_2013,2,0.03633258752526186,0.11587206398422517,-1.4359615806614372,1.5086267557119608,0.8065641947296786,0.010882659960527782,1.6812787856481628,40.52146446286823,False,1,MetaCardis|QinJ_2012
METH-ACETATE-PWY,MetaCardis,2,0.24040768733353787,0.13418801293439686,-1.4646126781513666,1.9454280528184424,0.3240986824732724,0.010370603006271469,1.3255100756695937,24.557344500392368,True,2,KarlssonFH_2013|QinJ_2012
METH-ACETATE-PWY,QinJ_2012,2,0.1498648530731218,0.2594084722749786,-3.146232305951053,3.4459620120972967,0.666491283007497,0.10426080377098887,4.240578284315532,76.41831059460304,False,1,MetaCardis|KarlssonFH_2013
P108-PWY,KarlssonFH_2013,2,0.25856964776292873,0.08825901488572832,-0.8628674651882253,1.3800067607140827,0.20940664219674152,4.0346959411823265e-06,0.07177059541179075,0.0,True,2,MetaCardis|QinJ_2012
P108-PWY,MetaCardis,2,-0.033127691022621523,0.33966805173905695,-4.349019498756658,4.282764116711415,0.9381064737857564,0.1992439471536169,7.073292382797153,85.86231211886441,False,1,KarlssonFH_2013|QinJ_2012
P108-PWY,QinJ_2012,2,-0.05510315233498389,0.31581511270672996,-4.067914633164781,3.9577083284948134,0.8900301422736261,0.1679999383168555,6.097708169724682,83.60039588373493,False,1,MetaCardis|KarlssonFH_2013
P122-PWY,KarlssonFH_2013,2,0.12294306364867556,0.1319913629552106,-1.5541662174669746,1.8000523447643255,0.5225858442599887,0.019472174014354467,2.2625909103438238,55.80288087305894,False,1,MetaCardis|QinJ_2012
P122-PWY,MetaCardis,2,0.0012568136699654764,0.103226607942173,-1.3103616010641215,1.3128752284040526,0.992249353956741,4.0346959411823265e-06,0.00833261448000505,0.0,False,1,KarlssonFH_2013|QinJ_2012
P122-PWY,QinJ_2012,2,0.19292940509869072,0.11006462463253394,-1.205574249692502,1.5914330598898834,0.3300488833436588,4.0346959411823265e-06,0.9706456567122836,0.0,True,2,MetaCardis|KarlssonFH_2013
P163-PWY,KarlssonFH_2013,2,0.04267066860662428,0.14859538591555818,-1.8454127276873475,1.930754064900596,0.8219782817691976,0.03144946407207881,3.463636093379379,71.12860667113773,False,1,MetaCardis|QinJ_2012
P163-PWY,MetaCardis,2,0.1183560830422998,0.13185685631083258,-1.5570441291115071,1.7937562951961068,0.5343169015234901,0.009192878222776998,1.2555033035383787,20.35066756242656,False,1,KarlssonFH_2013|QinJ_2012
P163-PWY,QinJ_2012,2,-0.10135819514467398,0.0969483311529757,-1.3332035396048465,1.1304871493154984,0.48584542810920756,4.0346959411823265e-06,0.00014873028128430373,0.0,True,0,MetaCardis|KarlssonFH_2013
P461-PWY,KarlssonFH_2013,2,0.3397951684343781,0.30448918630920135,-3.529106772761575,4.208697109630331,0.46514888442427066,0.1700435639940086,12.053354773787536,91.70355458071555,True,2,MetaCardis|QinJ_2012
P461-PWY,MetaCardis,2,0.03244736083040264,0.10793613860733245,-1.3390113147464933,1.4039060364072984,0.8140929596374058,4.0346959411823265e-06,0.0024306154367575157,0.0,True,2,KarlssonFH_2013|QinJ_2012
P461-PWY,QinJ_2012,2,0.3604332928738583,0.30957167504489236,-3.5730477907670863,4.293914376514803,0.4517652409647276,0.1610157606548925,6.018645363593239,83.3849655597089,True,2,MetaCardis|KarlssonFH_2013
PROPFERM-PWY,KarlssonFH_2013,2,-0.08694873980327499,0.08969340770558547,-1.2266115415956327,1.052714061989083,0.5098910100597372,4.0346959411823265e-06,0.07770393156259803,0.0,True,0,MetaCardis|QinJ_2012
PROPFERM-PWY,MetaCardis,2,0.0737668257606375,0.21269000909903002,-2.6287159751904965,2.776249626711772,0.7874669779375492,0.06444859080129532,3.284874010879359,69.55743213626934,False,1,KarlssonFH_2013|QinJ_2012
PROPFERM-PWY,QinJ_2012,2,0.10114197673352306,0.18741850812823208,-2.2802359588922148,2.482519912359261,0.6849567587400072,0.0414928210599333,2.352868715559897,57.498691134492965,False,1,MetaCardis|KarlssonFH_2013
PWY-5022,KarlssonFH_2013,2,0.21551732116531486,0.10625942539935866,-1.1346366931072178,1.5656713354378473,0.29161449608331863,0.007581319388348132,1.5052897878332319,33.56760883634002,True,2,MetaCardis|QinJ_2012
PWY-5022,MetaCardis,2,0.0857335070338643,0.1059294261706216,-1.2602274694755553,1.4316944835432839,0.5668353049587908,4.0346959411823265e-06,0.1902710251237462,0.0,True,2,KarlssonFH_2013|QinJ_2012
PWY-5022,QinJ_2012,2,0.21385122276527457,0.15265679786945072,-1.7258373053328029,2.1535397508633523,0.3946776054196975,0.019958632243123962,1.6259051272685336,38.49579638881104,True,2,MetaCardis|KarlssonFH_2013
PWY-5088,KarlssonFH_2013,2,0.17791995352241988,0.14426068085919688,-1.6550857928544935,2.0109256998993335,0.4337306392740458,0.02704388972147917,2.8525085831837638,64.94313791393145,True,2,MetaCardis|QinJ_2012
PWY-5088,MetaCardis,2,0.07819365601225499,0.10684961450534855,-1.2794594218740452,1.435846733898555,0.5978105251747393,4.0346959411823265e-06,0.5561857821388076,0.0,True,2,KarlssonFH_2013|QinJ_2012
PWY-5088,QinJ_2012,2,0.2931373790744191,0.10198243244959557,-1.0026722871232479,1.5889470452720862,0.2131419447343242,4.0346959411823265e-06,0.20417042977451777,0.0,True,2,MetaCardis|KarlssonFH_2013
PWY-5100,KarlssonFH_2013,2,-0.17089141978239258,0.09006637966110777,-1.3152932796024681,0.9735104400376831,0.30878847487099814,4.0346959411823265e-06,0.07838418206385747,0.0,True,0,MetaCardis|QinJ_2012
PWY-5100,MetaCardis,2,0.09505794964625448,0.2715750509028355,-3.3556302483622376,3.545746147654747,0.7856521992071228,0.11819068224019084,4.798121564351348,79.15851054233994,False,1,KarlssonFH_2013|QinJ_2012
PWY-5100,QinJ_2012,2,0.07507773275047074,0.2975565680534876,-3.7057369415306414,3.855892407031583,0.842655922764278,0.14549523924678934,5.4357347367787545,81.6032229602027,False,1,MetaCardis|KarlssonFH_2013
PWY-5676,KarlssonFH_2013,2,0.14300049998165978,0.26843681119642265,-3.267812581805958,3.5538135817692775,0.6883896867080664,0.12788298870358428,8.877545166115684,88.73562475562663,False,1,MetaCardis|QinJ_2012
PWY-5676,MetaCardis,2,-0.10614139556923563,0.10940303015796453,-1.4962386955142275,1.2839559043757562,0.5096326434705272,4.0346959411823265e-06,0.08669019039689439,0.0,True,0,KarlssonFH_2013|QinJ_2012
PWY-5676,QinJ_2012,2,0.20938582703211403,0.23016397549706855,-2.7151247685255346,3.1338964225897628,0.5300715422426283,0.07760518198850902,3.5702152980882036,71.99048470450829,False,1,MetaCardis|KarlssonFH_2013
PWY-5677,KarlssonFH_2013,2,0.18413688657915628,0.08163150420183019,-0.8530897187312029,1.2213634918895155,0.2656516874337234,4.0346959411823265e-06,0.011410794375707786,0.0,True,2,MetaCardis|QinJ_2012
PWY-5677,MetaCardis,2,0.18474085892890954,0.10703025392986042,-1.175207460468663,1.544689178326482,0.33428895197212655,4.0346959411823265e-06,0.030446308426412206,0.0,True,2,KarlssonFH_2013|QinJ_2012
PWY-5677,QinJ_2012,2,0.19718604223623745,0.09819750478407259,-1.0505315581316828,1.4449036426041577,0.2941448688877518,4.0346959411823265e-06,0.011569485559333906,0.0,True,2,MetaCardis|KarlssonFH_2013
PWY-6588,KarlssonFH_2013,2,0.41434984777187994,0.1364289273091046,-1.3191440345542982,2.147843730098058,0.2024962053248255,0.022776872317735536,2.57658234277535,61.18889804535197,True,2,MetaCardis|QinJ_2012
PWY-6588,MetaCardis,2,0.0988889307735672,0.21766967019258057,-2.666866463548984,2.864644325096118,0.728526140583848,0.0653847576529046,2.9869656951709542,66.52120907793798,False,1,KarlssonFH_2013|QinJ_2012
PWY-6588,QinJ_2012,2,0.21906779398953272,0.357191626670422,-4.3194821445321265,4.757617732511192,0.6497661967636607,0.22341982875552996,7.753838038114049,87.10316110441703,False,1,MetaCardis|KarlssonFH_2013
PWY-6590,KarlssonFH_2013,2,-0.1552517075479441,0.10304582363549132,-1.4645730398682462,1.154069624772358,0.373039761881226,0.006250392331898665,1.4163616363078964,29.39656268813154,True,0,MetaCardis|QinJ_2012
PWY-6590,MetaCardis,2,-0.25595793946757756,0.10554456763861952,-1.5970288246749154,1.0851129457397604,0.24898735573596048,4.0346959411823265e-06,0.00041009112158963687,0.0,True,0,KarlssonFH_2013|QinJ_2012
PWY-6590,QinJ_2012,2,-0.09879056026222295,0.1095753022634645,-1.4910767848500293,1.2934956643255833,0.5329212218289275,4.0346959411823265e-06,0.6737478119288707,0.0,True,0,MetaCardis|KarlssonFH_2013
PWY-7111,KarlssonFH_2013,2,-0.08392396442083068,0.24125271399551182,-3.149330341605602,2.9814824127639405,0.7868764252675099,0.1058205300148097,10.928098736736036,90.84927740780391,False,1,MetaCardis|QinJ_2012
PWY-7111,MetaCardis,2,-0.026205518297557996,0.32885359047504664,-4.204686567099649,4.152275530504533,0.9493763403277051,0.1876515486583133,7.285365280187381,86.27385228411939,False,1,KarlssonFH_2013|QinJ_2012
PWY-7111,QinJ_2012,2,0.17675602337897772,0.08140407177830943,-0.8575807789944823,1.2110928257524378,0.2747576588756233,4.0346959411823265e-06,0.5809862111178324,0.0,True,2,MetaCardis|KarlssonFH_2013
PWY-7218,KarlssonFH_2013,2,0.004713009164406947,0.08325167876960403,-1.05309986591243,1.062525884241244,0.9639983755010755,4.0346959411823265e-06,0.31611700457159664,0.0,False,1,MetaCardis|QinJ_2012
PWY-7218,MetaCardis,2,0.13806838154162013,0.11815326575512018,-1.3632112033905952,1.6393479664738355,0.4506172983575956,0.006193194045433171,1.245829210299775,19.732175828548993,True,2,KarlssonFH_2013|QinJ_2012
PWY-7218,QinJ_2012,2,0.10006988719361813,0.169025585121769,-2.047603803015302,2.247743577402538,0.6596975035255058,0.03493618680247711,2.434676860152404,58.926787518841294,False,1,MetaCardis|KarlssonFH_2013
PWY-7254,KarlssonFH_2013,2,0.36258532958917167,0.32013741463671963,-3.705146204494637,4.43031686367298,0.46046939715100527,0.1902962328612246,13.96312450735343,92.83827914394541,True,2,MetaCardis|QinJ_2012
PWY-7254,MetaCardis,2,0.006753185091940295,0.1059761245024221,-1.3398011499821745,1.353307520166055,0.9594870444642872,4.0346959411823265e-06,0.3899834182581045,0.0,False,1,KarlssonFH_2013|QinJ_2012
PWY-7254,QinJ_2012,2,0.30551873589259415,0.39847051095399727,-4.757529157617037,5.368566629402225,0.5835731745550357,0.28640655976484236,9.926382901569237,89.9258369346007,False,1,MetaCardis|KarlssonFH_2013
PWY0-1277,KarlssonFH_2013,2,0.2686616060756505,0.22547771058901003,-2.596304348112256,3.1336275602635566,0.4445054229465195,0.08639686660779071,6.6527881475252775,84.96870818933287,True,2,MetaCardis|QinJ_2012
PWY0-1277,MetaCardis,2,-0.026037284767834578,0.11629264852402538,-1.5036754862261048,1.4516009166904358,0.8597768774724333,0.003289633995021713,1.1044057816296016,9.453570722488072,False,1,KarlssonFH_2013|QinJ_2012
PWY0-1277,QinJ_2012,2,0.15989383772829027,0.35665897146883385,-4.371888074748202,4.691675750204783,0.7316980236828469,0.22373687019626648,8.057006272103884,87.58844208099549,False,1,MetaCardis|KarlssonFH_2013
PWY0-321,KarlssonFH_2013,2,0.030938932942820623,0.0852141892987674,-1.0518100027144646,1.113687868600106,0.7782825563920803,4.0346959411823265e-06,0.8910458085280522,0.0,False,1,MetaCardis|QinJ_2012
PWY0-321,MetaCardis,2,-0.10707237931926687,0.11071643745934961,-1.5138581013376444,1.2997133426991105,0.5106509739178867,0.0027810818092295214,1.092237377490985,8.444810568822191,True,0,KarlssonFH_2013|QinJ_2012
PWY0-321,QinJ_2012,2,-0.05409830255889566,0.20565244594411672,-2.6671603852199417,2.5589637801021508,0.8362427455384431,0.05609633036177205,2.794511454963037,64.21556983693857,False,1,MetaCardis|KarlssonFH_2013
PWY4LZ-257,KarlssonFH_2013,2,0.33993298848235654,0.3141502993334877,-3.651725032779503,4.331591009744216,0.47491867354722683,0.18248494405109267,13.250691896935164,92.45322427101867,True,2,MetaCardis|QinJ_2012
PWY4LZ-257,MetaCardis,2,0.07053735301071216,0.10747233578053342,-1.2950281488916586,1.4361028549130828,0.6302432807786388,4.0346959411823265e-06,0.6023641193041773,0.0,True,2,KarlssonFH_2013|QinJ_2012
PWY4LZ-257,QinJ_2012,2,0.48316378827932727,0.20962183004449295,-2.180334101437616,3.1466616779962706,0.26059703084176167,0.058244491122375355,2.7469993170239406,63.59664184105493,True,2,MetaCardis|KarlssonFH_2013
