cohort,pathway_id,model,n,n_t2d,n_control,beta_t2d_sd,se,ci95_low,ci95_high,p_value,covariates_used,status
MetaCardis,FERMENTATION-PWY,unadjusted,834,550,284,0.7255978492340519,0.0662341619423243,0.5957788918270963,0.8554168066410075,6.285105921822784e-28,,ok
MetaCardis,PWY-7218,unadjusted,834,550,284,-0.1485288237248368,0.06219359828774118,-0.2704282763688095,-0.026629371080864092,0.016932553178407833,,ok
MetaCardis,PROPFERM-PWY,unadjusted,834,550,284,-0.01626180380448225,0.06842925137553059,-0.1503831365005222,0.11785952889155771,0.8121571892432323,,ok
MetaCardis,P163-PWY,unadjusted,834,550,284,-0.014938799044285309,0.0714946018797903,-0.1550682187286743,0.1251906206401037,0.8344872495485993,,ok
MetaCardis,P461-PWY,unadjusted,834,550,284,0.7081566786082224,0.06317231506231194,0.584338941086091,0.8319744161303538,3.645174479319234e-29,,ok
MetaCardis,PWY-7254,unadjusted,834,550,284,0.7312128524282965,0.06038684200425765,0.6128546420999514,0.8495710627566415,9.485930919989683e-34,,ok
MetaCardis,PWY-5676,unadjusted,834,550,284,0.5370534435898177,0.06892576271279405,0.4019589486727413,0.672147938506894,6.607880488463483e-15,,ok
MetaCardis,PWY4LZ-257,unadjusted,834,550,284,0.7294197569820587,0.05896409036760625,0.6138501398615505,0.844989374102567,3.771076844210854e-35,,ok
MetaCardis,PWY0-321,unadjusted,834,550,284,0.1258049282795577,0.059818668315877475,0.008560338380437849,0.24304951817867754,0.035456609747135444,,ok
MetaCardis,PWY-5022,unadjusted,834,550,284,0.5644334297264212,0.06772625627820698,0.4316899674211355,0.6971768920317069,7.812852736549183e-17,,ok
MetaCardis,PWY-7111,unadjusted,834,550,284,0.29661971025424555,0.07733802789395847,0.14503717558208695,0.44820224492640415,0.00012537700310819334,,ok
MetaCardis,PWY-5677,unadjusted,834,550,284,0.20633011749816413,0.06132776712337301,0.08612769393635303,0.3265325410599752,0.00076714910812794,,ok
MetaCardis,ANAEROFRUCAT-PWY,unadjusted,834,550,284,0.2355201203997259,0.07936155458525401,0.07997147341262803,0.3910687673868237,0.0030005134502195416,,ok
MetaCardis,PWY-5088,unadjusted,834,550,284,0.3087501156453627,0.0573553276922951,0.1963336733684643,0.4211665579222611,7.320921693371001e-08,,ok
MetaCardis,3-HYDROXYPHENYLACETATE-DEGRADATION-PWY,unadjusted,834,550,284,0.2907870028821905,0.05863208180341251,0.17586812254750198,0.40570588321687906,7.06674451300521e-07,,ok
MetaCardis,PWY-6588,unadjusted,834,550,284,0.50682339481505,0.06394937717005784,0.3814826155617366,0.6321641740683634,2.2744168919461634e-15,,ok
MetaCardis,METH-ACETATE-PWY,unadjusted,834,550,284,0.008055925255238818,0.07328064881627713,-0.13557414642466437,0.151685996935142,0.9124629039062533,,ok
MetaCardis,CENTFERM-PWY,unadjusted,834,550,284,-0.051395138708159906,0.07385940925758012,-0.19615958085301693,0.09336930343669714,0.4865221895261511,,ok
MetaCardis,PWY-6590,unadjusted,834,550,284,-0.0463327882835044,0.07382589275165445,-0.1910315380767471,0.09836596150973831,0.5302690442591931,,ok
MetaCardis,P108-PWY,unadjusted,834,550,284,0.23524846987244208,0.0768360944097187,0.08464972482939342,0.38584721491549073,0.0022008965341753953,,ok
MetaCardis,ARGDEG-PWY,unadjusted,834,550,284,0.572926995587226,0.05537336406803877,0.4643952020138701,0.681458789160582,4.3353447840382035e-25,,ok
MetaCardis,HCAMHPDEG-PWY,unadjusted,834,550,284,0.5288471554315519,0.05671274399790576,0.4176901771956566,0.6400041336674472,1.1096850539435625e-20,,ok
MetaCardis,PWY-5100,unadjusted,834,550,284,0.029954911896883953,0.0721325772152301,-0.11142493944496704,0.17133476323873495,0.6779400331532142,,ok
MetaCardis,PWY0-1277,unadjusted,834,550,284,0.5302733297150102,0.05626161291595784,0.4200005683997328,0.6405460910302876,4.29550259059484e-21,,ok
MetaCardis,P122-PWY,unadjusted,834,550,284,0.450732079679789,0.05945722382084641,0.33419592099093004,0.5672682383686479,3.4348599776444714e-14,,ok
MetaCardis,FERMENTATION-PWY,primary_age_sex_BMI,687,503,184,0.6758758924885189,0.1228731763659886,0.43504446681118125,0.9167073181658565,3.785062749206071e-08,age|sex|BMI,ok
MetaCardis,PWY-7218,primary_age_sex_BMI,687,503,184,-0.03931880791397004,0.11428806326363825,-0.26332341191070097,0.1846857960827609,0.7308218461586085,age|sex|BMI,ok
MetaCardis,PROPFERM-PWY,primary_age_sex_BMI,687,503,184,-0.05787831817276162,0.13754744904164437,-0.3274713182943846,0.21171468194886134,0.6739098834295913,age|sex|BMI,ok
MetaCardis,P163-PWY,primary_age_sex_BMI,687,503,184,-0.10083643224973743,0.1059507563501897,-0.30849991469610927,0.10682705019663438,0.3412343189374407,age|sex|BMI,ok
MetaCardis,P461-PWY,primary_age_sex_BMI,687,503,184,0.6444074458550992,0.12433521551809877,0.40071042343962565,0.8881044682705728,2.1855213127564645e-07,age|sex|BMI,ok
MetaCardis,PWY-7254,primary_age_sex_BMI,687,503,184,0.6829476487878902,0.1217532185442606,0.4443113404411394,0.9215839571346409,2.031724476946586e-08,age|sex|BMI,ok
MetaCardis,PWY-5676,primary_age_sex_BMI,687,503,184,0.41113999812888674,0.12678425821502712,0.1626428520274336,0.6596371442303399,0.0011834814202206535,age|sex|BMI,ok
MetaCardis,PWY4LZ-257,primary_age_sex_BMI,687,503,184,0.6541332969597621,0.12217749916261549,0.41466539860103574,0.8936011953184884,8.605046065171064e-08,age|sex|BMI,ok
MetaCardis,PWY0-321,primary_age_sex_BMI,687,503,184,0.11767614675000328,0.12531173426205244,-0.12793485240361951,0.36328714590362604,0.34769621325822353,age|sex|BMI,ok
MetaCardis,PWY-5022,primary_age_sex_BMI,687,503,184,0.3236778255546512,0.12412522332214636,0.08039238784324432,0.5669632632660581,0.009116035293377024,age|sex|BMI,ok
MetaCardis,PWY-7111,primary_age_sex_BMI,687,503,184,0.1513451973899153,0.08794406268074889,-0.021025165464352513,0.32371556024418313,0.08526430783610822,age|sex|BMI,ok
MetaCardis,PWY-5677,primary_age_sex_BMI,687,503,184,0.1919489971550908,0.1095884626742466,-0.022844389686432515,0.4067423839966141,0.0798522759581421,age|sex|BMI,ok
MetaCardis,ANAEROFRUCAT-PWY,primary_age_sex_BMI,687,503,184,0.1293537271480889,0.1323955615128289,-0.13014157341705573,0.38884902771323354,0.32855694903748434,age|sex|BMI,ok
MetaCardis,PWY-5088,primary_age_sex_BMI,687,503,184,0.31906406864566955,0.11700069562755379,0.08974270521566413,0.5483854320756749,0.006390778857109194,age|sex|BMI,ok
MetaCardis,3-HYDROXYPHENYLACETATE-DEGRADATION-PWY,primary_age_sex_BMI,687,503,184,0.13414027277860457,0.13413915288887268,-0.1287724668835859,0.39705301244079505,0.317306467589917,age|sex|BMI,ok
MetaCardis,PWY-6588,primary_age_sex_BMI,687,503,184,0.551415292775555,0.1209185223305092,0.314414989007757,0.788415596543353,5.109959629801199e-06,age|sex|BMI,ok
MetaCardis,METH-ACETATE-PWY,primary_age_sex_BMI,687,503,184,-0.08091327920355143,0.12763351340185589,-0.331074965471189,0.1692484070640861,0.5261133849041216,age|sex|BMI,ok
MetaCardis,CENTFERM-PWY,primary_age_sex_BMI,687,503,184,-0.05552463406397407,0.1253325520569499,-0.3011764360955959,0.19012716796764775,0.6577523832234834,age|sex|BMI,ok
MetaCardis,PWY-6590,primary_age_sex_BMI,687,503,184,-0.048609980382868505,0.1254615672779718,-0.29451465224769324,0.19729469148195622,0.6984237067425164,age|sex|BMI,ok
MetaCardis,P108-PWY,primary_age_sex_BMI,687,503,184,0.23470046003843978,0.12540333954927715,-0.011090085478143441,0.480491005555023,0.06126685480966205,age|sex|BMI,ok
MetaCardis,ARGDEG-PWY,primary_age_sex_BMI,687,503,184,0.4810659842924724,0.12440958514953349,0.23722319739938674,0.724908771185558,0.0001102764214128959,age|sex|BMI,ok
MetaCardis,HCAMHPDEG-PWY,primary_age_sex_BMI,687,503,184,0.5483713620950862,0.12507142437366228,0.3032313703227081,0.7935113538674643,1.162708349222148e-05,age|sex|BMI,ok
MetaCardis,PWY-5100,primary_age_sex_BMI,687,503,184,-0.19883900552095524,0.1344432124681206,-0.46234770195847164,0.06466969091656116,0.13914529611317883,age|sex|BMI,ok
MetaCardis,PWY0-1277,primary_age_sex_BMI,687,503,184,0.49457700710700964,0.12442336996133181,0.2507072019827993,0.73844681223122,7.039325267283062e-05,age|sex|BMI,ok
MetaCardis,P122-PWY,primary_age_sex_BMI,687,503,184,0.26008161868073276,0.12944729069987593,0.006364928908975942,0.5137983084524895,0.04451910347722188,age|sex|BMI,ok
MetaCardis,FERMENTATION-PWY,sensitivity_age_sex_BMI_metformin,687,503,184,0.5991891915779273,0.1516624945702457,0.3019307022202457,0.8964476809356088,7.788823194492996e-05,age|sex|BMI|metformin,ok
MetaCardis,PWY-7218,sensitivity_age_sex_BMI_metformin,687,503,184,-0.1521486530403116,0.08202934096018959,-0.31292616132228324,0.008628855241659988,0.06362369243636137,age|sex|BMI|metformin,ok
MetaCardis,PROPFERM-PWY,sensitivity_age_sex_BMI_metformin,687,503,184,-0.0702700234832411,0.16079321832781132,-0.3854247314057513,0.24488468443926906,0.6620960714413866,age|sex|BMI|metformin,ok
MetaCardis,P163-PWY,sensitivity_age_sex_BMI_metformin,687,503,184,-0.060924581420778376,0.1400931907359629,-0.3355072352632657,0.21365807242170892,0.6636451041289871,age|sex|BMI|metformin,ok
MetaCardis,P461-PWY,sensitivity_age_sex_BMI_metformin,687,503,184,0.4067562485001869,0.15545007507664232,0.10207410134996792,0.7114383956504058,0.008880100490433647,age|sex|BMI|metformin,ok
MetaCardis,PWY-7254,sensitivity_age_sex_BMI_metformin,687,503,184,0.5074446142802275,0.15397746814972113,0.20564877670677406,0.8092404518536809,0.0009821975611721354,age|sex|BMI|metformin,ok
MetaCardis,PWY-5676,sensitivity_age_sex_BMI_metformin,687,503,184,0.3248305352218094,0.15827787615427996,0.014605897959420688,0.6350551724841981,0.04014244901138389,age|sex|BMI|metformin,ok
MetaCardis,PWY4LZ-257,sensitivity_age_sex_BMI_metformin,687,503,184,0.3794069491143124,0.14812598556628,0.08908001740440358,0.6697338808242213,0.010425722659566684,age|sex|BMI|metformin,ok
MetaCardis,PWY0-321,sensitivity_age_sex_BMI_metformin,687,503,184,0.24610472980578463,0.16645260430388056,-0.08014237462982127,0.5723518342413905,0.13926667912546234,age|sex|BMI|metformin,ok
MetaCardis,PWY-5022,sensitivity_age_sex_BMI_metformin,687,503,184,0.18278876866389504,0.1514640838907639,-0.11408083576200223,0.4796583730897923,0.22750431289479467,age|sex|BMI|metformin,ok
MetaCardis,PWY-7111,sensitivity_age_sex_BMI_metformin,687,503,184,0.15974002647423483,0.10585927520829301,-0.047744152934019485,0.36722420588248916,0.1313026931706598,age|sex|BMI|metformin,ok
MetaCardis,PWY-5677,sensitivity_age_sex_BMI_metformin,687,503,184,0.10772590344532612,0.14403174840145233,-0.17457632342152046,0.3900281303121727,0.4545013849116961,age|sex|BMI|metformin,ok
MetaCardis,ANAEROFRUCAT-PWY,sensitivity_age_sex_BMI_metformin,687,503,184,0.22083178089124234,0.13592928899457596,-0.045589625538126566,0.48725318732061124,0.10424615762314011,age|sex|BMI|metformin,ok
MetaCardis,PWY-5088,sensitivity_age_sex_BMI_metformin,687,503,184,-0.02399925042165694,0.11936954071870774,-0.25796355023032413,0.20996504938701024,0.840659449928348,age|sex|BMI|metformin,ok
MetaCardis,3-HYDROXYPHENYLACETATE-DEGRADATION-PWY,sensitivity_age_sex_BMI_metformin,687,503,184,0.022278346532754765,0.12827084643676673,-0.22913251248330804,0.2736892055488176,0.8621153269481902,age|sex|BMI|metformin,ok
MetaCardis,PWY-6588,sensitivity_age_sex_BMI_metformin,687,503,184,0.338183496341476,0.15478166245390884,0.03481143793181468,0.6415555547511373,0.028895685794001886,age|sex|BMI|metformin,ok
MetaCardis,METH-ACETATE-PWY,sensitivity_age_sex_BMI_metformin,687,503,184,-0.10859770680827725,0.15183469941458635,-0.4061937176608665,0.188998304044312,0.4744629682210231,age|sex|BMI|metformin,ok
MetaCardis,CENTFERM-PWY,sensitivity_age_sex_BMI_metformin,687,503,184,0.06733340823470471,0.15615764901179674,-0.2387355838284169,0.37340240029782634,0.6663311949508783,age|sex|BMI|metformin,ok
MetaCardis,PWY-6590,sensitivity_age_sex_BMI_metformin,687,503,184,0.07267476818734932,0.15636702357123394,-0.23380459801226922,0.3791541343869678,0.6420958683689867,age|sex|BMI|metformin,ok
MetaCardis,P108-PWY,sensitivity_age_sex_BMI_metformin,687,503,184,0.16785693478812158,0.154851915308645,-0.13565281921682265,0.4713666887930658,0.27837207565467226,age|sex|BMI|metformin,ok
MetaCardis,ARGDEG-PWY,sensitivity_age_sex_BMI_metformin,687,503,184,0.26473911837569924,0.14081821204651143,-0.011264577235463147,0.5407428139868616,0.06010722650598441,age|sex|BMI|metformin,ok
MetaCardis,HCAMHPDEG-PWY,sensitivity_age_sex_BMI_metformin,687,503,184,0.39506183208272405,0.15200876448517722,0.0971246536917767,0.6929990104736714,0.00935118052389787,age|sex|BMI|metformin,ok
MetaCardis,PWY-5100,sensitivity_age_sex_BMI_metformin,687,503,184,-0.05034547858670698,0.16765270305997249,-0.378944776584253,0.2782538194108391,0.7639511908592329,age|sex|BMI|metformin,ok
MetaCardis,PWY0-1277,sensitivity_age_sex_BMI_metformin,687,503,184,0.31634083496951976,0.14583397893806713,0.030506236250908203,0.6021754336881313,0.030068664705385655,age|sex|BMI|metformin,ok
MetaCardis,P122-PWY,sensitivity_age_sex_BMI_metformin,687,503,184,0.209848381395982,0.152309815194312,-0.0886788563848695,0.5083756191768335,0.16827332304135045,age|sex|BMI|metformin,ok
KarlssonFH_2013,FERMENTATION-PWY,unadjusted,96,53,43,0.04695581906383106,0.2135476708183397,-0.37159761574011474,0.46550925386777686,0.8259611218283858,,ok
KarlssonFH_2013,PWY-7218,unadjusted,96,53,43,0.3010454458994749,0.18573612703972012,-0.0629973630983765,0.6650882548973263,0.10505553588176929,,ok
KarlssonFH_2013,PROPFERM-PWY,unadjusted,96,53,43,0.352389657989448,0.20097422971207832,-0.04151983224622552,0.7462991482251216,0.07953213891406037,,ok
KarlssonFH_2013,P163-PWY,unadjusted,96,53,43,-0.14108744197285167,0.21642049487056142,-0.5652716119191521,0.2830967279734487,0.5144569764126272,,ok
KarlssonFH_2013,P461-PWY,unadjusted,96,53,43,0.06497683771964456,0.20967656272107005,-0.3459892252136527,0.47594290065294187,0.7566439993540698,,ok
KarlssonFH_2013,PWY-7254,unadjusted,96,53,43,-0.1348003218385819,0.2114311671288603,-0.549205409411148,0.2796047657339843,0.5237593188518834,,ok
KarlssonFH_2013,PWY-5676,unadjusted,96,53,43,0.02151300713246218,0.20266535124459137,-0.37571108130693687,0.41873709557186123,0.9154630273717239,,ok
KarlssonFH_2013,PWY4LZ-257,unadjusted,96,53,43,0.21435319008570805,0.21450805244057977,-0.20608259269782828,0.6347889728692444,0.3176600115961451,,ok
KarlssonFH_2013,PWY0-321,unadjusted,96,53,43,-0.32609231021394636,0.2208238513671797,-0.7589070588936185,0.10672243846572582,0.13975397255659885,,ok
KarlssonFH_2013,PWY-5022,unadjusted,96,53,43,-0.07484347214193314,0.2125312500780561,-0.4914047222949231,0.3417177780110568,0.7247236819674809,,ok
KarlssonFH_2013,PWY-7111,unadjusted,96,53,43,0.4127664253486502,0.2072854143889199,0.006487013146367238,0.8190458375509332,0.04644845630335501,,ok
KarlssonFH_2013,PWY-5677,unadjusted,96,53,43,0.2955139783220686,0.2006370070299218,-0.09773455545657811,0.6887625121007153,0.14078374072152017,,ok
KarlssonFH_2013,ANAEROFRUCAT-PWY,unadjusted,96,53,43,0.4436920089978379,0.1992807993203555,0.053101642329941134,0.8342823756657347,0.02598295543527564,,ok
KarlssonFH_2013,PWY-5088,unadjusted,96,53,43,0.23331215869063088,0.19981893708608506,-0.15833295799809582,0.6249572753793575,0.24296094479868746,,ok
KarlssonFH_2013,3-HYDROXYPHENYLACETATE-DEGRADATION-PWY,unadjusted,96,53,43,-0.2060257667528279,0.2185702196439218,-0.6344233972549146,0.22237186374925877,0.34588208040983814,,ok
KarlssonFH_2013,PWY-6588,unadjusted,96,53,43,-0.07262260938679736,0.2102649803475434,-0.48474197086798243,0.3394967520943877,0.7298040974858157,,ok
KarlssonFH_2013,METH-ACETATE-PWY,unadjusted,96,53,43,0.5221306658100617,0.20588399912462493,0.11859802752579685,0.9256633040943266,0.011211298083451867,,ok
KarlssonFH_2013,CENTFERM-PWY,unadjusted,96,53,43,-0.24809029696048449,0.19933048470449533,-0.6387780469812954,0.14259745306032637,0.2132722232576829,,ok
KarlssonFH_2013,PWY-6590,unadjusted,96,53,43,-0.24323951933888968,0.1988471498903355,-0.6329799331239473,0.1465008944461679,0.22123577336792488,,ok
KarlssonFH_2013,P108-PWY,unadjusted,96,53,43,-0.38553610820292017,0.19934416403141741,-0.7762506697044983,0.005178453298657959,0.053110355514726815,,ok
KarlssonFH_2013,ARGDEG-PWY,unadjusted,96,53,43,-0.2640693074110192,0.21529815461259846,-0.6860536904517122,0.15791507562967377,0.219999883690027,,ok
KarlssonFH_2013,HCAMHPDEG-PWY,unadjusted,96,53,43,-0.2263225014419169,0.21323945157766305,-0.6442718265341365,0.1916268236503027,0.28852914614637926,,ok
KarlssonFH_2013,PWY-5100,unadjusted,96,53,43,0.4780660625959171,0.20382620523989278,0.07856670032572727,0.8775654248661069,0.01900365477212203,,ok
KarlssonFH_2013,PWY0-1277,unadjusted,96,53,43,-0.20889547758873747,0.21292465772473632,-0.6262278067292206,0.2084368515517457,0.3265547874079482,,ok
KarlssonFH_2013,P122-PWY,unadjusted,96,53,43,-0.012639793200637097,0.21090400299231307,-0.4260116390655707,0.40073205266429657,0.9522101918121502,,ok
KarlssonFH_2013,FERMENTATION-PWY,primary_age_sex_BMI,96,53,43,0.1314233637966508,0.2697222385984904,-0.39723222385639045,0.660078951449692,0.6260780156499937,age|BMI,ok
KarlssonFH_2013,PWY-7218,primary_age_sex_BMI,96,53,43,0.3050337718451295,0.1887917362328479,-0.06499803117125241,0.6750655748615113,0.10615579542232353,age|BMI,ok
KarlssonFH_2013,PROPFERM-PWY,primary_age_sex_BMI,96,53,43,0.32203011689017913,0.2059684840984064,-0.08166811194269741,0.7257283457230557,0.11793687055209244,age|BMI,ok
KarlssonFH_2013,P163-PWY,primary_age_sex_BMI,96,53,43,-0.10403709208755291,0.24010892651543853,-0.5746505880578123,0.36657640388270657,0.6648032086542393,age|BMI,ok
KarlssonFH_2013,P461-PWY,primary_age_sex_BMI,96,53,43,0.022956726841346267,0.22069930381233555,-0.4096139086308314,0.4555273623135239,0.9171549682688438,age|BMI,ok
KarlssonFH_2013,PWY-7254,primary_age_sex_BMI,96,53,43,-0.11516643865307469,0.2221422333701336,-0.5505652160585366,0.32023233875238716,0.6041543922853179,age|BMI,ok
KarlssonFH_2013,PWY-5676,primary_age_sex_BMI,96,53,43,-0.053188450013217224,0.21051014489438788,-0.46578833400621744,0.35941143397978303,0.8005274479101991,age|BMI,ok
KarlssonFH_2013,PWY4LZ-257,primary_age_sex_BMI,96,53,43,0.2261512252185388,0.22749109818037724,-0.2197313272150006,0.6720337776520782,0.3201692112724793,age|BMI,ok
KarlssonFH_2013,PWY0-321,primary_age_sex_BMI,96,53,43,-0.3003102898070296,0.21637213191611993,-0.7243996683626246,0.12377908874856541,0.16515707129510537,age|BMI,ok
KarlssonFH_2013,PWY-5022,primary_age_sex_BMI,96,53,43,0.0016613038942839553,0.2199306517777927,-0.42940277359018975,0.4327253813787576,0.9939730268981857,age|BMI,ok
KarlssonFH_2013,PWY-7111,primary_age_sex_BMI,96,53,43,0.32824263090728456,0.2147724200051799,-0.09271131230286805,0.7491965741174371,0.12643120475848788,age|BMI,ok
KarlssonFH_2013,PWY-5677,primary_age_sex_BMI,96,53,43,0.21848562360985685,0.22103559655619576,-0.21474414564028682,0.6517153928600006,0.32292569242766567,age|BMI,ok
KarlssonFH_2013,ANAEROFRUCAT-PWY,primary_age_sex_BMI,96,53,43,0.38825476018282973,0.22256648609974136,-0.04797555257266334,0.8244850729383228,0.08108170694007226,age|BMI,ok
KarlssonFH_2013,PWY-5088,primary_age_sex_BMI,96,53,43,0.21124660794476208,0.2079582357140561,-0.1963515340547879,0.618844749944312,0.3097186076452394,age|BMI,ok
KarlssonFH_2013,3-HYDROXYPHENYLACETATE-DEGRADATION-PWY,primary_age_sex_BMI,96,53,43,-0.17025054726295644,0.21034985872909062,-0.5825362703719741,0.24203517584606118,0.41830322196202374,age|BMI,ok
KarlssonFH_2013,PWY-6588,primary_age_sex_BMI,96,53,43,-0.1648237561398602,0.2270226529286913,-0.6097881558800952,0.2801406436003747,0.4678244315849458,age|BMI,ok
KarlssonFH_2013,METH-ACETATE-PWY,primary_age_sex_BMI,96,53,43,0.44145554593548963,0.21921872867577272,0.011786837730975108,0.8711242541400042,0.04403395192232188,age|BMI,ok
KarlssonFH_2013,CENTFERM-PWY,primary_age_sex_BMI,96,53,43,-0.2599704371123843,0.22305990038152565,-0.6971678418601746,0.17722696763540596,0.24382731867200147,age|BMI,ok
KarlssonFH_2013,PWY-6590,primary_age_sex_BMI,96,53,43,-0.25997911477302693,0.2248786885140454,-0.7007413442605559,0.1807831147145021,0.2476459613722325,age|BMI,ok
KarlssonFH_2013,P108-PWY,primary_age_sex_BMI,96,53,43,-0.3992619162514559,0.22402091787756503,-0.8383429152914834,0.03981908278857155,0.0747080101025557,age|BMI,ok
KarlssonFH_2013,ARGDEG-PWY,primary_age_sex_BMI,96,53,43,-0.25758903095762614,0.22452337995729693,-0.6976548556739282,0.18247679375867581,0.25126987796351574,age|BMI,ok
KarlssonFH_2013,HCAMHPDEG-PWY,primary_age_sex_BMI,96,53,43,-0.23266131468825008,0.21858081742385777,-0.6610797168390112,0.19575708746251114,0.28713946980443605,age|BMI,ok
KarlssonFH_2013,PWY-5100,primary_age_sex_BMI,96,53,43,0.39831431825637376,0.21800567594933573,-0.02897680660432428,0.8256054431170718,0.06768739167154254,age|BMI,ok
KarlssonFH_2013,PWY0-1277,primary_age_sex_BMI,96,53,43,-0.22018390016734823,0.2189232368549954,-0.6492734444031392,0.20890564406844275,0.3145317683217247,age|BMI,ok
KarlssonFH_2013,P122-PWY,primary_age_sex_BMI,96,53,43,0.017848844864225177,0.20903258497950064,-0.3918550216955961,0.42755271142404644,0.931953045133069,age|BMI,ok
KarlssonFH_2013,FERMENTATION-PWY,sensitivity_age_sex_BMI_metformin,95,53,42,-0.11455041342423247,0.28666138202486113,-0.6764067221929603,0.4473058953444954,0.6894498068883232,age|BMI|metformin,ok
KarlssonFH_2013,PWY-7218,sensitivity_age_sex_BMI_metformin,95,53,42,0.4097680094058443,0.2859248042191697,-0.15064460686372833,0.9701806256754169,0.15182009516875578,age|BMI|metformin,ok
KarlssonFH_2013,PROPFERM-PWY,sensitivity_age_sex_BMI_metformin,95,53,42,0.18538671875607293,0.2307834841325925,-0.2669489101438084,0.6377223476559543,0.42180549949146307,age|BMI|metformin,ok
KarlssonFH_2013,P163-PWY,sensitivity_age_sex_BMI_metformin,95,53,42,0.11726177312227554,0.2579969988003449,-0.38841234452640044,0.6229358907709515,0.6494630310999738,age|BMI|metformin,ok
KarlssonFH_2013,P461-PWY,sensitivity_age_sex_BMI_metformin,95,53,42,-0.08101526869717203,0.2502204987615009,-0.5714474462697138,0.4094169088753697,0.7461080012178534,age|BMI|metformin,ok
KarlssonFH_2013,PWY-7254,sensitivity_age_sex_BMI_metformin,95,53,42,-0.5409152487238823,0.23478022357375566,-1.0010844869284434,-0.08074601051932123,0.021227040079343642,age|BMI|metformin,ok
KarlssonFH_2013,PWY-5676,sensitivity_age_sex_BMI_metformin,95,53,42,-0.12979812268898233,0.24676679358429338,-0.6134610381141974,0.35386479273623267,0.5988916159507989,age|BMI|metformin,ok
KarlssonFH_2013,PWY4LZ-257,sensitivity_age_sex_BMI_metformin,95,53,42,-0.04477003852573611,0.24668565237088477,-0.5282739171726702,0.43873384012119804,0.8559859740156976,age|BMI|metformin,ok
KarlssonFH_2013,PWY0-321,sensitivity_age_sex_BMI_metformin,95,53,42,-0.33390590250447094,0.22801730657509905,-0.780819823391665,0.11300801838272317,0.14308785127270668,age|BMI|metformin,ok
KarlssonFH_2013,PWY-5022,sensitivity_age_sex_BMI_metformin,95,53,42,0.09023141507996474,0.22547345430704266,-0.35169655536183886,0.5321593855217683,0.6890192141141157,age|BMI|metformin,ok
KarlssonFH_2013,PWY-7111,sensitivity_age_sex_BMI_metformin,95,53,42,0.4557266654324824,0.23710063482830124,-0.008990578830988027,0.9204439096959529,0.05459554511641134,age|BMI|metformin,ok
KarlssonFH_2013,PWY-5677,sensitivity_age_sex_BMI_metformin,95,53,42,0.42647688401654354,0.27644465998164197,-0.11535464954747471,0.9683084175805619,0.12289857067264526,age|BMI|metformin,ok
KarlssonFH_2013,ANAEROFRUCAT-PWY,sensitivity_age_sex_BMI_metformin,95,53,42,0.22270473058654935,0.242250150516077,-0.25210556442496157,0.6975150255980603,0.3579296827573861,age|BMI|metformin,ok
KarlssonFH_2013,PWY-5088,sensitivity_age_sex_BMI_metformin,95,53,42,-0.03628578009002939,0.19716415578949625,-0.4227275254374421,0.35015596525738324,0.8539833133559195,age|BMI|metformin,ok
KarlssonFH_2013,3-HYDROXYPHENYLACETATE-DEGRADATION-PWY,sensitivity_age_sex_BMI_metformin,95,53,42,-0.3202778345342365,0.22020531123132034,-0.7518802445476244,0.11132457547915131,0.14582130989319403,age|BMI|metformin,ok
KarlssonFH_2013,PWY-6588,sensitivity_age_sex_BMI_metformin,95,53,42,-0.18740046858951184,0.2652266291892127,-0.7072446618003687,0.33244372462134497,0.4798354035595479,age|BMI|metformin,ok
KarlssonFH_2013,METH-ACETATE-PWY,sensitivity_age_sex_BMI_metformin,95,53,42,0.45577971949927054,0.25091460188361675,-0.03601290019261827,0.9475723391911594,0.0692977728057386,age|BMI|metformin,ok
KarlssonFH_2013,CENTFERM-PWY,sensitivity_age_sex_BMI_metformin,95,53,42,-0.24743632684169795,0.28463102331703544,-0.8053131325430873,0.3104404788596915,0.3846704251028614,age|BMI|metformin,ok
KarlssonFH_2013,PWY-6590,sensitivity_age_sex_BMI_metformin,95,53,42,-0.2516741935029883,0.2889329566879493,-0.8179827886113691,0.3146344016053924,0.3837284751549257,age|BMI|metformin,ok
KarlssonFH_2013,P108-PWY,sensitivity_age_sex_BMI_metformin,95,53,42,-0.43258127359639614,0.20549349940671607,-0.8353485324335597,-0.02981401475923262,0.035283913771897775,age|BMI|metformin,ok
KarlssonFH_2013,ARGDEG-PWY,sensitivity_age_sex_BMI_metformin,95,53,42,-0.42539200074352146,0.23873143505047145,-0.8933056134424455,0.042521611955402605,0.07476796143659996,age|BMI|metformin,ok
KarlssonFH_2013,HCAMHPDEG-PWY,sensitivity_age_sex_BMI_metformin,95,53,42,-0.42127315858426606,0.2302019110626743,-0.8724689042671077,0.029922587098575537,0.06724756057323673,age|BMI|metformin,ok
KarlssonFH_2013,PWY-5100,sensitivity_age_sex_BMI_metformin,95,53,42,0.40834496628303574,0.23852262346498615,-0.059159375708337125,0.8758493082744085,0.08690112275663993,age|BMI|metformin,ok
KarlssonFH_2013,PWY0-1277,sensitivity_age_sex_BMI_metformin,95,53,42,-0.43451907084655333,0.22930885831591646,-0.8839644331457496,0.014926291452642904,0.05810466004044739,age|BMI|metformin,ok
KarlssonFH_2013,P122-PWY,sensitivity_age_sex_BMI_metformin,95,53,42,-0.18940199102607524,0.22689340768859406,-0.6341130700957196,0.2553090880435691,0.40385173465754054,age|BMI|metformin,ok
QinJ_2012,FERMENTATION-PWY,unadjusted,344,170,174,0.21908382758815664,0.10764083920864309,0.008107782739216196,0.4300598724370971,0.04181842840715061,,ok
QinJ_2012,PWY-7218,unadjusted,344,170,174,0.031773843341709025,0.1085265726448258,-0.18093823904214956,0.2444859257255676,0.769694307247338,,ok
QinJ_2012,PROPFERM-PWY,unadjusted,344,170,174,-0.047986575901430836,0.10826318663757319,-0.26018242171107425,0.1642092699082126,0.6575921422148745,,ok
QinJ_2012,P163-PWY,unadjusted,344,170,174,0.27084928724279156,0.10761920834517151,0.059915638886255396,0.4817829355993277,0.01184470716951253,,ok
QinJ_2012,P461-PWY,unadjusted,344,170,174,0.1647346627283752,0.10792470760685222,-0.046797764181055135,0.37626708963780553,0.12691399283125251,,ok
QinJ_2012,PWY-7254,unadjusted,344,170,174,0.16746424837003596,0.10798044208354488,-0.04417741811371201,0.3791059148537839,0.12093146448690596,,ok
QinJ_2012,PWY-5676,unadjusted,344,170,174,-0.0006380715873978773,0.10823973077506073,-0.2127879439065169,0.21151180073172116,0.9952965097382549,,ok
QinJ_2012,PWY4LZ-257,unadjusted,344,170,174,0.19196137143503625,0.10781361257903106,-0.01935330921986464,0.4032760520899371,0.07499533068760074,,ok
QinJ_2012,PWY0-321,unadjusted,344,170,174,0.048015797755753445,0.10832410842437451,-0.1642994547560206,0.2603310502675275,0.6575773277540402,,ok
QinJ_2012,PWY-5022,unadjusted,344,170,174,0.16519330075212457,0.10785415469039283,-0.04620084244104539,0.37658744394529453,0.1256122958335173,,ok
QinJ_2012,PWY-7111,unadjusted,344,170,174,-0.32804285793693955,0.10687459265105853,-0.5375170595330143,-0.11856865634086483,0.002144758745473967,,ok
QinJ_2012,PWY-5677,unadjusted,344,170,174,0.2734024879095347,0.1073331088134226,0.0630295946352264,0.483775381183843,0.01085807599372759,,ok
QinJ_2012,ANAEROFRUCAT-PWY,unadjusted,344,170,174,0.24127929853508037,0.1074438108837235,0.030689429202982316,0.45186916786717846,0.02472756599911327,,ok
QinJ_2012,PWY-5088,unadjusted,344,170,174,0.06199564785473505,0.10834262834917426,-0.1503559037096465,0.27434719941911656,0.5671740084015475,,ok
QinJ_2012,3-HYDROXYPHENYLACETATE-DEGRADATION-PWY,unadjusted,344,170,174,-0.005621387279784254,0.10831949401884047,-0.21792759555671157,0.20668482099714305,0.9586112759694583,,ok
QinJ_2012,PWY-6588,unadjusted,344,170,174,0.4327319279359598,0.10558043492700303,0.22579427547903388,0.6396695803928858,4.156573760518614e-05,,ok
QinJ_2012,METH-ACETATE-PWY,unadjusted,344,170,174,0.06952931040963721,0.10850232197897725,-0.14313524066915817,0.2821938614884326,0.5216465095662148,,ok
QinJ_2012,CENTFERM-PWY,unadjusted,344,170,174,-0.14248183130642542,0.10818378381428727,-0.35452204758242845,0.06955838496957761,0.18782688799852798,,ok
QinJ_2012,PWY-6590,unadjusted,344,170,174,-0.14416938222237988,0.10818348311291189,-0.35620900912368714,0.06787024467892741,0.1826507449156084,,ok
QinJ_2012,P108-PWY,unadjusted,344,170,174,0.30089360068504023,0.10715921099593666,0.09086154713300437,0.5109256542370761,0.004986389947104833,,ok
QinJ_2012,ARGDEG-PWY,unadjusted,344,170,174,0.14658427092148862,0.1080270932730898,-0.06514883189376738,0.35831737373674466,0.17480619730598745,,ok
QinJ_2012,HCAMHPDEG-PWY,unadjusted,344,170,174,0.15468328163316525,0.10801743823997702,-0.057030897317189716,0.3663974605835202,0.15213770094274226,,ok
QinJ_2012,PWY-5100,unadjusted,344,170,174,-0.044085497262668596,0.10820597417342778,-0.256169206642587,0.16799821211724986,0.6836980521316043,,ok
QinJ_2012,PWY0-1277,unadjusted,344,170,174,0.15409767353871015,0.10800151840946713,-0.05758530254384542,0.3657806496212657,0.1536345957487342,,ok
QinJ_2012,P122-PWY,unadjusted,344,170,174,0.11845582515245412,0.10815949517010508,-0.09353678538095184,0.3304484356858601,0.2734308640707682,,ok
QinJ_2012,FERMENTATION-PWY,primary_age_sex_BMI,344,170,174,0.09005366426440817,0.11819259095822819,-0.14160381401371908,0.3217111425425354,0.4461059074022655,age|sex|BMI,ok
QinJ_2012,PWY-7218,primary_age_sex_BMI,344,170,174,0.054457076329065324,0.12147751998481567,-0.18363886284117337,0.292553015499304,0.6539443984898667,age|sex|BMI,ok
QinJ_2012,PROPFERM-PWY,primary_age_sex_BMI,344,170,174,-0.10844714459610437,0.11828064440332296,-0.3402772076266174,0.12338291843440864,0.35921444292406934,age|sex|BMI,ok
QinJ_2012,P163-PWY,primary_age_sex_BMI,344,170,174,0.19653363161025422,0.11960396569034515,-0.03789014114282227,0.43095740436333074,0.10034087649801623,age|sex|BMI,ok
QinJ_2012,P461-PWY,primary_age_sex_BMI,344,170,174,0.03543068221482041,0.12372690051812865,-0.20707404280071176,0.2779354072303526,0.7746008790614494,age|sex|BMI,ok
QinJ_2012,PWY-7254,primary_age_sex_BMI,344,170,174,0.04267297107081999,0.12056428790320058,-0.19363303321945313,0.2789789753610931,0.7233810705359185,age|sex|BMI,ok
QinJ_2012,PWY-5676,primary_age_sex_BMI,344,170,174,-0.12573348760252037,0.12803676933293853,-0.37668555549507987,0.12521858029003916,0.3260945379143032,age|sex|BMI,ok
QinJ_2012,PWY4LZ-257,primary_age_sex_BMI,344,170,174,0.02583282057193459,0.12191973962242865,-0.21312986908802556,0.26479551023189474,0.8321976711771542,age|sex|BMI,ok
QinJ_2012,PWY0-321,primary_age_sex_BMI,344,170,174,-0.04363695149483719,0.11619277245310469,-0.2713747855029224,0.18410088251324802,0.7072466316379042,age|sex|BMI,ok
QinJ_2012,PWY-5022,primary_age_sex_BMI,344,170,174,0.11112556051340107,0.12085554920785319,-0.1257513159339912,0.3480024369607933,0.35783893763896835,age|sex|BMI,ok
QinJ_2012,PWY-7111,primary_age_sex_BMI,344,170,174,-0.3313113468311716,0.11654665053715699,-0.5597427818839993,-0.10287991177834388,0.0044728117684292345,age|sex|BMI,ok
QinJ_2012,PWY-5677,primary_age_sex_BMI,344,170,174,0.17440643105735557,0.1223099000990798,-0.06532097313684085,0.414133835251552,0.15388601104141744,age|sex|BMI,ok
QinJ_2012,ANAEROFRUCAT-PWY,primary_age_sex_BMI,344,170,174,0.19749313122001644,0.11800119397447699,-0.03378920896995846,0.42877547140999134,0.09419868429080319,age|sex|BMI,ok
QinJ_2012,PWY-5088,primary_age_sex_BMI,344,170,174,0.03047572061336981,0.12452841412393775,-0.21359997106954817,0.27455141229628777,0.8066662324445012,age|sex|BMI,ok
QinJ_2012,3-HYDROXYPHENYLACETATE-DEGRADATION-PWY,primary_age_sex_BMI,344,170,174,-0.08347310480562309,0.11873710233399805,-0.31619782538025926,0.14925161576901308,0.48205091105540543,age|sex|BMI,ok
QinJ_2012,PWY-6588,primary_age_sex_BMI,344,170,174,0.2785544822352643,0.11947698191062611,0.04437959769043712,0.5127293667800915,0.01972969974760777,age|sex|BMI,ok
QinJ_2012,METH-ACETATE-PWY,primary_age_sex_BMI,344,170,174,0.15084656924158493,0.12512861544737033,-0.09440551703526093,0.3960986555184308,0.22799793308768357,age|sex|BMI,ok
QinJ_2012,CENTFERM-PWY,primary_age_sex_BMI,344,170,174,-0.24956897523237281,0.1197738947964549,-0.48432580903342437,-0.01481214143132123,0.0371904199261036,age|sex|BMI,ok
QinJ_2012,PWY-6590,primary_age_sex_BMI,344,170,174,-0.25482202639876783,0.11950892347970958,-0.4890595164189986,-0.02058453637853705,0.03298690210354979,age|sex|BMI,ok
QinJ_2012,P108-PWY,primary_age_sex_BMI,344,170,174,0.2819857488132735,0.124207121142679,0.03853979137362265,0.5254317062529243,0.02319020636018598,age|sex|BMI,ok
QinJ_2012,ARGDEG-PWY,primary_age_sex_BMI,344,170,174,0.028391144578338134,0.12087404896991008,-0.20852199140268562,0.2653042805593619,0.814300280840613,age|sex|BMI,ok
QinJ_2012,HCAMHPDEG-PWY,primary_age_sex_BMI,344,170,174,0.0616532596477105,0.12302820050496842,-0.17948201334202762,0.3027885326374486,0.6162788480403438,age|sex|BMI,ok
QinJ_2012,PWY-5100,primary_age_sex_BMI,344,170,174,-0.14814554385629428,0.12128496868047069,-0.3858640824700168,0.08957299475742828,0.22190938693345275,age|sex|BMI,ok
QinJ_2012,PWY0-1277,primary_age_sex_BMI,344,170,174,0.04362106954342476,0.12282772110052871,-0.1971212638136115,0.284363402900461,0.7224845122960976,age|sex|BMI,ok
QinJ_2012,P122-PWY,primary_age_sex_BMI,344,170,174,-0.004093809935069817,0.11869277500809088,-0.2367316489509279,0.2285440290807883,0.9724857706555664,age|sex|BMI,ok
