pathway_id,model,k,pooled_beta_t2d_sd,se_hk_modified,ci95_low,ci95_high,p_value,tau2_reml,Q_fixed,I2,direction_concordant_all,n_positive_direction,cohorts,bh_fdr_q
PWY-5677,primary_age_sex_BMI,3,0.18825920877945002,0.07657653864876413,-0.1412230442724201,0.5177414618313201,0.13318630027191486,4.0346959411823265e-06,0.03266169689402039,0.0,True,3,MetaCardis|KarlssonFH_2013|QinJ_2012,0.8279955434930988
ANAEROFRUCAT-PWY,primary_age_sex_BMI,3,0.19725310914415572,0.08191810992737751,-0.15521207015079164,0.5497182884391031,0.13771917521823035,4.0346959411823265e-06,0.9994911193362681,0.0,True,3,MetaCardis|KarlssonFH_2013|QinJ_2012,0.8279955434930988
CENTFERM-PWY,primary_age_sex_BMI,3,-0.1704387570421458,0.08073228361338325,-0.517801737510177,0.1769242234258854,0.16918206497454255,4.0346959411823265e-06,1.4382389626137568,0.0,True,0,MetaCardis|KarlssonFH_2013|QinJ_2012,0.8279955434930988
PWY-6590,primary_age_sex_BMI,3,-0.1702501175399692,0.08269628100701726,-0.5260634967549406,0.18556326167500217,0.1757394538154159,0.0007998928973930811,1.5999979605061494,0.0,True,0,MetaCardis|KarlssonFH_2013|QinJ_2012,0.8279955434930988
PWY-5022,primary_age_sex_BMI,3,0.18177882487213043,0.0912209119739768,-0.21071308104293623,0.574270730787197,0.18449608123021732,0.0047363486221074745,2.3166413447601153,13.668121113192989,True,3,MetaCardis|KarlssonFH_2013|QinJ_2012,0.8279955434930988
PWY-5088,primary_age_sex_BMI,3,0.1858263341987433,0.10315023628515167,-0.25799331152786653,0.6296459799253531,0.21341452592171267,0.011810523434690034,2.867468897192933,30.252076946401374,True,3,MetaCardis|KarlssonFH_2013|QinJ_2012,0.8279955434930988
FERMENTATION-PWY,primary_age_sex_BMI,3,0.31965631166073755,0.20483023257470864,-0.5616570476620497,1.200969670983525,0.2589959318217378,0.09694099430114064,12.527630123323934,84.035288555683,True,3,MetaCardis|KarlssonFH_2013|QinJ_2012,0.8279955434930988
PWY4LZ-257,primary_age_sex_BMI,3,0.3088188882046002,0.201428516513448,-0.5578580682213714,1.1754958446305719,0.2649585739177916,0.09675500258421704,13.467027304021055,85.14891256362992,True,3,MetaCardis|KarlssonFH_2013|QinJ_2012,0.8279955434930988
PWY-6588,primary_age_sex_BMI,3,0.259672744726181,0.19932707850566672,-0.5979624537192112,1.1173079431715733,0.3224730838053933,0.0861635865597803,8.265326192633196,75.80252789318126,False,2,MetaCardis|KarlssonFH_2013|QinJ_2012,0.8885926477247031
P461-PWY,primary_age_sex_BMI,3,0.2499373440463811,0.2127319021048098,-0.665374155249674,1.1652488433424362,0.3609775839295024,0.11093413916049434,13.817908960471176,85.52602998238453,True,3,MetaCardis|KarlssonFH_2013|QinJ_2012,0.8885926477247031
P122-PWY,primary_age_sex_BMI,3,0.10156152720733076,0.09765275037720089,-0.3186043457706755,0.521727400185337,0.40754876681130964,0.008036060116187797,2.452375196555153,18.446410532556502,False,2,MetaCardis|KarlssonFH_2013|QinJ_2012,0.8885926477247031
METH-ACETATE-PWY,primary_age_sex_BMI,3,0.1282215192972752,0.1402308700444245,-0.47514321649450986,0.7315862550890603,0.45704979043353494,0.030270128204414153,4.596513632115202,56.48876169916526,False,2,MetaCardis|KarlssonFH_2013|QinJ_2012,0.8885926477247031
PWY-7254,primary_age_sex_BMI,3,0.22219820984977676,0.2462180525862547,-0.8371925662240687,1.2815889859236222,0.46206817681684564,0.15700552140730867,17.94059923502486,88.85210034626121,False,2,MetaCardis|KarlssonFH_2013|QinJ_2012,0.8885926477247031
HCAMHPDEG-PWY,primary_age_sex_BMI,3,0.14931139153708542,0.2251819312272382,-0.8195682595480467,1.1181910426222175,0.575483491302129,0.12537921395453186,12.830947868972197,84.4126870405545,False,2,MetaCardis|KarlssonFH_2013|QinJ_2012,0.9201392168869982
PWY0-1277,primary_age_sex_BMI,3,0.13140748360318893,0.20595923349858042,-0.7547635746265848,1.0175785418329628,0.5887615179060034,0.1011822889135501,10.909882288151515,81.66799652667137,False,2,MetaCardis|KarlssonFH_2013|QinJ_2012,0.9201392168869982
PWY-7218,primary_age_sex_BMI,3,0.05360011159581156,0.08404057867252128,-0.3079973136392365,0.41519753683085964,0.5888890988076788,4.0346959411823265e-06,2.434760404489363,17.856393741565896,False,2,MetaCardis|KarlssonFH_2013|QinJ_2012,0.9201392168869982
ARGDEG-PWY,primary_age_sex_BMI,3,0.11100648384974333,0.21165291304740566,-0.7996625002331021,1.0216754679325888,0.6522826074308729,0.10711505791301769,11.22685532115932,82.18557251530099,False,2,MetaCardis|KarlssonFH_2013|QinJ_2012,0.92798412723171
PWY-5676,primary_age_sex_BMI,3,0.08914683599796809,0.17918912847834192,-0.6818417567907968,0.8601354287867331,0.6681485716068312,0.07236516496326485,9.629287952843857,79.23003227451171,False,1,MetaCardis|KarlssonFH_2013|QinJ_2012,0.92798412723171
P108-PWY,primary_age_sex_BMI,3,0.0777721087431893,0.2080379476885935,-0.8173429347706133,0.9728871522569918,0.7444361374355595,0.0923518977183135,7.536321083188699,73.4618525680732,False,2,MetaCardis|KarlssonFH_2013|QinJ_2012,0.9445638511829114
PWY0-321,primary_age_sex_BMI,3,-0.02019254293276513,0.10052252559244848,-0.4527060620744237,0.41232097620889346,0.8593709083930686,0.004907978006951671,2.9201209525420135,31.509686327925323,False,1,MetaCardis|KarlssonFH_2013|QinJ_2012,0.9445638511829114
3-HYDROXYPHENYLACETATE-DEGRADATION-PWY,primary_age_sex_BMI,3,-0.016316880432296555,0.08770465733169469,-0.3936795637122539,0.36104580284766075,0.8695711530192863,0.0025668917774046562,2.1134204463448203,5.366676874021067,False,1,MetaCardis|KarlssonFH_2013|QinJ_2012,0.9445638511829114
PWY-7111,primary_age_sex_BMI,3,0.028445971254753375,0.19476897681152544,-0.8095772984938663,0.866469241003373,0.897273541847062,0.09312178072007755,13.355106923010027,85.02445535232576,False,2,MetaCardis|KarlssonFH_2013|QinJ_2012,0.9445638511829114
P163-PWY,primary_age_sex_BMI,3,0.01596851823809938,0.1136471299455957,-0.4730156156505098,0.5049526521267086,0.9011314660158252,0.0184242327701348,3.7442476961898916,46.58473043770102,False,1,MetaCardis|KarlssonFH_2013|QinJ_2012,0.9445638511829114
PWY-5100,primary_age_sex_BMI,3,-0.02358953661545459,0.17815834106185713,-0.7901430091128898,0.7429639358819806,0.906781297135595,0.059198283069914454,5.901811077366302,66.11209722266297,False,1,MetaCardis|KarlssonFH_2013|QinJ_2012,0.9445638511829114
PROPFERM-PWY,primary_age_sex_BMI,3,-0.00349223269296613,0.11661309920045687,-0.5052379022923568,0.4982534369064245,0.9788288968740811,0.01036421754312594,3.39211213647331,41.03968502411163,False,1,MetaCardis|KarlssonFH_2013|QinJ_2012,0.9788288968740811
