cohort	pathway_id	pathway_name	variant	metric	formula	n	n_control	n_t2d	estimate_log_odds	se	ci95_low	ci95_high	p_value	transformed_measure	transformed_estimate	transformed_ci95_low	transformed_ci95_high	status	warnings
Qin	PWY-5676	acetyl-CoA fermentation to butanoate II	primary_demographic_adjusted	detection	detected ~ group + age_category + gender + BMI	344	174	170						odds_ratio				not_pooled_separation_or_unstable	glm.fit: fitted probabilities numerically 0 or 1 occurred
Qin	PWY-5676	acetyl-CoA fermentation to butanoate II	primary_demographic_adjusted	positive_abundance	log2_positive ~ group + age_category + gender + BMI	342	174	168	0.0641371187508895	0.145203524002797	-0.220461788294593	0.348736025796372	0.658986843088988	positive_abundance_ratio	1.04545945958398	0.858290664562304	1.27344444808916	estimated	
Qin	PWY-5676	acetyl-CoA fermentation to butanoate II	known_no_metformin	detection	detected ~ group + age_category + gender + BMI	130	74	56						odds_ratio				not_pooled_separation_or_unstable	glm.fit: fitted probabilities numerically 0 or 1 occurred
Qin	PWY-5676	acetyl-CoA fermentation to butanoate II	known_no_metformin	positive_abundance	log2_positive ~ group + age_category + gender + BMI	129	74	55	-0.0989029003034971	0.250093095442206	-0.589085367370222	0.391279566763227	0.693185284625033	positive_abundance_ratio	0.933742787780707	0.664764217397747	1.31155614414008	estimated	
Karlsson	PWY-5676	acetyl-CoA fermentation to butanoate II	primary_demographic_adjusted	detection	detected ~ group + age + BMI	96	43	53						odds_ratio				not_estimable_no_detection_variation	
Karlsson	PWY-5676	acetyl-CoA fermentation to butanoate II	primary_demographic_adjusted	positive_abundance	log2_positive ~ group + age + BMI	96	43	53	-0.046333013253248	0.182943086761752	-0.404901463306282	0.312235436799786	0.800628807876539	positive_abundance_ratio	0.968394631607068	0.755287877507653	1.24163009953233	estimated	
Karlsson	PWY-5676	acetyl-CoA fermentation to butanoate II	known_no_metformin	detection	detected ~ group + age + BMI	75	42	33						odds_ratio				not_estimable_no_detection_variation	
Karlsson	PWY-5676	acetyl-CoA fermentation to butanoate II	known_no_metformin	positive_abundance	log2_positive ~ group + age + BMI	75	42	33	-0.128872333963737	0.19750048180368	-0.51597327829895	0.258228610371476	0.516175148893506	positive_abundance_ratio	0.914546015333589	0.699320994122899	1.19600930215397	estimated	
MetaCardis	PWY-5676	acetyl-CoA fermentation to butanoate II	primary_demographic_adjusted	detection	detected ~ group + age_category + gender + BMI + country	656	153	503	0.697697254815045	0.258354435404533	0.191322561422161	1.20407194820793	0.0069226393462553	odds_ratio	2.00912088312201	1.21084996258206	3.33366382932303	estimated	
MetaCardis	PWY-5676	acetyl-CoA fermentation to butanoate II	primary_demographic_adjusted	positive_abundance	log2_positive ~ group + age_category + gender + BMI + country	454	88	366	0.666438783150863	0.193048919533543	0.288062900865118	1.04481466543661	0.0006088674286146	positive_abundance_ratio	1.58715033095363	1.22099974655707	2.0631013070636	estimated	
MetaCardis	PWY-5676	acetyl-CoA fermentation to butanoate II	known_no_metformin	detection	detected ~ group + age_category + gender + BMI + country	276	152	124	0.178969613441922	0.414493957200364	-0.633438542670791	0.991377769554635	0.665902346938114	odds_ratio	1.19598440176624	0.530763606337029	2.69494492875964	estimated	
MetaCardis	PWY-5676	acetyl-CoA fermentation to butanoate II	known_no_metformin	positive_abundance	log2_positive ~ group + age_category + gender + BMI + country	176	87	89	0.325538175061792	0.300075502821479	-0.262609810468308	0.913686160591891	0.279522293649167	positive_abundance_ratio	1.25313181287809	0.833578625327536	1.88385269575511	estimated	
Qin	CENTFERM-PWY	pyruvate fermentation to butanoate	primary_demographic_adjusted	detection	detected ~ group + age_category + gender + BMI	344	174	170	-0.712596119132858	0.56140172506658	-1.81294350026336	0.387751261997639	0.204328428347187	odds_ratio	0.490369485920832	0.163173129078403	1.47366318265995	estimated	
Qin	CENTFERM-PWY	pyruvate fermentation to butanoate	primary_demographic_adjusted	positive_abundance	log2_positive ~ group + age_category + gender + BMI	329	168	161	-0.109431756339283	0.128706436213452	-0.361696371317648	0.142832858639083	0.395819764376361	positive_abundance_ratio	0.926953095029333	0.778248949100806	1.10407092920232	estimated	
Qin	CENTFERM-PWY	pyruvate fermentation to butanoate	known_no_metformin	detection	detected ~ group + age_category + gender + BMI	130	74	56	-0.693300058896421	0.582314189132608	-1.83463586959633	0.44803575180349	0.233812819885036	odds_ratio	0.499923566674411	0.159671632479885	1.56523465461499	estimated	
Qin	CENTFERM-PWY	pyruvate fermentation to butanoate	known_no_metformin	positive_abundance	log2_positive ~ group + age_category + gender + BMI	116	68	48	-0.252447591582017	0.206292245878607	-0.656780393504087	0.151885210340052	0.223666004278193	positive_abundance_ratio	0.83947100930859	0.634292244041334	1.11102032555148	estimated	
Karlsson	CENTFERM-PWY	pyruvate fermentation to butanoate	primary_demographic_adjusted	detection	detected ~ group + age + BMI	96	43	53						odds_ratio				not_pooled_separation_or_unstable	
Karlsson	CENTFERM-PWY	pyruvate fermentation to butanoate	primary_demographic_adjusted	positive_abundance	log2_positive ~ group + age + BMI	95	43	52	-0.125291348019723	0.191142159797212	-0.499929981222258	0.249347285182813	0.513807500500373	positive_abundance_ratio	0.916818875633228	0.707141100257889	1.1886692067691	estimated	
Karlsson	CENTFERM-PWY	pyruvate fermentation to butanoate	known_no_metformin	detection	detected ~ group + age + BMI	75	42	33						odds_ratio				not_pooled_separation_or_unstable	
Karlsson	CENTFERM-PWY	pyruvate fermentation to butanoate	known_no_metformin	positive_abundance	log2_positive ~ group + age + BMI	74	42	32	-0.0844763472163546	0.222713361571308	-0.520994535896118	0.352041841463408	0.705609414937587	positive_abundance_ratio	0.943126799072075	0.696891258764342	1.27636578582588	estimated	
MetaCardis	CENTFERM-PWY	pyruvate fermentation to butanoate	primary_demographic_adjusted	detection	detected ~ group + age_category + gender + BMI + country	656	153	503	0.184923549438733	0.250070208419867	-0.305214059064207	0.675061157941673	0.45961161912122	odds_ratio	1.20312645691875	0.736965603338665	1.96415309585714	estimated	
MetaCardis	CENTFERM-PWY	pyruvate fermentation to butanoate	primary_demographic_adjusted	positive_abundance	log2_positive ~ group + age_category + gender + BMI + country	404	95	309	-0.20578477147982	0.135023965974981	-0.470431744790784	0.0588622018311435	0.128287625269272	positive_abundance_ratio	0.867066907279296	0.721748573023326	1.04164393224867	estimated	
MetaCardis	CENTFERM-PWY	pyruvate fermentation to butanoate	known_no_metformin	detection	detected ~ group + age_category + gender + BMI + country	276	152	124	-0.200903353880064	0.393397712375969	-0.971962870136962	0.570156162376835	0.609569788754803	odds_ratio	0.817991483436784	0.378339677127679	1.76854320978158	estimated	
MetaCardis	CENTFERM-PWY	pyruvate fermentation to butanoate	known_no_metformin	positive_abundance	log2_positive ~ group + age_category + gender + BMI + country	173	94	79	-0.187318738295453	0.227166436573542	-0.632564953979596	0.257927477388689	0.410781696023205	positive_abundance_ratio	0.878236415791327	0.645028604974552	1.1957596858087	estimated	
