variant	pathway_id	omitted_cohort	method	test	k	estimate_log2_ratio	se	ci95_low	ci95_high	p_value	abundance_ratio	ratio_ci95_low	ratio_ci95_high	tau2	I2	Q	Q_p	q_scale
primary_demographic_adjusted	PWY-5676	Qin	REML	modified_KH	2	0.307387436934691	0.356375930509306	-4.22079809916131	4.8355729730307	0.546900150982643	1.23746475624215	0.0536306630768845	28.5530503463319	0.218653787755488	86.0767749823734	7.1822440458959	0.00736285597864024	0.999999999825173
primary_demographic_adjusted	PWY-5676	Karlsson	REML	modified_KH	2	0.351852970682004	0.300851001394244	-3.47082144811644	4.17452738948045	0.450355717301427	1.27619870101764	0.0901942049195708	18.0575140712361	0.15220767306662	83.9147713852855	6.21688397597822	0.0126537624398743	1.00000000024765
primary_demographic_adjusted	PWY-5676	MetaCardis	REML	modified_KH	2	0.0214411740970482	0.113733100713038	-1.42367488884278	1.46655723703688	0.881375512781757	1.01497287639512	0.372761589015642	2.76361612938225	0	0	0.223705770387316	0.636230698712728	0.223705770387316
primary_demographic_adjusted	CENTFERM-PWY	Qin	REML	modified_KH	2	-0.178989091674734	0.110283027372591	-1.58026781639604	1.22228963304657	0.351544928662884	0.883321730317981	0.334419802519389	2.333167095291	0	0	0.11830509757525	0.730880067640469	0.11830509757525
primary_demographic_adjusted	CENTFERM-PWY	Karlsson	REML	modified_KH	2	-0.155301499329114	0.0931625481658935	-1.33904391006869	1.02844091141047	0.343986422304363	0.897944697729273	0.395282527244421	2.03981867299068	0	0	0.266803231755927	0.605484297770796	0.266803231755927
primary_demographic_adjusted	CENTFERM-PWY	MetaCardis	REML	modified_KH	2	-0.114379332806735	0.106759552735682	-1.47088806740875	1.24212940179528	0.478072674965916	0.923779647927558	0.360760160480871	2.36547416097076	0	0	0.00473678842313098	0.945129451329898	0.00473678842313098
known_no_metformin	PWY-5676	Qin	REML	modified_KH	2	0.0421734944793578	0.220155278913196	-2.75516455314135	2.83951154210007	0.879507251039185	1.029663900496	0.148119700938334	7.15777672563643	0.0387185821244698	37.5018510755408	1.60004737931062	0.205896496522893	0.999999993983459
known_no_metformin	PWY-5676	Karlsson	REML	modified_KH	2	0.0809235632299059	0.209733594291244	-2.58399442588844	2.74584155234825	0.765571131326008	1.05769492341371	0.16677854058734	6.70780873291832	0.0137791802601183	15.2974333654393	1.18060178303667	0.277233518547992	1.00000001196545
known_no_metformin	PWY-5676	MetaCardis	REML	modified_KH	2	-0.11736109388955	0.154997070396801	-2.08678560385859	1.85206341607949	0.587418067364093	0.921872352486642	0.23540459656139	3.61016159706817	0	0	0.00884431757896753	0.925074020329381	0.00884431757896753
known_no_metformin	CENTFERM-PWY	Qin	REML	modified_KH	2	-0.134879670833573	0.159033153351236	-2.15558747715385	1.8858281354867	0.552199523557642	0.910745791926067	0.224441680132674	3.69565001037563	0	0	0.104505414995284	0.746488520558479	0.104505414995284
known_no_metformin	CENTFERM-PWY	Karlsson	REML	modified_KH	2	-0.223012336360733	0.15271839550014	-2.16348353656561	1.71745886384414	0.382258489659757	0.856774628531372	0.223216636813405	3.28856654492424	0	0	0.0450479911945677	0.83191580740756	0.0450479911945677
known_no_metformin	CENTFERM-PWY	MetaCardis	REML	modified_KH	2	-0.174882025080307	0.151343330753478	-2.09788137108861	1.74811732092799	0.454144357351542	0.885839954802014	0.233601044313182	3.35919913299529	0	0	0.306152704510212	0.580050691651686	0.306152704510212
