herb	outcome	n_total	trial_ids	k	estimate	se	ci_lb	ci_ub	p_value	tau2	I2	Q	Q_p	q_scale	test	exploratory	prediction_lb	prediction_ub	bh_q_across_herb_outcome_pools	publication_bias_assessment
人参	FPG	150	TRIAL001|TRIAL008|TRIAL010	3	-6.782368469225484	3.950732402095699	-23.78099802361219	10.21626108516122	0.2281646763016085	6.782256528199861	0.0	1.925754814584039	0.3817927307493378	0.8418084847323438	ordinary_HK	False	-66.906409462762	53.34167252431104		not_assessed_k_lt_10
人参	FPG	150	TRIAL001|TRIAL008|TRIAL010	3	-6.782368469225484	4.30596965463391	-25.309460557954424	11.744723619503452	0.2559115111444323	6.782256528199861	0.0	1.925754814584039	0.3817927307493378	0.8418084847323438	modified_HK	False	-70.72328230525005	57.15854536679909	0.7201507225396137	not_assessed_k_lt_10
人参	HbA1c	150	TRIAL001|TRIAL008|TRIAL010	3	-0.1481330660045013	0.0658132227324919	-0.4313045084480673	0.1350383764390646	0.1532649286901981	0.0	0.0	0.6788623003706167	0.7121753283615749	0.3394311501853083	ordinary_HK	False	-0.984369348391011	0.6881032163820082		not_assessed_k_lt_10
人参	HbA1c	150	TRIAL001|TRIAL008|TRIAL010	3	-0.1481330660045013	0.11296328412224	-0.6341748487945216	0.3379087167855189	0.3200669877953838	0.0	0.0	0.6788623003706167	0.7121753283615749	0.3394311501853083	modified_HK	False	-1.5834676817323556	1.287201549723353	0.7201507225396137	not_assessed_k_lt_10
姜黄	FPG	156	B47N007|B47N013|B47N008	3	-10.822591127834896	0.7786130450403814	-14.172692671496431	-7.472489584173358	0.0051359996250644	0.403463376618822	0.0	1.233097388212524	0.5398042559575834	0.5853490149373219	ordinary_HK	False	-23.590282672019008	1.9451004163492165		not_assessed_k_lt_10
姜黄	FPG	156	B47N007|B47N013|B47N008	3	-10.822591127834896	1.0176870068835946	-15.201344906033151	-6.443837349636638	0.0087267367452483	0.403463376618822	0.0	1.233097388212524	0.5398042559575834	0.5853490149373219	modified_HK	False	-26.065537201040627	4.420354945370834	0.0785406307072354	not_assessed_k_lt_10
姜黄	HbA1c	135	B47N007|B47N013	2	-0.1439028237160602	0.0649533477967457	-0.9692133591214732	0.6814077116893529	0.2699218384467905	0.0	0.0	0.141839892005735	0.706458718761777	0.141839892005735	ordinary_HK	True				not_assessed_k_lt_10
姜黄	HbA1c	135	B47N007|B47N013	2	-0.1439028237160602	0.1724655446397512	-2.335285343844616	2.047479696412496	0.5573206106035631	0.0	0.0	0.141839892005735	0.706458718761777	0.141839892005735	modified_HK	True			0.8436485102475263	not_assessed_k_lt_10
桑叶	FPG	137	TRIAL015|TRIAL017	2	-2.087054652174106	2.7809781033328496	-37.42273179994008	33.24862249559187	0.5901409661926069	0.0	0.0	0.289722478380794	0.5903984275354023	0.289722478380794	ordinary_HK	True				not_assessed_k_lt_10
桑叶	FPG	137	TRIAL015|TRIAL017	2	-2.087054652174106	5.166619438086857	-67.73517902640556	63.56106972205736	0.7555974082699681	0.0	0.0	0.289722478380794	0.5903984275354023	0.289722478380794	modified_HK	True			0.8436485102475263	not_assessed_k_lt_10
桑叶	HbA1c	234	TRIAL014|TRIAL015|TRIAL017|TRIAL013	4	0.0548112223233805	0.2550937016097857	-0.7570107858658267	0.8666332305125878	0.8436485102475263	0.1703773556895562	67.2272998271835	9.153960412722924	0.0273124099301113	1.056504370087518	ordinary_HK	False	-2.032973826255853	2.1425962709026143		not_assessed_k_lt_10
桑叶	HbA1c	234	TRIAL014|TRIAL015|TRIAL017|TRIAL013	4	0.0548112223233805	0.2550937016097857	-0.7570107858658267	0.8666332305125878	0.8436485102475263	0.1703773556895562	67.2272998271835	9.153960412722924	0.0273124099301113	1.056504370087518	modified_HK	False	-2.032973826255853	2.1425962709026143	0.8436485102475263	not_assessed_k_lt_10
灵芝	FPG	50	TRIAL021	1	-29.920000000000016	5.390448218840433	-40.48527850892727	-19.35472149107277	2.847578505668388e-08	0.0	0.0	0.0			single_study	False				not_assessed_k_lt_10
灵芝	FPG	50	TRIAL021	1	-29.920000000000016	5.390448218840433	-40.48527850892727	-19.35472149107277	2.847578505668388e-08	0.0	0.0	0.0			single_study	False				not_assessed_k_lt_10
灵芝	HbA1c	50	TRIAL021	1	-0.4099999999999992	0.1923018460649816	-0.7869116182873632	-0.0330883817126351	0.0330015185561533	0.0	0.0	0.0			single_study	False				not_assessed_k_lt_10
灵芝	HbA1c	50	TRIAL021	1	-0.4099999999999992	0.1923018460649816	-0.7869116182873632	-0.0330883817126351	0.0330015185561533	0.0	0.0	0.0			single_study	False				not_assessed_k_lt_10
西红花	FPG	376	TRIAL025|TRIAL026|TRIAL030|TRIAL024|TRIAL029|TRIAL028	6	-1.3190887206811486	4.387895544496211	-12.598533304032626	9.960355862670328	0.7758029808426136	63.95301762310593	65.62355857518463	14.544844645817946	0.0124949138890904	0.9882809087376894	ordinary_HK	False	-26.64517584378439	24.00699840242209		not_assessed_k_lt_10
西红花	FPG	376	TRIAL025|TRIAL026|TRIAL030|TRIAL024|TRIAL029|TRIAL028	6	-1.3190887206811486	4.413834831281693	-12.665212363472746	10.027034922110447	0.7770744931971536	63.95301762310593	65.62355857518463	14.544844645817946	0.0124949138890904	0.9882809087376894	modified_HK	False	-26.679898150786347	24.04172070942405	0.8436485102475263	not_assessed_k_lt_10
西红花	HbA1c	319	TRIAL026|TRIAL030|TRIAL024|TRIAL029|TRIAL028	5	-0.0641385998642826	0.1108652526682972	-0.3719498879716931	0.2436726882431277	0.593919635397739	0.0413668222863355	74.77096171677101	15.854746245555464	0.0032203960363079	0.8723747232778281	ordinary_HK	False	-0.8013262112259376	0.6730490114973724		not_assessed_k_lt_10
西红花	HbA1c	319	TRIAL026|TRIAL030|TRIAL024|TRIAL029|TRIAL028	5	-0.0641385998642826	0.1186981401962314	-0.3936974702081909	0.2654202704796256	0.6176364630688106	0.0413668222863355	74.77096171677101	15.854746245555464	0.0032203960363079	0.8723747232778281	modified_HK	False	-0.8135764660790455	0.6852992663504803	0.8436485102475263	not_assessed_k_lt_10
黄芪	FPG	87	TRIAL032	1	-2.1621839999999963	2.823572334366216	-7.69638577535778	3.372017775357788	0.4438180124326428	0.0	0.0	0.0			single_study	False				not_assessed_k_lt_10
黄芪	FPG	87	TRIAL032	1	-2.1621839999999963	2.823572334366216	-7.69638577535778	3.372017775357788	0.4438180124326428	0.0	0.0	0.0			single_study	False				not_assessed_k_lt_10
黄芪	HbA1c	167	TRIAL032|TRIAL033	2	-0.4515073924308342	0.1940321288115517	-2.916919346506231	2.013904561644562	0.2583919454060239	0.0510845462207826	63.85567956349187	2.7666864058396694	0.0962452109438275	0.9999999678751326	ordinary_HK	True				not_assessed_k_lt_10
黄芪	HbA1c	167	TRIAL032|TRIAL033	2	-0.4515073924308342	0.19403213192818	-2.9169193861067484	2.01390460124508	0.2583919491153888	0.0510845462207826	63.85567956349187	2.7666864058396694	0.0962452109438275	0.9999999678751326	modified_HK	True			0.7201507225396137	not_assessed_k_lt_10
