donor_id	PCoA1	PCoA2	rb1_group
D7	0.123657311262219	0.523832936466547	High
D8	-0.225990964488192	-0.0124045390870855	High
D10	-0.0289299763069045	0.125674850889806	Low
D12	-0.0719473596262488	-0.149123441354061	High
D13	0.53514008476757	-0.177366218156344	Low
D17	-0.128339725124499	0.117085125284569	High
D19	-0.0217592580935656	-0.0677610451332279	High
D20	-0.101218254930847	-0.127193404815668	Low
D23	0.48515123844714	-0.215563203371564	Low
D24	-0.0244047374470542	-0.109469829873306	Low
D27	0.219975463388441	0.494692039051421	High
D29	-0.117085345188691	-0.0005747839582668	High
D30	-0.207080836398771	0.0272558991285265	Low
D38	-0.100621734731726	-0.0450421462099693	High
D39	-0.176108931952875	-0.0518303122081486	Low
D40	-0.190777748229489	-0.160116230911546	High
D41	-0.176770248449141	-0.0182338754577932	High
D42	-0.133955106934224	0.0507271402048693	Low
D43	0.298166059482748	-0.0480693682340385	Low
D47	0.0429000705541134	-0.156519592254721	Low
