alpha	herb_canonical	exploratory_composite_score	exploratory_rank
0.0	肉苁蓉	0.26454278699557043	48
0.0	甘草	0.06086126878943324	66
0.0	菊花	0.6795882114471133	17
0.0	八角茴香	0.2566356237258556	51
0.0	石斛	-1.126001584451318	92
0.0	小蓟	1.3113187074788568	3
0.0	天冬	0.6160819210031985	22
0.0	芦根	0.0909309349375152	63
0.0	赤小豆	-3.0227997162462295	103
0.0	白茅根	0.10641858737802466	61
0.0	人参	0.5571439618686731	26
0.0	金银花	0.25796099333686656	50
0.0	香橼	-0.3283013015425088	82
0.0	莱菔子	-0.6605710976091268	87
0.0	薤白	0.16841434434109	56
0.0	覆盆子	-1.3065242781668762	94
0.0	蜂蜜	0.24762053798731132	52
0.0	蒲公英	0.06202159972669135	65
0.0	灵芝	0.4029675396585036	37
0.0	薏苡仁	0.5167213912507015	30
0.0	党参	0.361553720540653	41
0.0	桑椹	0.37172170401941873	40
0.0	陈皮	0.19897124019081694	53
0.0	白果	0.636790592941164	20
0.0	桑叶	0.058077433149340996	67
0.0	姜黄	-0.0390259492447172	74
0.0	鱼腥草	0.4984884462534683	34
0.0	黄芪	0.7628464148685308	13
0.0	砂仁	0.3824670477062025	39
0.0	刀豆	0.5482180029880439	27
0.0	夏枯草	0.511657640250251	32
0.0	木瓜	0.428740286958874	36
0.0	杜仲	0.5676503461340557	25
0.0	杏仁	0.04476752841187363	68
0.0	山楂	0.5425765795905068	28
0.0	草果	-0.0239615656145135	72
0.0	莲子	0.6942866245299445	15
0.0	沙棘	-0.08978451423181592	77
0.0	槐米	0.7860778240351064	12
0.0	当归	-0.21606159750061926	80
0.0	丁香	0.6888302574095939	16
0.0	枸杞子	0.401232475206727	38
0.0	茯苓	0.08937115561800513	64
0.0	西洋参	0.2711831432690312	47
0.0	栀子	0.11413774399993239	60
0.0	山茱萸	0.12093833800748258	58
0.0	山药	0.18414007528280837	54
0.0	决明子	0.7528594702103628	14
0.0	大枣	-0.0717119527420043	76
0.0	槐花	-0.39639744598485155	84
0.0	酸枣仁	0.26083690010625055	49
0.0	葛根	0.429505172338991	35
0.0	西红花	0.6494288783402304	19
0.0	杜仲叶	0.5401960057740973	29
0.0	地黄	0.04391056948708574	69
0.0	天麻	0.602785849865621	24
0.0	荷叶	0.3220397647146223	42
0.0	乌梅	0.295647369078786	43
0.0	麦冬	-2.859252488891718	102
0.0	淡豆豉	-1.0680984930924735	91
0.0	黄精	0.6540549081059837	18
0.0	藿香	0.5028143393808627	33
0.0	生姜	-0.17899203984022855	79
0.0	薄荷	0.02798762749059943	70
0.0	马齿苋	-0.38265003945895376	83
0.0	麦芽	-0.12138292501708633	78
0.0	香薷	-0.04861117531941358	75
0.0	益智仁	0.5152654757013506	31
0.0	广藿香	0.614352400223525	23
0.0	佛手	-0.030584534036063545	73
0.0	紫苏子	0.2870431788845988	44
0.0	桃仁	0.6280790204939196	21
0.0	白扁豆	0.11711360671979801	59
0.0	昆布	-1.2638358962782388	93
0.0	肉豆蔻	0.17220285313943012	55
0.0	白芷	-0.6726496960110293	88
0.0	胖大海	0.853081694301553	9
0.0	小茴香	-1.0231263653022362	90
0.0	余甘子	0.017457851988487372	71
0.0	火麻仁	0.27252455092347444	46
0.0	肉桂	-0.2235880212204078	81
0.0	芡实	1.1172874855345853	6
0.0	玳玳花	-3.4652729621955456	104
0.0	罗汉果	0.141583288728934	57
0.0	玉竹	1.2431403268323609	4
0.0	花椒	-0.4516873087448524	85
0.0	高良姜	0.09953836502067284	62
0.0	桔梗	-0.7174573128534382	89
0.0	橘红	-2.488377738064647	101
0.0	榧子	2.4533592721816517	1
0.0	化橘红	-0.462613096337899	86
0.0	荜茇	-2.488133317280824	100
0.0	百合	0.8880671204504261	8
0.0	山柰	-1.9137027657372936	96
0.0	干姜	-2.051687995750962	98
0.0	青果	0.7902665455759417	11
0.0	郁李仁	1.0846318123354544	7
0.0	枳椇子	-2.4590524123006174	99
0.0	淡竹叶	2.036847662255453	2
0.0	鸡内金	-2.0425932783181704	97
0.0	阿胶	0.8020769793184429	10
0.0	龙眼肉	-1.7855316670855146	95
0.0	牡蛎	0.27296958965266166	45
0.0	乌梢蛇	1.1271135660287428	5
0.25	肉苁蓉	0.8673710199229651	7
0.25	甘草	0.61109397521575	15
0.25	菊花	1.050095983847386	4
0.25	八角茴香	0.7099548583708459	11
0.25	石斛	-0.37246663817417863	81
0.25	小蓟	1.4279426072849029	3
0.25	天冬	0.8599258217527164	8
0.25	芦根	0.360205114831532	37
0.25	赤小豆	-1.9950869597061507	102
0.25	白茅根	0.33504760814380374	41
0.25	人参	0.6691348980216723	12
0.25	金银花	0.43897044683409625	30
0.25	香橼	-0.004374123997082896	66
0.25	莱菔子	-0.25833078634855366	76
0.25	薤白	0.3577223242657962	38
0.25	覆盆子	-0.78582924655943	90
0.25	蜂蜜	0.3753301880487934	36
0.25	蒲公英	0.227611220385708	48
0.25	灵芝	0.46555074099553445	27
0.25	薏苡仁	0.5390710966434136	19
0.25	党参	0.4124854273385265	31
0.25	桑椹	0.39763437115149414	33
0.25	陈皮	0.265511700048703	43
0.25	白果	0.5930584453759752	16
0.25	桑叶	0.158787461297994	51
0.25	姜黄	0.08536014733239533	59
0.25	鱼腥草	0.4761951589602327	25
0.25	黄芪	0.6679682502119861	13
0.25	砂仁	0.3810881717574497	35
0.25	刀豆	0.49966462893020425	21
0.25	夏枯草	0.46809564182156244	26
0.25	木瓜	0.4020165731003902	32
0.25	杜仲	0.5007387235932583	20
0.25	杏仁	0.10490768566008529	57
0.25	山楂	0.4634354137751424	28
0.25	草果	0.028335458268018743	62
0.25	莲子	0.5639168338925726	18
0.25	沙棘	-0.0395837852773811	67
0.25	槐米	0.5716350192763089	17
0.25	当归	-0.20088980919912386	74
0.25	丁香	0.47679155808420837	24
0.25	枸杞子	0.24782239778977166	47
0.25	茯苓	0.005849892029393462	65
0.25	西洋参	0.14186267013863116	52
0.25	栀子	0.021320585111643697	64
0.25	山茱萸	0.02176679213864273	63
0.25	山药	0.06777362439039551	60
0.25	决明子	0.4936022031801766	22
0.25	大枣	-0.12791644709158279	70
0.25	槐花	-0.38909984896289207	85
0.25	酸枣仁	0.09872803327618433	58
0.25	葛根	0.22363023012965183	49
0.25	西红花	0.3878958782061955	34
0.25	杜仲叶	0.30571999330123867	42
0.25	地黄	-0.06997461287400011	68
0.25	天麻	0.3484108659858798	40
0.25	荷叶	0.13427591682429213	53
0.25	乌梅	0.11088969058974195	55
0.25	麦冬	-2.2553394313729402	103
0.25	淡豆豉	-0.9197598522710143	92
0.25	黄精	0.353032054818973	39
0.25	藿香	0.1827347889659375	50
0.25	生姜	-0.4083879894061782	86
0.25	薄荷	-0.2999915107229333	78
0.25	马齿苋	-0.6114000548348051	89
0.25	麦芽	-0.42754032009928855	87
0.25	香薷	-0.37445453872059287	84
0.25	益智仁	0.040957371491544936	61
0.25	广藿香	0.115109058639281	54
0.25	佛手	-0.3736157350526771	83
0.25	紫苏子	-0.14681710793476416	71
0.25	桃仁	0.10800318261787845	56
0.25	白扁豆	-0.2754632572106105	77
0.25	昆布	-1.317987895289019	96
0.25	肉豆蔻	-0.2428538841877172	75
0.25	白芷	-0.8809341669862976	91
0.25	胖大海	0.25922349396288374	45
0.25	小茴香	-1.1479325507399583	93
0.25	余甘子	-0.3716136828914826	80
0.25	火麻仁	-0.18708556493869638	73
0.25	肉桂	-0.5624526178982353	88
0.25	芡实	0.43960220841171455	29
0.25	玳玳花	-3.0053173116363516	104
0.25	罗汉果	-0.3041958348912346	79
0.25	玉竹	0.4818452973245917	23
0.25	花椒	-0.11102743025758074	69
0.25	高良姜	0.25779347532182445	46
0.25	桔梗	-0.37345821043896504	82
0.25	橘红	-1.7228016128999046	100
0.25	榧子	1.8919305571433978	1
0.25	化橘红	-0.17991904979898932	72
0.25	荜茇	-1.6835585415861736	99
0.25	百合	0.8371592713620687	9
0.25	山柰	-1.2651510159837145	94
0.25	干姜	-1.3879805880252696	97
0.25	青果	0.7403124338246065	10
0.25	郁李仁	0.9421247389350726	5
0.25	枳椇子	-1.7318044034958338	101
0.25	淡竹叶	1.636360547247907	2
0.25	鸡内金	-1.4328083334688728	98
0.25	阿胶	0.6634475734125825	14
0.25	龙眼肉	-1.2772589113903856	95
0.25	牡蛎	0.25934936212529247	44
0.25	乌梢蛇	0.8912748994820411	6
0.5	肉苁蓉	1.4701992528503598	2
0.5	甘草	1.1613266816420669	7
0.5	菊花	1.4206037562476586	3
0.5	八角茴香	1.1632740930158363	6
0.5	石斛	0.3810683081029608	34
0.5	小蓟	1.544566507090949	1
0.5	天冬	1.1037697225022343	8
0.5	芦根	0.6294792947255488	14
0.5	赤小豆	-0.9673742031660719	98
0.5	白茅根	0.5636766289095828	17
0.5	人参	0.7811258341746713	11
0.5	金银花	0.6199799003313259	15
0.5	香橼	0.319553053548343	39
0.5	莱菔子	0.14390952491201953	47
0.5	薤白	0.5470303041905024	20
0.5	覆盆子	-0.26513421495198375	71
0.5	蜂蜜	0.5030398381102755	23
0.5	蒲公英	0.39320084104472464	32
0.5	灵芝	0.5281339423325653	21
0.5	薏苡仁	0.5614208020361258	18
0.5	党参	0.46341713413639996	24
0.5	桑椹	0.42354703828356954	30
0.5	陈皮	0.3320521599065891	38
0.5	白果	0.5493262978107863	19
0.5	桑叶	0.259497489446647	41
0.5	姜黄	0.20974624390950788	45
0.5	鱼腥草	0.4539018716669971	25
0.5	黄芪	0.5730900855554415	16
0.5	砂仁	0.37970929580869694	35
0.5	刀豆	0.45111125487236453	26
0.5	夏枯草	0.424533643392874	29
0.5	木瓜	0.3752928592419063	36
0.5	杜仲	0.4338271010524608	27
0.5	杏仁	0.16504784290829697	46
0.5	山楂	0.384294247959778	33
0.5	草果	0.080632482150551	52
0.5	莲子	0.4335470432552009	28
0.5	沙棘	0.010616943677053715	57
0.5	槐米	0.3571922145175114	37
0.5	当归	-0.18571802089762848	69
0.5	丁香	0.26475285875882276	40
0.5	枸杞子	0.09441232037281636	50
0.5	茯苓	-0.0776713715592182	65
0.5	西洋参	0.012542197008231157	56
0.5	栀子	-0.071496573776645	62
0.5	山茱萸	-0.07740475373019713	64
0.5	山药	-0.048592826502017336	59
0.5	决明子	0.23434493614999052	43
0.5	大枣	-0.18412094144116126	68
0.5	槐花	-0.38180225194093265	74
0.5	酸枣仁	-0.06338083355388191	61
0.5	葛根	0.017755287920312585	55
0.5	西红花	0.1263628780721605	48
0.5	杜仲叶	0.07124398082837996	53
0.5	地黄	-0.183859795235086	67
0.5	天麻	0.09403588210613853	51
0.5	荷叶	-0.05348793106603811	60
0.5	乌梅	-0.07386798789930216	63
0.5	麦冬	-1.6514263738541621	103
0.5	淡豆豉	-0.7714212114495551	92
0.5	黄精	0.05200920153196231	54
0.5	藿香	-0.13734476144898766	66
0.5	生姜	-0.6377839389721278	81
0.5	薄荷	-0.6279706489364659	80
0.5	马齿苋	-0.8401500702106565	94
0.5	麦芽	-0.7336977151814907	88
0.5	香薷	-0.7002979021217721	85
0.5	益智仁	-0.43335073271826074	77
0.5	广藿香	-0.384134282944963	75
0.5	佛手	-0.7166469360692906	86
0.5	紫苏子	-0.580677394754127	78
0.5	桃仁	-0.4120726552581628	76
0.5	白扁豆	-0.6680401211410191	84
0.5	昆布	-1.372139894299799	102
0.5	肉豆蔻	-0.6579106215148645	83
0.5	白芷	-1.0892186379615656	100
0.5	胖大海	-0.33463470637578546	73
0.5	小茴香	-1.27273873617768	101
0.5	余甘子	-0.7606852177714526	90
0.5	火麻仁	-0.6466956808008673	82
0.5	肉桂	-0.9013172145760627	96
0.5	芡实	-0.23808306871115636	70
0.5	玳玳花	-2.5453616610771577	104
0.5	罗汉果	-0.7499749585114031	89
0.5	玉竹	-0.2794497321831776	72
0.5	花椒	0.22963244822969087	44
0.5	高良姜	0.41604858562297603	31
0.5	桔梗	-0.029459108024491976	58
0.5	橘红	-0.9572254877351623	97
0.5	榧子	1.330501842105144	4
0.5	化橘红	0.10277499673992038	49
0.5	荜茇	-0.8789837658915232	95
0.5	百合	0.7862514222737113	10
0.5	山柰	-0.6165992662301356	79
0.5	干姜	-0.7242731802995774	87
0.5	青果	0.6903583220732713	12
0.5	郁李仁	0.799617665534691	9
0.5	枳椇子	-1.00455639469105	99
0.5	淡竹叶	1.235873432240361	5
0.5	鸡内金	-0.8230233886195751	93
0.5	阿胶	0.5248181675067222	22
0.5	龙眼肉	-0.7689861556952566	91
0.5	牡蛎	0.2457291345979232	42
0.5	乌梢蛇	0.6554362329353394	13
0.75	肉苁蓉	2.073027485777754	1
0.75	甘草	1.7115593880683837	3
0.75	菊花	1.791111528647931	2
0.75	八角茴香	1.6165933276608269	5
0.75	石斛	1.1346032543801001	7
0.75	小蓟	1.6611904068969952	4
0.75	天冬	1.3476136232517522	6
0.75	芦根	0.8987534746195656	8
0.75	赤小豆	0.06033855337400684	51
0.75	白茅根	0.7923056496753619	12
0.75	人参	0.8931167703276705	9
0.75	金银花	0.8009893538285555	11
0.75	香橼	0.6434802310937688	17
0.75	莱菔子	0.5461498361725927	25
0.75	薤白	0.7363382841152086	14
0.75	覆盆子	0.2555608166554625	45
0.75	蜂蜜	0.6307494881717577	19
0.75	蒲公英	0.5587904617037414	24
0.75	灵芝	0.590717143669596	20
0.75	薏苡仁	0.583770507428838	21
0.75	党参	0.5143488409342735	26
0.75	桑椹	0.44945970541564495	29
0.75	陈皮	0.3985926197644752	33
0.75	白果	0.5055941502455975	27
0.75	桑叶	0.36020751759530006	39
0.75	姜黄	0.33413234048662044	41
0.75	鱼腥草	0.4316085843737615	30
0.75	黄芪	0.47821192089889675	28
0.75	砂仁	0.37833041985994414	37
0.75	刀豆	0.4025578808145248	32
0.75	夏枯草	0.38097164496418556	36
0.75	木瓜	0.34856914538342243	40
0.75	杜仲	0.3669154785116633	38
0.75	杏仁	0.2251880001565086	47
0.75	山楂	0.3051530821444136	43
0.75	草果	0.13292950603308323	49
0.75	莲子	0.30317725261782913	44
0.75	沙棘	0.06081767263148853	50
0.75	槐米	0.14274940975871386	48
0.75	当归	-0.1705462325961331	65
0.75	丁香	0.05271415943343721	52
0.75	枸杞子	-0.05899775704413898	55
0.75	茯苓	-0.16119263514782986	61
0.75	西洋参	-0.11677827612216886	58
0.75	栀子	-0.16431373266493368	63
0.75	山茱萸	-0.176576299599037	66
0.75	山药	-0.16495927739443017	64
0.75	决明子	-0.02491233088019562	54
0.75	大枣	-0.24032543579073973	71
0.75	槐花	-0.3745046549189732	78
0.75	酸枣仁	-0.22548970038394817	70
0.75	葛根	-0.18811965428902663	67
0.75	西红花	-0.13517012206187445	59
0.75	杜仲叶	-0.1632320316444787	62
0.75	地黄	-0.2977449775961718	77
0.75	天麻	-0.1603391017736027	60
0.75	荷叶	-0.24125177895636835	72
0.75	乌梅	-0.2586256663883463	74
0.75	麦冬	-1.0475133163353842	92
0.75	淡豆豉	-0.623082570628096	80
0.75	黄精	-0.24901365175504836	73
0.75	藿香	-0.45742431186391286	79
0.75	生姜	-0.8671798885380775	81
0.75	薄荷	-0.9559497871499987	87
0.75	马齿苋	-1.0689000855865076	95
0.75	麦芽	-1.039855110263693	90
0.75	香薷	-1.0261412655229514	89
0.75	益智仁	-0.9076588369280665	83
0.75	广藿香	-0.8833776245292071	82
0.75	佛手	-1.059678137085904	93
0.75	紫苏子	-1.0145376815734901	88
0.75	桃仁	-0.932148493134204	86
0.75	白扁豆	-1.0606169850714275	94
0.75	昆布	-1.4262918933105793	103
0.75	肉豆蔻	-1.0729673588420119	96
0.75	白芷	-1.2975031089368338	101
0.75	胖大海	-0.9284929067144546	85
0.75	小茴香	-1.397544921615402	102
0.75	余甘子	-1.1497567526514225	98
0.75	火麻仁	-1.106305796663038	97
0.75	肉桂	-1.2401818112538903	100
0.75	芡实	-0.9157683458340273	84
0.75	玳玳花	-2.0854060105179637	104
0.75	罗汉果	-1.1957540821315717	99
0.75	玉竹	-1.0407447616909469	91
0.75	花椒	0.5702923267169625	23
0.75	高良姜	0.5743036959241276	22
0.75	桔梗	0.31453999438998115	42
0.75	橘红	-0.19164936257041987	68
0.75	榧子	0.76907312706689	13
0.75	化橘红	0.3854690432788301	35
0.75	荜茇	-0.07440899019687253	57
0.75	百合	0.7353435731853538	15
0.75	山柰	0.03195248352344332	53
0.75	干姜	-0.06056577257388507	56
0.75	青果	0.6404042103219361	18
0.75	郁李仁	0.6571105921343094	16
0.75	枳椇子	-0.2773083858862665	76
0.75	淡竹叶	0.8353863172328149	10
0.75	鸡内金	-0.21323844377027745	69
0.75	阿胶	0.3861887616008618	34
0.75	龙眼肉	-0.2607134000001276	75
0.75	牡蛎	0.23210890707055398	46
0.75	乌梢蛇	0.4195975663886376	31
1.0	肉苁蓉	2.675855718705149	1
1.0	甘草	2.2617920944947003	2
1.0	菊花	2.1616193010482037	3
1.0	八角茴香	2.069912562305817	4
1.0	石斛	1.8881382006572396	5
1.0	小蓟	1.7778143067030412	6
1.0	天冬	1.59145752400127	7
1.0	芦根	1.1680276545135824	8
1.0	赤小豆	1.0880513099140856	9
1.0	白茅根	1.020934670441141	10
1.0	人参	1.0051077064806695	11
1.0	金银花	0.9819988073257852	12
1.0	香橼	0.9674074086391948	13
1.0	莱菔子	0.9483901474331659	14
1.0	薤白	0.9256462640399148	15
1.0	覆盆子	0.7762558482629087	17
1.0	蜂蜜	0.7584591382332397	18
1.0	蒲公英	0.724380082362758	21
1.0	灵芝	0.6533003450066268	26
1.0	薏苡仁	0.60612021282155	27
1.0	党参	0.565280547732147	31
1.0	桑椹	0.47537237254772036	33
1.0	陈皮	0.4651330796223612	34
1.0	白果	0.46186200268040867	35
1.0	桑叶	0.46091754574395305	36
1.0	姜黄	0.45851843706373296	37
1.0	鱼腥草	0.4093152970805259	40
1.0	黄芪	0.3833337562423521	42
1.0	砂仁	0.37695154391119134	43
1.0	刀豆	0.35400450675668516	44
1.0	夏枯草	0.33740964653549704	45
1.0	木瓜	0.3218454315249386	46
1.0	杜仲	0.3000038559708658	47
1.0	杏仁	0.2853281574047203	48
1.0	山楂	0.22601191632904924	51
1.0	草果	0.18522652991561547	54
1.0	莲子	0.1728074619804573	56
1.0	沙棘	0.11101840158592335	57
1.0	槐米	-0.07169339500008366	58
1.0	当归	-0.1553744442946377	59
1.0	丁香	-0.15932453989194836	60
1.0	枸杞子	-0.2124078344610943	61
1.0	茯苓	-0.24471389873644153	62
1.0	西洋参	-0.2460987492525689	63
1.0	栀子	-0.2571308915532224	64
1.0	山茱萸	-0.27574784546787684	65
1.0	山药	-0.28132572828684305	66
1.0	决明子	-0.28416959791038177	67
1.0	大枣	-0.2965299301403182	68
1.0	槐花	-0.36720705789701374	69
1.0	酸枣仁	-0.38759856721401437	70
1.0	葛根	-0.3939945964983658	71
1.0	西红花	-0.3967031221959094	72
1.0	杜仲叶	-0.3977080441173374	73
1.0	地黄	-0.4116301599572577	74
1.0	天麻	-0.41471408565334394	75
1.0	荷叶	-0.42901562684669853	76
1.0	乌梅	-0.44338334487739034	77
1.0	麦冬	-0.44360025881660636	78
1.0	淡豆豉	-0.47474392980663677	79
1.0	黄精	-0.550036505042059	80
1.0	藿香	-0.777503862278838	81
1.0	生姜	-1.0965758381040271	82
1.0	薄荷	-1.2839289253635313	83
1.0	马齿苋	-1.297650100962359	84
1.0	麦芽	-1.3460125053458951	85
1.0	香薷	-1.3519846289241306	86
1.0	益智仁	-1.381966941137872	87
1.0	广藿香	-1.382620966113451	88
1.0	佛手	-1.4027093381025177	89
1.0	紫苏子	-1.448397968392853	90
1.0	桃仁	-1.4522243310102452	91
1.0	白扁豆	-1.4531938490018361	92
1.0	昆布	-1.4804438923213594	93
1.0	肉豆蔻	-1.488024096169159	94
1.0	白芷	-1.505787579912102	95
1.0	胖大海	-1.522351107053124	96
1.0	小茴香	-1.522351107053124	96
1.0	余甘子	-1.5388282875313926	98
1.0	火麻仁	-1.565915912525209	99
1.0	肉桂	-1.5790464079317177	100
1.0	芡实	-1.593453622956898	101
1.0	玳玳花	-1.6254503599587695	102
1.0	罗汉果	-1.6415332057517402	103
1.0	玉竹	-1.802039791198716	104
1.0	花椒	0.9109522052042341	16
1.0	高良姜	0.7325588062252792	19
1.0	桔梗	0.6585390968044542	25
1.0	橘红	0.5739267625943225	30
1.0	榧子	0.2076444120286361	53
1.0	化橘红	0.6681630898177398	24
1.0	荜茇	0.730165785497778	20
1.0	百合	0.6844357240969964	22
1.0	山柰	0.6805042332770224	23
1.0	干姜	0.6031416351518072	28
1.0	青果	0.5904500985706009	29
1.0	郁李仁	0.5146035187339277	32
1.0	枳椇子	0.44993962291851713	38
1.0	淡竹叶	0.4348992022252689	39
1.0	鸡内金	0.3965465010790202	41
1.0	阿胶	0.2475593556950014	49
1.0	龙眼肉	0.2475593556950014	49
1.0	牡蛎	0.21848867954318474	52
1.0	乌梢蛇	0.18375889984193589	55
