herb_canonical	composite_score	direction_alignment_rate	n_t2d_targets	n_direction_aligned	n_direction_opposed	target_coverage	direction_alignment	ot_evidence	pathway_coverage	ddi_penalty	key_targets	kg_rank	tier	n_t2d_target_rows	n_t2d_genes	n_aligned	n_opposed	alignment_score	mean_confidence	n_aligned_experimental	n_aligned_inferred	direction_alignment_rate_raw	direction_alignment_rate_weighted	direction_alignment_rate_before	direction_alignment_rate_delta	direction_score_norm	latin_name	n_compounds	frozen_rank	frozen_direct_score	direct_degree_residual	direct_adjusted_z	direct_adjusted_rank	primary_transform_score_raw	primary_n_routes	primary_n_route_substrates	primary_n_products	primary_n_transform_targets	primary_transform_score_log	primary_transform_degree_residual	primary_transform_score_adjusted_z	primary_transform_score_adjusted_01	primary_transform_rank	inclusive_transform_score_raw	inclusive_n_routes	inclusive_n_route_substrates	inclusive_n_products	inclusive_n_transform_targets	inclusive_transform_score_log	inclusive_transform_degree_residual	inclusive_transform_score_adjusted_z	inclusive_transform_score_adjusted_01	inclusive_transform_rank	n_all_paths	n_unique_routes_all	n_human_only_microbial_routes	n_mixed_microbial_routes	n_mouse_only_microbial_routes	n_host_unverified_routes	n_mapping_conflict_routes	n_source_identifiers	evidence_tier	evidence_tier_label	tiered_research_priority_rank
肉苁蓉	0.729812	0.968167	224	296	7	0.526462	0.968167	1.0	0.71831	0.0	DPP4, PTPN1, PPARA, PPARG, VDR	47	Tier2	2132	258	419	29	23.862195273651924	0.2502562540580721	85	334	0.9352678571428572	0.9166187464059804	0.7456140350877193	0.1896538220551378	0.1726329712021566	Cistanches Herba	426	47	0.729812	0.013448370990783443	0.26454278699557043	48	5.393445041451031	10.0	2.0	2.0	3.0	1.8552732532285474	0.5800956822124965	2.675855718705149	1.0	1	6.310628017257271	15.0	5.0	5.0	6.0	1.9893291821449544	0.20205326852099992	0.5890065424903606	0.6272363219791801	28	20	20	12	0	0	3	5	7	1	audited human database subset available	1
甘草	0.783301	0.990748	283	1795	12	0.690808	0.990748	1.0	0.887324	0.197239	PTPN1, PPARG, HSD11B1, AKR1B1, AKT1	21	Tier2	7693	304	2258	59	137.7370459135584	0.2984215759462102	356	1902	0.9745360379801468	0.9662162162162162	0.8578313253012049	0.1167047126789418	0.9999999999927344	Glycyrrhizae Radix Et Rhizoma	1256	21	0.783301	0.003093960455114564	0.06086126878943324	66	2.2850871619288213	5.0	1.0	2.0	3.0	1.1893931848962374	0.4903313055733962	2.2617920944947003	0.9075316466642299	2	2.9937531859746005	10.0	2.0	2.0	4.0	1.3847314368835086	0.49679578783205836	1.4482120059558603	0.8063882949602806	9	15	15	6	4	0	0	5	12	1	audited human database subset available	2
菊花	0.791092	0.985634	262	862	9	0.632312	0.985634	1.0	0.915493	0.0	DPP4, PTPN1, PPARG, AKT1, GSK3B	19	Tier1	4676	293	1178	40	81.06802467498268	0.3008827736437319	157	1021	0.9671592775041052	0.956125918613579	0.7969543147208121	0.170204962783293	0.5882665973743365	Chrysanthemi Flos	717	19	0.791092	0.034547736085719816	0.6795882114471133	17	2.2850871619288213	5.0	1.0	2.0	3.0	1.1893931848962374	0.4686149609486582	2.1616193010482037	0.8851611395309255	3	3.62576587717907	13.0	4.0	3.0	4.0	1.531641952320784	0.004071148093860666	0.011867825154641935	0.5068977716661472	55	18	18	6	4	2	1	5	13	1	audited human database subset available	3
八角茴香	0.712611	0.971418	207	379	8	0.479109	0.971418	1.0	0.676056	0.0	DPP4, PTPN1, PPARG, AKR1B1, AKT1	55	Tier3	2467	229	599	27	36.75802998925907	0.2460675399186423	105	494	0.9568690095846646	0.9434910004185852	0.7954545454545454	0.1614144641301191	0.266328711679266		429	55	0.712611	0.013046400230803501	0.2566356237258556	51	2.2850871619288213	5.0	1.0	2.0	3.0	1.1893931848962374	0.44873396258152987	2.069912562305817	0.8646812648800863	4	2.495860490822591	6.0	1.0	2.0	4.0	1.251579551625936	0.722340914489472	2.105699787274411	0.9434803389972126	3	9	9	6	0	0	0	3	8	1	audited human database subset available	4
石斛	0.325211	1.0	53	11	0	0.050139	1.0	0.0	0.084507	0.0	MAPK8, TP53, AGT, GAA, GSK3B	103	Tier3	107	75	22	0	0.3287635493383917	0.2159295146212916	4	18	1.0	1.0	1.0	0.0	0.0016489007636234	Dendrobii Officinalis Caulis；Dendrobii Caulis	50	103	0.325211	-0.05724173097248286	-1.126001584451318	92	2.4303427224980045	5.0	1.0	2.0	3.0	1.2326601752818964	0.4093273078833092	1.8881382006572396	0.824087561599931	5	2.6545142265474455	6.0	1.0	2.0	4.0	1.2959631778155167	0.5573375001228086	1.6246974688926539	0.8431870820165028	7	6	6	6	0	0	0	0	7	1	audited human database subset available	5
小蓟	0.723649	0.991255	187	311	2	0.423398	0.991255	1.0	0.802817	0.0	DPP4, PTPN1, AKR1B1, AKT1, TP53	50	Tier2	1381	213	383	11	26.395945048692127	0.3335326403867266	82	301	0.9720812182741116	0.9637800460981232	0.8817204301075269	0.0903607881665847	0.1910421371531428		83	50	0.723649	0.06666256398676851	1.3113187074788568	3	2.2850871619288213	5.0	1.0	2.0	3.0	1.1893931848962374	0.38541031786014424	1.7778143067030412	0.7994501189195038	6	2.495860490822591	6.0	1.0	2.0	4.0	1.251579551625936	0.5619615027435236	1.6381769231773078	0.8459976679967923	6	9	9	6	0	0	0	3	8	1	audited human database subset available	6
天冬	0.689922	0.963262	184	183	5	0.415042	0.963262	1.0	0.647887	0.0	DPP4, PPARA, HSD11B1, PPARG, PTPN1	68	Tier3	1189	209	237	12	13.307694425735932	0.3226874551119186	34	203	0.9518072289156626	0.9362041467304624	0.7391304347826086	0.2126767941330539	0.0959483831843728	Asparagi Radix	124	68	0.689922	0.0313193125711807	0.6160819210031985	22	6.743702328050618	12.0	3.0	3.0	3.0	2.0468799101924264	0.34501024537468816	1.59145752400127	0.7578330730796441	7	9.059371874531823	21.0	4.0	4.0	5.0	2.308504724802963	0.6092415582220161	1.7760032608059166	0.8747356839485683	4	24	24	14	6	0	1	3	19	1	audited human database subset available	7
芦根	0.694247	0.979101	209	263	4	0.48468	0.979101	1.0	0.633803	0.157233	DPP4, PTPN1, PPARG, AKT1, AKR1B1	62	Tier3	1495	230	360	12	25.09689235730839	0.2734328583729188	53	307	0.967741935483871	0.9571275455519828	0.8153846153846154	0.1523573200992556	0.1816037637153478	Phragmitis Rhizoma	167	62	0.694247	0.004622590400088944	0.0909309349375152	63	3.7806000090975913	7.0	2.0	3.0	3.0	1.5645660635415857	0.25321537119945803	1.1680276545135824	0.6632730574314053	8	5.6920458843926784	14.0	2.0	3.0	4.0	1.9009196397048784	0.815327595000805	2.376765747189549	1.0	1	17	17	8	6	0	0	3	19	1	audited human database subset available	8
赤小豆	0.56905	0.984043	246	260	3	0.587744	0.984043	0.053521	0.774648	0.0	PTPN1, PPARG, HSD11B1, AKT1, TP53	86	Tier3	1380	273	330	13	23.05802361683462	0.3194844886698747	46	284	0.9620991253644317	0.9495733126454616	0.7796610169491526	0.1824381084152789	0.1667901963436193		145	86	0.56905	-0.15366789046338603	-3.0227997162462295	103	3.724070846915717	7.0	2.0	3.0	3.0	1.5526708954529118	0.23587739148067222	1.0880513099140856	0.6454128049037143	9	6.585571399415561	21.0	5.0	4.0	5.0	2.026247942779939	0.13357160762089415	0.38937529373094565	0.5856114329338066	34	21	21	8	10	2	1	0	22	1	audited human database subset available	9
白茅根	0.661578	0.96457	173	303	8	0.384401	0.96457	1.0	0.591549	0.126263	PTPN1, PPARA, PPARG, HSD11B1, VDR	78	Tier3	1827	193	430	27	25.950108985501046	0.2504195202771767	73	357	0.9409190371991248	0.9228350957416404	0.73	0.2109190371991247	0.1878028788194785	Imperatae Rhizoma	289	78	0.661578	0.00540992502433546	0.10641858737802466	61	5.623092600034946	8.0	3.0	4.0	3.0	1.890562420989722	0.22132725243890494	1.020934670441141	0.630424371313761	10	8.580446127433412	22.0	6.0	6.0	6.0	2.2597241595241013	0.2580254149560499	0.752171240041623	0.6612576111004951	21	27	27	9	10	0	3	5	23	1	audited human database subset available	10
人参	0.877584	0.972045	394	1214	25	1.0	0.972045	1.0	1.0	0.140292	PPARG, PTPN1, DPP4, PPARA, AKT1	1	Tier1	7669	419	1763	79	110.99564769323116	0.2647285200178745	256	1507	0.9571118349619978	0.94316137851644	0.764179104477612	0.1929327304843858	0.8057081869459624	Ginseng Radix Et Rhizoma	1085	1	0.877584	0.028323126022749112	0.5571439618686731	26	9.699278638305117	18.0	5.0	4.0	3.0	2.3701763222144034	0.21789614313363748	1.0051077064806695	0.6268899065355036	11	14.199112195322693	43.0	13.0	10.0	6.0	2.7212370179439507	0.05591755971417056	0.1630055715150127	0.5384113346073875	46	48	48	21	12	4	6	5	24	1	audited human database subset available	11
金银花	0.798518	0.97124	291	1270	27	0.713092	0.97124	1.0	0.859155	0.0	PTPN1, DPP4, PPARG, PPARA, AKT1	14	Tier1	7018	324	1783	66	127.38416757255274	0.2841403123368793	291	1492	0.9643050297458086	0.9529042386185244	0.8151260504201681	0.1491789793256405	0.9247803167677324	Lonicerae Japonicae Flos	1182	14	0.798518	0.01311377709044581	0.25796099333686656	50	9.610552239917808	18.0	5.0	4.0	3.0	2.3618490002740105	0.2128863914767285	0.9819988073257852	0.6217292458850321	12	13.364331449822773	36.0	9.0	7.0	4.0	2.6647481511340065	0.3929198522586792	1.14540272151378	0.7432498687612807	13	43	43	21	10	2	3	7	25	1	audited human database subset available	12
香橼	0.708342	0.968847	243	305	7	0.579387	0.968847	1.0	0.661972	0.26455	DPP4, PTPN1, PPARG, AKT1, PPARA	58	Tier3	1871	268	436	24	30.176186425907805	0.2761325004385175	62	374	0.9478260869565216	0.930994824611846	0.7209302325581395	0.2268958543983822	0.2185077896550138	Citri Fructus	214	58	0.708342	-0.016689616640255034	-0.3283013015425088	82	5.623092600034946	8.0	3.0	4.0	3.0	1.890562420989722	0.20972313894544925	0.9674074086391948	0.6184707065434333	13	7.789618905197569	16.0	4.0	5.0	5.0	2.1735713552620517	0.5275717118538545	1.5379270634390318	0.82509468154376	8	16	16	9	6	0	1	0	20	1	audited human database subset available	13
莱菔子	0.659719	0.938407	211	297	14	0.490251	0.938407	1.0	0.704225	0.5	PPARG, PPARA, PTPN1, HSD11B1, DPP4	79	Tier3	1765	241	407	30	32.58492428701045	0.27126432604569	54	353	0.931350114416476	0.9093929326487468	0.6428571428571429	0.288492971559333	0.2360086713341286	Raphani Semen	190	79	0.659719	-0.03358097677630234	-0.6605710976091268	87	5.626187903326516	11.0	3.0	3.0	3.0	1.8910296619613503	0.20560040877131902	0.9483901474331659	0.6142237871671397	14	6.473077386584059	16.0	5.0	6.0	4.0	2.0113068803855105	0.14501723102910558	0.4227404905409971	0.5925683729110203	33	16	16	13	0	0	3	0	10	1	audited human database subset available	14
薤白	0.692554	0.944179	196	328	14	0.448468	0.944179	1.0	0.647887	0.0	PPARA, PPARG, DPP4, PTPN1, HSD11B1	64	Tier3	1752	222	411	26	34.24098633502016	0.3539680893110479	55	356	0.9405034324942791	0.9212598425196852	0.6790123456790124	0.2614910868152668	0.2480409254135422		316	64	0.692554	0.00856155863703989	0.16841434434109	56	12.515145791946317	23.0	6.0	4.0	3.0	2.6038109670876386	0.2006697884613593	0.9256462640399148	0.6091446415410419	15	16.646220265147445	39.0	7.0	4.0	4.0	2.870521611162643	0.7247407005328754	2.1126954161523215	0.9449389897728563	2	42	42	31	8	0	0	3	21	1	audited human database subset available	15
覆盆子	0.677406	0.982783	256	482	6	0.615599	0.982783	0.880852	0.591549	0.362319	DPP4, PTPN1, HSD11B1, PPARG, GSK3B	72	Tier3	2371	276	598	18	54.59860877817685	0.3873916695634639	63	535	0.9707792207792209	0.960482985729967	0.7777777777777778	0.1930014430014429	0.395950894115028		390	72	0.677406	-0.0664188330394655	-1.3065242781668762	94	3.2498200173852125	7.0	2.0	3.0	3.0	1.4468766331890492	0.1682836121251754	0.7762558482629087	0.5757828948351181	17	5.700182438890847	20.0	5.0	5.0	6.0	1.9021347557114003	0.10620855242190941	0.3096091080478281	0.5689794745141414	36	23	23	8	6	4	2	3	22	1	audited human database subset available	16
蜂蜜	0.804883	0.952164	321	605	22	0.796657	0.952164	1.0	0.830986	0.045788	PPARG, AKT1, TP53, PPARA, GSK3B	13	Tier1	3843	351	833	56	55.95193415321217	0.2645765667721122	161	672	0.937007874015748	0.9185336048879836	0.7419354838709677	0.1950723901447802	0.4057835901689667	Mel	390	13	0.804883	0.012588106814821254	0.24762053798731132	52	9.55204347299329	18.0	5.0	4.0	3.0	2.3563195352883777	0.1644254838361081	0.7584591382332397	0.5718085479593799	18	14.624515183366318	45.0	13.0	7.0	6.0	2.748841166876523	-0.016808106162151226	-0.04899739840313753	0.4942068317804399	57	50	50	21	12	8	4	5	25	1	audited human database subset available	17
蒲公英	0.691059	0.952963	205	417	15	0.473538	0.952963	1.0	0.774648	0.294118	PTPN1, DPP4, PPARG, PPARA, GSK3B	66	Tier3	1979	232	525	27	39.8829870187302	0.3333353407469269	110	415	0.9510869565217392	0.936842105263158	0.8029197080291971	0.148167248492542	0.2890333422280036	Taraxaci Herba	202	66	0.691059	0.0031529473626524807	0.06202159972669135	65	5.297192634365195	11.0	3.0	3.0	3.0	1.8401039204894185	0.15703752452793163	0.724380082362758	0.5641980407925403	21	6.11156029474257	16.0	5.0	6.0	5.0	1.9617216704767102	0.10141641532283296	0.29563952406372423	0.5660666921368238	38	19	19	13	0	0	3	3	10	1	audited human database subset available	18
灵芝	0.838338	0.970549	349	1016	22	0.874652	0.970549	1.0	0.957746	0.151515	PTPN1, HSD11B1, PPARG, PPARA, DPP4	4	Tier1	5914	367	1330	61	78.92082587459018	0.2751162150772432	188	1142	0.9561466570812364	0.9418161007249142	0.7550200803212851	0.2011265767599513	0.5726659491037088		710	4	0.838338	0.020485370370962097	0.4029675396585036	37	9.077792643462786	18.0	5.0	4.0	3.0	2.310334254879319	0.14162823005631386	0.6533003450066268	0.5483245713918089	26	14.386674502185475	43.0	11.0	8.0	6.0	2.7335018427724287	0.2030044998113003	0.591779481812301	0.6278145044647508	26	48	48	25	14	0	4	5	27	1	audited human database subset available	19
薏苡仁	0.733718	0.955418	226	386	13	0.532033	0.955418	1.0	0.760563	0.0	PPARG, PPARA, PTPN1, HSD11B1, DPP4	45	Tier2	1835	261	467	28	39.781140708204994	0.3215060439095172	59	408	0.9434343434343434	0.9248523886205046	0.6781609195402298	0.2652734238941135	0.2882933695399253	Coicis Semen	182	45	0.733718	0.026268192935192558	0.5167213912507015	30	7.268935915807112	13.0	4.0	4.0	3.0	2.1125058327773725	0.13140010348900333	0.60612021282155	0.5377883424689305	27	9.960989863927788	25.0	7.0	8.0	5.0	2.394342593493426	0.19460169590091736	0.5672844240747681	0.622707067293361	30	30	30	15	6	0	4	5	20	1	audited human database subset available	20
党参	0.782811	0.962121	273	671	19	0.662953	0.962121	1.0	0.901408	0.067751	PPARA, PTPN1, PPARG, DPP4, HSD11B1	22	Tier2	4651	298	1049	55	64.130791485294	0.2640200597709048	170	879	0.9501811594202898	0.9345471855289778	0.7555555555555555	0.1946256038647342	0.4652077461763789	Codonopsis Radix	667	22	0.782811	0.018380045897868902	0.361553720540653	41	6.7946850862766075	13.0	4.0	4.0	3.0	2.0534421022422946	0.12254651948753437	0.565280547732147	0.5286680615246617	31	9.305665231295839	24.0	6.0	6.0	5.0	2.332693766484588	0.412945011392148	1.203778167901562	0.7554216679859299	12	29	29	15	6	0	3	5	22	1	audited human database subset available	21
桑椹	0.8152	0.965171	332	655	17	0.827298	0.965171	1.0	0.84507	0.079365	DPP4, PPARG, PPARA, GSK3B, PTPN1	9	Tier1	3176	353	809	36	69.45846652151586	0.324873573081332	126	683	0.957396449704142	0.9437587876894236	0.7777777777777778	0.1796186719263642	0.503916404324431	Mori Fructus	303	9	0.8152	0.01889694834530886	0.37172170401941873	40	9.021263481280911	18.0	5.0	4.0	3.0	2.304709183643513	0.10305542964457048	0.47537237254772036	0.5085898406314822	33	12.10884439188493	33.0	7.0	6.0	4.0	2.5732871468183394	0.4233936403356271	1.2342370209199365	0.7617726094603636	10	36	36	21	10	0	2	3	25	1	audited human database subset available	22
陈皮	0.754827	0.976617	261	352	6	0.629526	0.976617	1.0	0.774648	0.117371	DPP4, PPARG, AKT1, PPARA, PTPN1	35	Tier2	2190	288	489	19	33.73132019432244	0.2702836317661191	61	428	0.9625984251968503	0.9499473129610116	0.7625	0.2000984251968504	0.2443379044380182	Citri Reticulatae Pericarpium	302	35	0.754827	0.01011495752718139	0.19897124019081694	53	3.0121054724363736	6.0	2.0	3.0	3.0	1.3893161589955023	0.10083566511340059	0.4651330796223612	0.5063032100250483	34	3.7480738246421446	11.0	5.0	6.0	7.0	1.557739025203238	-0.2632291206531805	-0.7673405898038892	0.3444258940546493	84	11	11	7	0	0	4	0	8	1	audited human database subset available	23
白果	0.861438	0.957582	366	1119	36	0.922006	0.957582	1.0	0.957746	0.0	PPARG, PTPN1, PPARA, DPP4, AKT1	3	Tier1	6432	381	1535	87	111.04585926570728	0.2825612341621219	308	1227	0.9463625154130704	0.9306164765930296	0.779746835443038	0.1666156799700322	0.8060730032271433		769	3	0.861438	0.03237206440052032	0.636790592941164	20	2.86684991186719	6.0	2.0	3.0	3.0	1.3524401993214266	0.10012653210710765	0.46186200268040867	0.5055727157706116	35	4.762010880244401	17.0	6.0	7.0	5.0	1.7512865249362224	-0.15450587327276377	-0.45040088129723044	0.41051063921677405	77	22	22	7	4	2	4	5	14	1	audited human database subset available	24
桑叶	0.80535	0.963478	324	952	26	0.805014	0.963478	1.0	0.971831	0.30722	PTPN1, PPARG, PPARA, DPP4, AKT1	12	Tier1	5253	345	1282	57	86.77959518288449	0.2678008288075912	227	1055	0.9574309185959672	0.9442542787286065	0.7992957746478874	0.1581351439480798	0.6297644794290295	Mori Folium	737	12	0.80535	0.002952440609155005	0.058077433149340996	67	6.590920758782907	13.0	4.0	4.0	3.0	2.0269528961424315	0.0999217843746183	0.46091754574395305	0.5053618004121878	36	10.824213201459626	37.0	12.0	10.0	6.0	2.4701493952898703	-0.14829539393801827	-0.43229668042514163	0.41428552595038376	76	40	40	15	10	6	6	3	26	1	audited human database subset available	25
姜黄	0.690563	0.923693	205	336	20	0.473538	0.923693	1.0	0.633803	0.0	HSD11B1, PPARG, PTPN1, PPARA, DPP4	67	Tier3	2259	229	493	35	27.16191098700058	0.2296422781821049	66	427	0.9337121212121212	0.9124781195298824	0.6534653465346535	0.2802467746774677	0.1966073252431543	Curcumae Longae Rhizoma	291	67	0.690563	-0.0019839340534324457	-0.0390259492447172	74	3.0121054724363736	6.0	2.0	3.0	3.0	1.3893161589955023	0.09940168436443253	0.45851843706373296	0.5048260334040221	37	3.8987820732223284	12.0	6.0	8.0	5.0	1.588986617736059	-0.41203711785415376	-1.201131562688601	0.2539766220723282	90	12	12	7	0	0	5	0	8	1	audited human database subset available	26
鱼腥草	0.715819	0.946586	195	566	23	0.445682	0.946586	1.0	0.802817	0.0	PTPN1, DPP4, PPARG, PPARA, AKT1	54	Tier3	3445	226	842	41	51.31467992732495	0.2604199901396205	121	721	0.9535673839184596	0.9385030748462576	0.7469135802469136	0.2066538036715461	0.3720912408129946	Houttuyniae Herba	573	54	0.715819	0.025341297851935396	0.4984884462534683	34	2.86684991186719	6.0	2.0	3.0	3.0	1.3524401993214266	0.08873499226439385	0.4093152970805259	0.49383802801747756	40	3.620532321481683	11.0	4.0	5.0	5.0	1.5305099195561378	-0.01904499349427269	-0.05551816039366387	0.49284719496990204	59	14	14	7	0	0	4	3	9	1	audited human database subset available	27
黄芪	0.818131	0.975872	302	618	11	0.743733	0.975872	1.0	0.929577	0.0	PTPN1, PPARG, AKT1, PPARA, HSD11B1	8	Tier1	3711	330	860	48	48.73530157427302	0.2872531278861014	165	695	0.947136563876652	0.9313795568263044	0.7746478873239436	0.1724886765527084	0.3533505567014545	Astragali Radix	394	8	0.818131	0.03878027336391854	0.7628464148685308	13	6.647449920964781	13.0	4.0	4.0	3.0	2.0343722486023608	0.08310248392244723	0.3833337562423521	0.48803585135196365	42	10.968675885292754	35.0	8.0	6.0	4.0	2.4822928940102273	0.22331597627168165	0.6509895733410117	0.6401603346169191	24	38	38	15	10	8	2	3	26	1	audited human database subset available	28
砂仁	0.791086	0.953428	288	514	18	0.704735	0.953428	1.0	0.859155	0.0	DPP4, PPARG, PPARA, PTPN1, TP53	20	Tier1	3349	306	736	40	57.57645505708548	0.2913506678692971	100	636	0.9484536082474226	0.9316473000683528	0.7142857142857143	0.2341678939617083	0.41758667948933		478	20	0.791086	0.019443201637506013	0.3824670477062025	39	2.86684991186719	6.0	2.0	3.0	3.0	1.3524401993214266	0.08171889145503974	0.37695154391119134	0.4866105808611616	43	3.7064270831726898	12.0	4.0	4.0	5.0	1.5489290390927488	-0.01839551001549422	-0.053624847699243604	0.4932419674883488	58	17	17	7	4	0	1	5	13	1	audited human database subset available	29
刀豆	0.730554	0.972805	217	347	7	0.506964	0.972805	1.0	0.746479	0.0	PTPN1, AKT1, PPARG, DPP4, TP53	46	Tier2	1769	250	442	22	30.341132228050583	0.2980619526270753	77	365	0.9525862068965516	0.9379407616361072	0.7777777777777778	0.1748084291187739	0.2197062168534994		248	46	0.730554	0.02786936348460367	0.5482180029880439	27	6.73617631935209	13.0	4.0	4.0	3.0	2.0459075499481467	0.07674422967494188	0.35400450675668516	0.4814860671015722	44	10.334206515902515	27.0	5.0	4.0	4.0	2.4278252785010084	0.5875798115645496	1.7128569895458188	0.8615691253503284	5	30	30	19	8	0	0	3	21	1	audited human database subset available	30
夏枯草	0.716772	0.973366	200	760	15	0.45961	0.973366	1.0	0.732394	0.0	PTPN1, HSD11B1, PPARG, PPARA, DPP4	53	Tier3	3559	237	951	31	70.50330655619237	0.318625485402034	157	794	0.9684317718940936	0.9583221296047324	0.8351063829787234	0.1333253889153702	0.5115077749404535	Prunellae Spica	383	53	0.716772	0.026010770675328976	0.511657640250251	32	2.86684991186719	6.0	2.0	3.0	3.0	1.3524401993214266	0.07314664902291423	0.33740964653549704	0.477780116352055	45	3.7086028303387284	12.0	4.0	4.0	4.0	1.5493912250283766	-0.03964419060779445	-0.11556698790694828	0.48032648091296837	65	15	15	7	4	0	1	3	13	1	audited human database subset available	31
木瓜	0.793923	0.970085	294	631	14	0.721448	0.970085	1.0	0.816901	0.0	PPARA, PTPN1, PPARG, DPP4, HSD11B1	16	Tier1	3221	314	821	34	60.82969054648479	0.2851863687736042	126	695	0.960233918128655	0.9474091260634184	0.7875	0.172733918128655	0.4412233276666503	Chaenomelis Fructus	351	16	0.793923	0.021795560949520176	0.428740286958874	36	2.86684991186719	6.0	2.0	3.0	3.0	1.3524401993214266	0.06977250076015928	0.3218454315249386	0.47430432845657267	46	3.3416212824464395	9.0	4.0	5.0	5.0	1.468247845737363	-0.12933325478326463	-0.37702004915103915	0.4258111946915508	72	12	12	7	0	0	2	3	9	1	audited human database subset available	32
杜仲	0.762931	0.971237	249	420	9	0.5961	0.971237	1.0	0.816901	0.0	DPP4, PPARG, PTPN1, PPARA, AKR1B1	29	Tier2	2354	273	592	30	36.80717651778381	0.2605639401133868	120	472	0.9517684887459807	0.9375520399666945	0.8	0.1517684887459807	0.2666857897966236	Eucommiae Cortex	289	29	0.762931	0.028857231507072756	0.5676503461340557	25	10.841741934534587	20.0	6.0	4.0	3.0	2.4716307414835597	0.06503749072839016	0.3000038559708658	0.4694266854866183	47	13.929322845138604	35.0	8.0	6.0	4.0	2.70332725520695	0.4140019152484049	1.2068591538745945	0.756064080935179	11	40	40	23	10	0	2	5	26	1	audited human database subset available	33
杏仁	0.692505	0.900067	203	365	30	0.467967	0.900067	1.0	0.760563	0.085911	PPARA, PPARG, PTPN1, DPP4, AKT1	65	Tier3	2510	244	542	56	38.88341211992002	0.2301022046201939	141	401	0.9063545150501672	0.8827716139836718	0.7157360406091371	0.19061847444103	0.2817708491539412		286	65	0.692505	0.00227581457525583	0.04476752841187363	68	2.86684991186719	6.0	2.0	3.0	3.0	1.3524401993214266	0.06185596292322404	0.2853281574047203	0.4661493203641658	48	3.3261349209354036	9.0	3.0	5.0	4.0	1.464674515425334	0.10242858439035629	0.298590103419562	0.5666819141477543	37	14	14	7	0	0	2	5	9	1	audited human database subset available	34
山楂	0.745811	0.95843	236	287	9	0.559889	0.95843	1.0	0.788732	0.0	PPARG, PTPN1, PPARA, DPP4, TP53	40	Tier2	1701	264	385	22	24.928827823466182	0.2625150081716071	77	308	0.945945945945946	0.93006993006993	0.7777777777777778	0.1681681681681681	0.1803826771169574	Crataegi Fructus	205	40	0.745811	0.02758257450945223	0.5425765795905068	28	2.86684991186719	6.0	2.0	3.0	3.0	1.3524401993214266	0.04899686327426278	0.22601191632904924	0.45290286542914554	51	3.3261349209354036	9.0	3.0	5.0	4.0	1.464674515425334	0.06986042053376007	0.20365047819672363	0.5468861587714376	43	12	12	7	0	0	2	3	9	1	audited human database subset available	35
草果	0.698099	0.958571	219	258	8	0.512535	0.958571	1.0	0.549296	0.0	PPARG, DPP4, PTPN1, NLRP3, PPARA	61	Tier3	1645	258	358	20	27.29285129072216	0.3070351229604904	52	306	0.9470899470899472	0.9301187980433264	0.7222222222222222	0.2248677248677248	0.1975586827152413	Tsaoko Fructus	163	61	0.698099	-0.0012181168406204534	-0.0239615656145135	72	2.86684991186719	6.0	2.0	3.0	3.0	1.3524401993214266	0.04015504628449995	0.18522652991561547	0.4437947059548506	54	3.3261349209354036	9.0	3.0	5.0	4.0	1.464674515425334	0.047466804155191555	0.13837072967523278	0.5332747512087286	48	12	12	7	0	0	2	3	9	1	audited human database subset available	36
莲子	0.685757	0.90689	175	259	20	0.389972	0.90689	1.0	0.774648	0.0	PTPN1, DPP4, PPARG, PPARA, AKR1B1	69	Tier3	1839	218	425	42	26.03453710611394	0.2439439986854565	139	286	0.9100642398286938	0.8898216159496327	0.7679558011049724	0.1421084387237213	0.1884162982260053		152	69	0.685757	0.035294948717591756	0.6942866245299445	15	2.86684991186719	6.0	2.0	3.0	3.0	1.3524401993214266	0.037462730837172664	0.1728074619804573	0.4410212897579584	56	3.3261349209354036	9.0	3.0	5.0	4.0	1.464674515425334	0.04064799311585987	0.11849317786144249	0.5291301050479473	51	12	12	7	0	0	2	3	9	1	audited human database subset available	37
沙棘	0.791145	0.956887	325	620	20	0.807799	0.956887	1.0	0.788732	0.161812	PPARG, PTPN1, DPP4, PPARA, AKT1	18	Tier1	3528	346	810	37	58.93680726980175	0.2841485599569749	114	696	0.9563164108618654	0.9420244437480414	0.7549668874172185	0.2013495234446468	0.4274704296064021		414	18	0.791145	-0.0045643106369668285	-0.08978451423181592	77	4.3623627590359595	8.0	3.0	4.0	3.0	1.6794046912060692	0.024067551533491383	0.11101840158592335	0.42722260681462626	57	6.897500484133771	20.0	6.0	8.0	5.0	2.0665463149962564	0.10004702405610799	0.29164760440197257	0.5652343414200344	39	23	23	9	6	0	5	3	20	1	audited human database subset available	38
槐米	0.573884	0.909605	110	106	8	0.208914	0.909605	1.0	0.633803	0.462963	PPARG, DPP4, AKT1, TP53, PPARA	85	Tier3	597	151	159	16	9.599336829730658	0.2360757177920146	60	99	0.9085714285714286	0.8898830006882312	0.7894736842105263	0.1190977443609022	0.0690050081664596		38	85	0.573884	0.039961271767462336	0.7860778240351064	12	2.86684991186719	6.0	2.0	3.0	3.0	1.3524401993214266	-0.015542328606129807	-0.07169339500008366	0.38641955632318464	58	3.3261349209354036	9.0	3.0	5.0	4.0	1.464674515425334	-0.09359760014521346	-0.27284685494309446	0.4475322312394592	70	14	14	7	0	0	2	5	9	1	audited human database subset available	39
当归	0.766598	0.973064	291	609	12	0.713092	0.973064	1.0	0.859155	0.324675	PTPN1, DPP4, PPARA, PPARG, AKT1	28	Tier2	4080	325	920	47	53.037263305984425	0.2519393532707488	129	791	0.9513960703205792	0.9355899684801974	0.7329545454545454	0.2184415248660337	0.3846068110538049	Angelicae Sinensis Radix	640	28	0.766598	-0.010983767703703462	-0.21606159750061926	80	3.9768383278927644	8.0	3.0	4.0	3.0	1.6047948155016616	-0.03368344699283865	-0.1553744442946377	0.3677319721422955	59	6.86312637152492	23.0	7.0	8.0	5.0	2.0621842845481595	-0.014441838444715582	-0.042099478973002355	0.4956451092680958	56	24	24	9	10	0	4	1	23	1	audited human database subset available	40
丁香	0.866669	0.961168	375	794	23	0.947075	0.961168	1.0	0.943662	0.0	DPP4, PPARG, PTPN1, PPARA, AKT1	2	Tier1	5187	395	1119	61	74.40223011561822	0.2657267046665855	182	937	0.9483050847457628	0.9321392813438648	0.7489711934156379	0.1993338913301248	0.539835722531309	Caryophylli Flos	626	2	0.866669	0.03501756731502259	0.6888302574095939	16	3.9768383278927644	8.0	3.0	4.0	3.0	1.6047948155016616	-0.034539783672095536	-0.15932453989194836	0.36684983999147286	60	7.336998674757114	28.0	9.0	9.0	6.0	2.1207032804692596	-0.2134770182022674	-0.6223079750843068	0.3746664828060549	78	32	32	9	10	4	5	4	23	1	audited human database subset available	41
枸杞子	0.831006	0.965706	346	591	15	0.866295	0.965706	1.0	0.873239	0.062657	DPP4, PPARG, PTPN1, PPARA, HSD11B1	5	Tier1	3849	382	826	43	49.76107856927665	0.2473629683203392	124	702	0.950517836593786	0.9346901579586876	0.7425149700598802	0.2080028665339057	0.3608034232456364		465	5	0.831006	0.020397166149991208	0.401232475206727	38	3.9768383278927644	8.0	3.0	4.0	3.0	1.6047948155016616	-0.04604765002001532	-0.2124078344610943	0.35499532162414155	61	6.373114954807279	19.0	6.0	8.0	5.0	1.9978402702066373	0.04272461328633792	0.1245467442087342	0.5303923274159419	50	22	22	9	6	0	4	3	20	1	audited human database subset available	42
茯苓	0.81098	0.961517	343	732	21	0.857939	0.961517	1.0	0.859155	0.208333	PTPN1, HSD11B1, PPARA, PPARG, TP53	10	Tier1	3816	364	892	56	62.87492732544808	0.311352089981639	124	768	0.940928270042194	0.9219620958751392	0.6888888888888889	0.2520393811533052	0.4560831625421752	Poria	388	10	0.81098	0.004543297023048676	0.08937115561800513	64	3.9768383278927644	8.0	3.0	4.0	3.0	1.6047948155016616	-0.0530512445204232	-0.24471389873644153	0.3477807575049263	62	7.290304149388956	28.0	8.0	8.0	6.0	2.1150866571821454	-0.14539355653350094	-0.423837518992045	0.4160493362669434	75	33	33	9	10	4	5	5	23	1	audited human database subset available	43
西洋参	0.753223	0.969444	251	484	11	0.601671	0.969444	1.0	0.746479	0.0	PTPN1, PPARA, PPARG, HSD11B1, DPP4	36	Tier2	2958	273	647	36	46.5715679826887	0.3043311194041914	104	543	0.9472913616398244	0.9307825418188808	0.7428571428571429	0.2044342187826814	0.3376297735548365	Panacis Quinquefolii Radix	385	36	0.753223	0.013785941996557916	0.2711831432690312	47	3.9768383278927644	8.0	3.0	4.0	3.0	1.6047948155016616	-0.05335146467029883	-0.2460987492525689	0.3474714938088297	63	6.88791613041012	23.0	7.0	8.0	5.0	2.06533198468931	-0.06110720764280764	-0.1781339414026346	0.46728071521571724	67	28	28	9	10	0	4	5	23	1	audited human database subset available	44
栀子	0.769829	0.970657	270	919	20	0.654596	0.970657	1.0	0.887324	0.181159	PPARG, DPP4, PTPN1, AKT1, PPARA	26	Tier2	4649	300	1229	49	81.3487644337858	0.2728712653084814	208	1021	0.961658841940532	0.9495729134506536	0.8093385214007782	0.1523203205397538	0.5903063350231595	Gardeniae Fructus	778	26	0.769829	0.0058023382258683975	0.11413774399993239	60	3.831582767323581	8.0	3.0	4.0	3.0	1.5751741090822196	-0.05574311010522526	-0.2571308915532224	0.34500780472179016	64	7.1219774174906725	26.0	7.0	5.0	4.0	2.0945736488478635	0.03709733447871155	0.1081426342511425	0.5269719247429328	52	34	34	9	12	4	1	8	26	1	audited human database subset available	45
山茱萸	0.828095	0.968984	356	957	22	0.89415	0.968984	1.0	0.873239	0.171233	PTPN1, PPARG, PPARA, DPP4, AKT1	6	Tier1	5352	378	1261	52	86.43183528073247	0.2788207360411291	158	1103	0.9603960396039604	0.9470522350066184	0.7523809523809524	0.208015087223008	0.6272378014544004	Corni Fructus	701	6	0.828095	0.006148055121837914	0.12093833800748258	58	3.831582767323581	8.0	3.0	4.0	3.0	1.5751741090822196	-0.05977905812228279	-0.27574784546787684	0.3408502816457204	65	6.843265061494154	24.0	8.0	9.0	6.0	2.0596552095913934	-0.14284431303483203	-0.4164062059026408	0.41759883107164036	74	29	29	9	10	0	5	5	25	1	audited human database subset available	46
山药	0.721922	0.973795	224	262	5	0.526462	0.973795	1.0	0.71831	0.095785	DPP4, PPARG, PTPN1, VDR, HSD11B1	51	Tier3	2015	250	391	21	25.03746878230496	0.2884913823506994	45	346	0.9490291262135924	0.9318624269954576	0.6818181818181818	0.2672109443954105	0.1811720168773548	Dioscoreae Rhizoma	316	51	0.721922	0.009360996286455037	0.18414007528280837	54	3.9768383278927644	8.0	3.0	4.0	3.0	1.6047948155016616	-0.06098828092026509	-0.28132572828684305	0.33960463337040236	66	7.098054126618151	23.0	6.0	6.0	4.0	2.0916238015365267	0.0986680991570914	0.28762789319873994	0.5643961959199246	40	23	23	9	10	2	2	0	24	1	audited human database subset available	47
决明子	0.780051	0.960435	257	542	16	0.618384	0.960435	1.0	0.915493	0.0	DPP4, PPARG, PPARA, PTPN1, AKT1	23	Tier2	2758	280	678	33	56.55174634706712	0.3101644194765994	81	597	0.9535864978902954	0.9379582628313592	0.7105263157894737	0.2430601821008217	0.4101415746569676		311	23	0.780051	0.03827257425651587	0.7528594702103628	14	3.9768383278927644	8.0	3.0	4.0	3.0	1.6047948155016616	-0.06160480014357672	-0.28416959791038177	0.3389695427084499	67	6.614614691350477	21.0	6.0	6.0	5.0	2.030069386426193	0.03555222954110149	0.10363849074607516	0.5260327708038176	53	26	26	9	10	0	2	5	23	1	audited human database subset available	48
大枣	0.755977	0.950329	268	1059	40	0.649025	0.950329	1.0	0.830986	0.160256	PTPN1, PPARG, PPARA, HSD11B1, DPP4	33	Tier2	5812	300	1377	96	95.27589159309926	0.2747184881661506	240	1137	0.9348268839103868	0.9151868539623642	0.7142857142857143	0.2205411696246726	0.6914950149875103	Jujubae Fructus	624	33	0.755977	-0.0036455688544785314	-0.0717119527420043	76	3.831582767323581	8.0	3.0	4.0	3.0	1.5751741090822196	-0.06428438234495482	-0.2965299301403182	0.3362092433216958	68	6.2433977044807785	19.0	5.0	7.0	5.0	1.9800903925116067	0.23023061325315863	0.6711464678611934	0.6443632262138805	22	22	22	9	6	0	4	3	22	1	audited human database subset available	49
槐花	0.670712	0.966066	199	512	13	0.456825	0.966066	1.0	0.676056	0.347222	PPARG, DPP4, AKT1, PPARA, TP53	75	Tier3	2686	238	708	38	45.85603087955047	0.2679827663441201	144	564	0.9490616621983914	0.934119278779473	0.7912087912087912	0.1578528709896002	0.332430980285856	Sophorae Flos	420	75	0.670712	-0.02015137125433164	-0.39639744598485155	84	3.831582767323581	8.0	3.0	4.0	3.0	1.5751741090822196	-0.07960639554478455	-0.36720705789701374	0.3204256843707607	69	5.942581898962577	17.0	4.0	6.0	4.0	1.9376737368829384	0.3576730013295939	1.0426544415607835	0.7218259394955739	15	22	22	9	6	0	2	5	22	1	audited human database subset available	50
酸枣仁	0.736543	0.95122	244	297	11	0.582173	0.95122	1.0	0.704225	0.0	PTPN1, PPARG, HSD11B1, PPARA, DPP4	43	Tier2	1738	277	415	25	28.47338598079331	0.3055144858330825	74	341	0.9431818181818182	0.925969795676636	0.7474747474747475	0.1957070707070707	0.2061359539337739	Ziziphi Spinosae Semen	174	43	0.736543	0.01325997749004404	0.26083690010625055	49	3.9768383278927644	8.0	3.0	4.0	3.0	1.6047948155016616	-0.08402704738557665	-0.38759856721401437	0.3158718690189062	70	6.104681739373969	18.0	5.0	6.0	6.0	1.960753966650498	0.08587187524632944	0.2503255537821072	0.5566183267286066	41	18	18	9	6	0	3	0	20	1	audited human database subset available	51
葛根	0.724873	0.993906	217	457	2	0.506964	0.993906	1.0	0.760563	0.141243	PTPN1, AKT1, DPP4, HSD11B1, PPARA	49	Tier2	2220	252	590	27	38.468781663716655	0.3249166318163881	82	508	0.9562398703403564	0.9418854928971158	0.7522935779816514	0.2039462923587051	0.2787583177067662	Puerariae Lobatae Radix	255	49	0.724873	0.021834444876290826	0.429505172338991	35	0.9647328554563911	2.0	1.0	1.0	2.0	0.6753562846573085	-0.08541363521436751	-0.3939945964983658	0.3144435129373037	71	3.114339673179183	12.0	2.0	3.0	4.0	1.4144783530094152	0.37025512312206654	1.0793326507697907	0.7294736719933445	14	14	14	2	10	0	0	2	22	1	audited human database subset available	52
西红花	0.821461	0.959192	317	623	19	0.785515	0.959192	1.0	0.915493	0.0	DPP4, PPARG, PPARA, AKT1, TP53	7	Tier1	3752	347	868	51	57.15736295299424	0.2603797339449467	152	716	0.9445048966267682	0.9275773927861404	0.7487684729064039	0.1957364237203642	0.4145417315749917	Croci Stigma	356	7	0.821461	0.033014547806189176	0.6494288783402304	19	3.831582767323581	8.0	3.0	4.0	3.0	1.5751741090822196	-0.0860008133836998	-0.3967031221959094	0.31383864717133103	72	7.411850575185694	28.0	9.0	7.0	6.0	2.1296414943904463	-0.2598536589037068	-0.7575007635594584	0.3464775852512705	83	31	31	9	10	6	3	3	26	1	audited human database subset available	53
杜仲叶	0.758012	0.964047	242	523	14	0.576602	0.964047	1.0	0.830986	0.0	PTPN1, DPP4, PPARG, GSK3B, PPARA	32	Tier2	2803	267	685	30	48.01936394690493	0.3076048944284872	115	570	0.958041958041958	0.9448529411764706	0.7931034482758621	0.1649385097660959	0.3481488533909666		354	32	0.758012	0.02746155499416847	0.5401960057740973	29	3.831582767323581	8.0	3.0	4.0	3.0	1.5751741090822196	-0.08621866925070565	-0.3977080441173374	0.3136142288214152	73	6.3177620685908575	20.0	6.0	8.0	5.0	1.990304552894203	0.008468182568215354	0.024685643405780007	0.5095704006549604	54	24	24	9	6	0	5	4	22	1	audited human database subset available	54
地黄	0.71208	0.930861	231	206	11	0.545961	0.930861	1.0	0.71831	0.114155	PPARA, PTPN1, PPARG, DPP4, GSK3B	57	Tier3	1465	265	312	29	18.2671403717754	0.229991620685638	65	247	0.9149560117302052	0.8913450730610717	0.6914893617021277	0.2234666500280775	0.1319816428002075	Rehmanniae Radix	152	57	0.71208	0.0022322499720576205	0.04391056948708574	69	3.9768383278927644	8.0	3.0	4.0	3.0	1.6047948155016616	-0.08923682872378369	-0.4116301599572577	0.31050515318328825	74	7.118066089498097	20.0	5.0	5.0	5.0	2.094091959489517	0.2060150864200967	0.6005556586209956	0.6296444153037335	25	20	20	9	6	4	1	0	21	1	audited human database subset available	55
天麻	0.760785	0.973447	248	255	5	0.593315	0.973447	1.0	0.802817	0.0	DPP4, PPARG, PTPN1, AKR1B1, HSD11B1	30	Tier2	1736	282	366	30	21.92028134672168	0.2572924809473497	58	308	0.9242424242424242	0.9011857707509882	0.6590909090909091	0.2651515151515151	0.1585238369476412	Gastrodiae Rhizoma	227	30	0.760785	0.03064338978602843	0.602785849865621	24	0.9647328554563911	2.0	1.0	1.0	2.0	0.6753562846573085	-0.0899053894268359	-0.41471408565334394	0.3098164533935622	75	3.2452508204389034	13.0	3.0	4.0	5.0	1.4458009041046995	0.06095247188811315	0.1776828703928001	0.5414716818279269	45	13	13	2	10	0	1	0	22	1	audited human database subset available	56
荷叶	0.79634	0.952686	308	471	17	0.760446	0.952686	1.0	0.802817	0.0	DPP4, PPARG, PTPN1, PPARA, GSK3B	15	Tier1	3132	342	686	47	42.96125367392949	0.2634994434834077	147	539	0.9358799454297408	0.9177314895851568	0.7577319587628866	0.1781479866668542	0.3113987400487303		297	15	0.79634	0.01637130340559756	0.3220397647146223	42	3.831582767323581	8.0	3.0	4.0	3.0	1.5751741090822196	-0.09300580408568893	-0.42901562684669853	0.30662264479268625	76	6.214461219082424	19.0	6.0	8.0	5.0	1.9760875143276582	-0.022938591318592882	-0.06686840782661976	0.49048056753571856	61	22	22	9	6	0	4	3	22	1	audited human database subset available	57
乌梅	0.807455	0.96444	328	530	14	0.816156	0.96444	1.0	0.760563	0.0	PPARA, PPARG, PTPN1, DPP4, HSD11B1	11	Tier1	2904	351	665	32	51.166153765972574	0.3075759738518164	82	583	0.9540889526542324	0.9387090595671328	0.7192982456140351	0.2347907070401973	0.3710121118558523	Mume Fructus	274	11	0.807455	0.015029612211226784	0.295647369078786	43	3.831582767323581	8.0	3.0	4.0	3.0	1.5751741090822196	-0.09612056514496015	-0.44338334487739034	0.3034140576340725	77	6.172826430825631	17.0	4.0	4.0	4.0	1.9702997792808679	0.34847370632627106	1.015837528461984	0.7162343748521939	16	22	22	9	6	2	0	5	22	1	audited human database subset available	58
麦冬	0.476624	1.0	151	92	0	0.32312	1.0	0.035558	0.591549	0.0	PTPN1, AKT1, PPARG, PPARA, GAA	95	Tier3	784	170	137	2	8.315294670617382	0.3179048450811489	8	129	0.9856115107913668	0.9800598205383848	0.8	0.1856115107913668	0.0596756949769581	Ophiopogonis Radix	193	95	0.476624	-0.14535375794457234	-2.859252488891718	102	0.9647328554563911	2.0	1.0	1.0	2.0	0.6753562846573085	-0.0961675896682449	-0.44360025881660636	0.3033656165887787	78	4.581966663345814	18.0	3.0	3.0	4.0	1.7195411629260737	0.3188324940574214	0.929430275159455	0.6982176948294795	17	18	18	6	12	0	0	0	23	1	audited human database subset available	59
淡豆豉	0.672421	0.961602	249	244	7	0.5961	0.961602	0.593589	0.774648	0.0	PPARG, PPARA, PTPN1, AKT1, GSK3B	74	Tier3	1674	284	321	26	22.75987096262618	0.2834753412242896	52	269	0.92507204610951	0.9023657529102516	0.6666666666666666	0.2584053794428435	0.1646239438809178	Sojae Semen Praeparatum	162	74	0.672421	-0.05429815325127285	-1.0680984930924735	91	0.9647328554563911	2.0	1.0	1.0	2.0	0.6753562846573085	-0.10291919026586815	-0.47474392980663677	0.2964106371969753	79	3.3628513533536264	14.0	3.0	5.0	4.0	1.473125823736106	0.055317416895095395	0.16125609203640112	0.5380465525923628	47	16	16	2	10	0	2	2	22	1	audited human database subset available	60
黄精	0.655954	0.962006	157	174	5	0.339833	0.962006	1.0	0.549296	0.0	PTPN1, PPARG, DPP4, GSK3B, AKT1	81	Tier3	975	198	233	15	14.631176252798651	0.2633742798474528	48	185	0.939516129032258	0.922077922077922	0.7619047619047619	0.1776113671274962	0.1055642485028514	Polygonati Rhizoma	106	81	0.655954	0.03324971794713616	0.6540549081059837	18	0.9647328554563911	2.0	1.0	1.0	2.0	0.6753562846573085	-0.11924178101372185	-0.550036505042059	0.2795963602517237	80	3.114339673179183	12.0	2.0	3.0	4.0	1.4144783530094152	0.28457878298676165	0.8295771024150795	0.6773974211391508	19	15	15	2	10	0	0	3	22	1	audited human database subset available	61
藿香	0.703667	0.931613	184	405	22	0.415042	0.931613	1.0	0.802817	0.0	DPP4, PTPN1, PPARG, HSD11B1, PPARA	60	Tier3	2712	225	600	49	39.68337476175555	0.2428991719493542	165	435	0.9244992295839752	0.90549662487946	0.7710280373831776	0.1534711922007977	0.2875830430703297		575	60	0.703667	0.025561210162924453	0.5028143393808627	33	3.366974058648435	5.0	3.0	2.0	3.0	1.4740703341717052	-0.16855416764763032	-0.777503862278838	0.22879853418952906	81	8.111019732293025	21.0	6.0	4.0	4.0	2.2094846404952664	0.2751825705080946	0.8021861541514078	0.6716861650637207	20	24	24	11	8	2	0	3	23	1	audited human database subset available	62
生姜	0.76821	0.941335	278	822	37	0.67688	0.941335	1.0	0.901408	0.18622	DPP4, PPARG, PTPN1, HSD11B1, PPARA	27	Tier2	6753	310	1454	97	79.86147424262232	0.2030095686942335	251	1203	0.9374597034171502	0.9184942441811612	0.7212643678160919	0.2161953356010583	0.5795003066551973	Zingiberis Rhizoma Recens	1350	27	0.76821	-0.009099289319155712	-0.17899203984022855	79	0.5817627499383686	1.0	1.0	1.0	1.0	0.45853988966567694	-0.23772541413799386	-1.0965758381040271	0.15754363886660552	82	1.0942724717982921	5.0	4.0	5.0	2.0	0.739206224230953	-0.7262808555017022	-2.117185129977434	0.0629713143613635	101	10	10	1	0	0	4	5	1	1	audited human database subset available	63
薄荷	0.776619	0.978108	293	568	9	0.718663	0.978108	1.0	0.690141	0.0	DPP4, PTPN1, PPARG, PPARA, AKT1	24	Tier2	3375	316	768	29	60.84061225255781	0.3181491288609958	83	685	0.9636135508155584	0.9509721048182588	0.7410714285714286	0.2225421222441297	0.4413026802142249	Menthae Haplocalycis Herba	473	24	0.776619	0.001422786846392965	0.02798762749059943	70	0.5817627499383686	1.0	1.0	1.0	1.0	0.45853988966567694	-0.2783414743420961	-1.2839289253635313	0.1157040990995138	83	1.3217487202929	7.0	3.0	3.0	5.0	0.8423206604917032	-0.47064913215442805	-1.3719917528953833	0.21835075435960472	95	7	7	1	4	0	2	0	11	1	audited human database subset available	64
马齿苋	0.750332	0.932432	287	849	45	0.70195	0.932432	1.0	0.84507	0.316456	PPARG, PPARA, DPP4, PTPN1, AKR1B1	38	Tier2	4728	312	1128	77	87.2050226244191	0.2952087051367346	221	907	0.9360995850622408	0.9174616786365098	0.7416107382550335	0.1944888468072071	0.6328554572550422	Portulacae Herba	438	38	0.750332	-0.01945250425734757	-0.38265003945895376	83	0.5817627499383686	1.0	1.0	1.0	1.0	0.45853988966567694	-0.281316072211525	-1.297650100962359	0.11263989727334785	84	1.5978184427209894	7.0	5.0	6.0	4.0	0.9546720323272249	-0.829881857100244	-2.4191929529479057	0.0	104	10	10	1	0	2	4	3	4	1	audited human database subset available	65
麦芽	0.705176	0.959459	222	395	12	0.520891	0.959459	1.0	0.704225	0.185185	PPARG, DPP4, PPARA, AKT1, PTPN1	59	Tier3	2579	255	539	35	42.306378628975146	0.2670062592650549	89	450	0.9390243902439024	0.9202733485193622	0.717741935483871	0.2212824547600314	0.3066406919184516	Hordei Fructus Germinatus	334	59	0.705176	-0.006170656271204833	-0.12138292501708633	78	0.5817627499383686	1.0	1.0	1.0	1.0	0.45853988966567694	-0.2918005022083261	-1.3460125053458951	0.10183964428026845	85	0.8302744301128124	3.0	2.0	3.0	1.0	0.6044659174204613	-0.4133425100275422	-1.2049369182578011	0.25318317162641607	91	5	5	1	0	0	2	2	1	1	audited human database subset available	66
香薷	0.712271	0.959802	226	434	13	0.532033	0.959802	1.0	0.774648	0.248756	DPP4, PPARA, PPARG, AKT1, TP53	56	Tier3	2618	250	602	25	44.45895428789096	0.2741661446772315	79	523	0.960127591706539	0.946819825569028	0.7596153846153846	0.2005122070911544	0.3222804061938701		323	56	0.712271	-0.00247121128274963	-0.04861117531941358	75	0.5817627499383686	1.0	1.0	1.0	1.0	0.45853988966567694	-0.2930951920068666	-1.3519846289241306	0.10050595447776484	86	0.8302744301128124	3.0	2.0	3.0	1.0	0.6044659174204613	-0.41662156304473663	-1.2144957029012655	0.25119008010058824	92	6	6	1	0	0	2	3	1	1	audited human database subset available	67
益智仁	0.659537	0.905847	156	247	19	0.337047	0.905847	1.0	0.690141	0.0	PPARG, PPARA, PTPN1, DPP4, AKT1	80	Tier3	1849	188	374	30	26.986079740867925	0.2034479974644355	67	307	0.9257425742574258	0.9038153254248156	0.6907216494845361	0.2350209247728897	0.1953298089622211		273	80	0.659537	0.02619417960577508	0.5152654757013506	31	0.5817627499383686	1.0	1.0	1.0	1.0	0.45853988966567694	-0.299595022971727	-1.381966941137872	0.09381032878765462	87	0.8302744301128124	3.0	2.0	3.0	1.0	0.6044659174204613	-0.43308364559192725	-1.262484406050128	0.24118400912514656	93	5	5	1	0	0	2	2	1	1	audited human database subset available	68
广藿香	0.754861	0.955785	238	359	12	0.56546	0.955785	1.0	0.84507	0.0	DPP4, PPARG, PTPN1, PPARA, TP53	34	Tier2	2244	274	515	32	33.93827655657205	0.2485217805666909	97	418	0.9414990859232176	0.9240986717267552	0.751937984496124	0.1895611014270934	0.2458415627924447		272	34	0.754861	0.031231390169872864	0.614352400223525	23	0.5817627499383686	1.0	1.0	1.0	1.0	0.45853988966567694	-0.29973680829361127	-1.382620966113451	0.09366427245960222	88	2.5281459521424976	9.0	3.0	3.0	4.0	1.2607725069437472	-0.10638511851506616	-0.3101238167917769	0.43975965349653284	71	12	12	5	2	2	0	3	9	1	audited human database subset available	69
佛手	0.685546	0.956541	202	311	10	0.465181	0.956541	1.0	0.661972	0.170068	DPP4, PPARA, PPARG, GSK3B, PTPN1	70	Tier3	1804	223	448	19	35.67886166327229	0.2937477578785805	52	396	0.9593147751605996	0.945433658816772	0.7323943661971831	0.2269204089634164	0.258487926058743	Citri Sarcodactylis Fructus	243	70	0.685546	-0.0015548039126997981	-0.030584534036063545	73	0.5817627499383686	1.0	1.0	1.0	1.0	0.45853988966567694	-0.3040917433418937	-1.4027093381025177	0.08917815349040412	89	1.2184478707844666	6.0	3.0	3.0	5.0	0.796807794055445	-0.5813795490437281	-1.694782571761569	0.15104600070171054	98	6	6	1	4	0	1	0	11	1	audited human database subset available	70
紫苏子	0.653878	0.931794	164	243	13	0.359331	0.931794	1.0	0.56338	0.0	PPARA, PTPN1, PPARG, HSD11B1, DPP4	82	Tier3	1547	196	361	22	25.66004231029867	0.2215825752791395	58	303	0.9425587467362924	0.9246833276275248	0.725	0.2175587467362925	0.1856953756977203	Perillae Fructus	188	82	0.653878	0.014592207195876172	0.2870431788845988	44	0.5817627499383686	1.0	1.0	1.0	1.0	0.45853988966567694	-0.3139965289296801	-1.448397968392853	0.07897500556315021	90	0.9802698049894034	4.0	3.0	4.0	1.0	0.6832331005693555	-0.7200400330434276	-2.098992475706847	0.06676464441444865	100	4	4	1	0	0	3	0	1	1	audited human database subset available	71
桃仁	0.721758	0.971417	208	333	7	0.481894	0.971417	1.0	0.732394	0.0	PPARG, PPARA, PTPN1, DPP4, TP53	52	Tier3	1610	234	415	17	31.9945955128071	0.2905409452923913	61	354	0.960648148148148	0.9478207489257212	0.782051282051282	0.1785968660968661	0.2317195894062261		184	52	0.721758	0.03192920047096781	0.6280790204939196	21	0.5817627499383686	1.0	1.0	1.0	1.0	0.45853988966567694	-0.3148260416785972	-1.4522243310102452	0.07812050536122961	91	1.0796554450903781	5.0	2.0	2.0	4.0	0.7322022285926616	-0.3439228433192393	-1.0025712838486702	0.2953782043741608	87	7	7	1	4	0	0	2	11	1	audited human database subset available	72
白扁豆	0.745933	0.959544	263	362	11	0.635097	0.959544	1.0	0.661972	0.0	PPARG, PTPN1, PPARA, DPP4, HSD11B1	39	Tier2	2041	276	462	29	36.29086699728117	0.3092212212576353	79	383	0.940936863543788	0.9228928476469024	0.7314814814814815	0.2094553820623066	0.2629345008024859		183	39	0.745933	0.005953620014077066	0.11711360671979801	59	0.5817627499383686	1.0	1.0	1.0	1.0	0.45853988966567694	-0.3150362223683921	-1.4531938490018361	0.07790399338826225	92	1.7161937376637573	5.0	2.0	3.0	3.0	0.9992315391346824	-0.07742585613823105	-0.22570451919512347	0.4573618270920298	69	8	8	1	0	4	0	3	4	1	audited human database subset available	73
昆布	0.528014	0.895911	133	167	14	0.272981	0.895911	1.0	0.535211	0.892857	PPARG, PPARA, PTPN1, HSD11B1, DPP4	88	Tier3	1060	169	238	19	23.730081521826406	0.2843201828274734	31	207	0.926070038910506	0.9025141097998972	0.62	0.3060700389105059	0.1716730879470215	Laminariae Thallus Eckloniae Thallus	157	88	0.528014	-0.06424871453744696	-1.2638358962782388	93	0.5817627499383686	1.0	1.0	1.0	1.0	0.45853988966567694	-0.3209437279036339	-1.4804438923213594	0.07181853577558377	93	0.9802698049894034	4.0	3.0	4.0	1.0	0.6832331005693555	-0.7376351618397408	-2.150284127917422	0.05606987921367559	102	4	4	1	0	0	3	0	1	1	audited human database subset available	74
肉豆蔻	0.792126	0.945036	298	765	32	0.732591	0.945036	1.0	0.873239	0.055188	DPP4, PPARG, PTPN1, PPARA, AKT1	17	Tier1	5913	324	1207	80	73.15861403350964	0.2245888579941509	221	986	0.9378399378399378	0.9192897497982244	0.7342192691029901	0.2036206687369477	0.5308001283063468	Myristicae Semen	676	17	0.792126	0.008754152328217635	0.17220285313943012	55	1.5464956053947598	3.0	2.0	2.0	3.0	0.9347181415977619	-0.32258703157343227	-1.488024096169159	0.0701257307891712	94	3.9679817432373987	15.0	5.0	6.0	5.0	1.6030136697527262	-0.13899693001478086	-0.4051906794879274	0.4199373679765541	73	20	20	3	10	0	2	5	23	1	audited human database subset available	75
白芷	0.734562	0.970314	280	646	14	0.682451	0.970314	1.0	0.788732	0.454545	DPP4, PPARG, PTPN1, HSD11B1, PPARA	44	Tier2	4146	309	944	37	66.07892789433163	0.271798969213996	91	853	0.9622833843017328	0.9489725555095848	0.7109375	0.2513458843017329	0.479362090382907	Angelicae Dahuricae Radix	612	44	0.734562	-0.03419500777749607	-0.6726496960110293	88	1.5464956053947598	3.0	2.0	2.0	3.0	0.9347181415977619	-0.326437956774033	-1.505787579912102	0.06615880398088479	95	3.573389897593823	12.0	4.0	6.0	5.0	1.5202547018316757	-0.022844099079048386	-0.06659295300367296	0.4905380023136576	60	13	13	3	6	0	3	1	20	1	audited human database subset available	76
胖大海	0.674754	0.949686	162	211	8	0.35376	0.949686	1.0	0.676056	0.0	PPARA, PPARG, DPP4, PTPN1, HSD11B1	73	Tier3	1296	183	280	14	24.158710868178208	0.2949054053266541	23	257	0.9523809523809524	0.9354541263254956	0.6216216216216216	0.3307593307593307	0.1747873294740199	Sterculiae Lychnophorae Semen 	124	73	0.674754	0.04336749922652583	0.853081694301553	9	0.5817627499383686	1.0	1.0	1.0	1.0	0.45853988966567694	-0.3300287447636656	-1.522351107053124	0.06245985050946325	96	2.25264909754688	8.0	3.0	4.0	4.0	1.1794697712598963	-0.26440805836733317	-0.7707773173159332	0.34370930583383213	85	8	8	7	0	0	1	0	8	1	audited human database subset available	77
小茴香	0.517092	0.940476	121	198	9	0.239554	0.940476	1.0	0.408451	0.862069	PPARA, PPARG, DPP4, PTPN1, HSD11B1	89	Tier3	1087	146	267	18	21.570258901514045	0.27599050306878	36	231	0.936842105263158	0.9165507649513212	0.6666666666666666	0.2701754385964913	0.1559807202816338	Foeniculi Fructus	124	89	0.517092	-0.052011937604886094	-1.0231263653022362	90	0.5817627499383686	1.0	1.0	1.0	1.0	0.45853988966567694	-0.3300287447636656	-1.522351107053124	0.06245985050946325	96	1.0796554450903781	5.0	2.0	2.0	4.0	0.7322022285926616	-0.382426637414783	-1.1148138959033218	0.2719746225102397	89	5	5	1	4	0	0	0	11	1	audited human database subset available	78
余甘子	0.693599	0.934129	217	313	16	0.506964	0.934129	1.0	0.577465	0.0	DPP4, PPARG, PPARA, PTPN1, GSK3B	63	Tier3	1441	241	383	22	29.06521414416236	0.3084099271370301	66	317	0.945679012345679	0.9290093578573734	0.75	0.1956790123456789	0.2104359297961321		113	63	0.693599	0.0008874922386271633	0.017457851988487372	71	0.5817627499383686	1.0	1.0	1.0	1.0	0.45853988966567694	-0.3336008137596371	-1.5388282875313926	0.05878017990486212	98	0.8302744301128124	3.0	2.0	3.0	1.0	0.6044659174204613	-0.519209906114625	-1.513551519685193	0.18883428525703455	97	6	6	1	0	0	2	3	1	1	audited human database subset available	79
火麻仁	0.759128	0.935267	256	538	27	0.615599	0.935267	1.0	0.830986	0.0	PPARG, PPARA, PTPN1, AKT1, HSD11B1	31	Tier2	3179	278	682	55	55.18413911050272	0.2664756547421523	119	563	0.9253731343283582	0.9031860587924662	0.6839080459770115	0.2414650883513467	0.4002051125715257	Cannabis Fructus	437	31	0.759128	0.01385413417065462	0.27252455092347444	46	1.5464956053947598	3.0	2.0	2.0	3.0	0.9347181415977619	-0.3394731088129399	-1.565915912525209	0.05273099342118781	99	3.7276279302762974	13.0	5.0	8.0	5.0	1.5534235820571654	-0.23135428333891483	-0.6744220844199139	0.36380022798736483	80	13	13	3	6	0	4	0	20	1	audited human database subset available	80
肉桂	0.73956	0.960317	264	475	14	0.637883	0.960317	1.0	0.788732	0.263158	DPP4, PPARA, PPARG, PTPN1, HSD11B1	41	Tier2	3196	285	675	36	51.6207865700875	0.2731267646032509	99	576	0.9493670886075948	0.9331103678929769	0.7333333333333333	0.2160337552742616	0.3743152836292296	Cinnamomi Cortex	406	41	0.73956	-0.011366383081605425	-0.2235880212204078	81	1.5464956053947598	3.0	2.0	2.0	3.0	0.9347181415977619	-0.3423196538031581	-1.5790464079317177	0.049798701817360125	100	4.225520625428307	17.0	6.0	8.0	5.0	1.653554434117315	-0.3148566139174189	-0.9178401661166226	0.31304539523833963	86	17	17	3	10	0	4	0	23	1	audited human database subset available	81
芡实	0.557808	0.92126	90	81	5	0.153203	0.92126	1.0	0.394366	0.160256	PPARA, PPARG, DPP4, VDR, HSD11B1	87	Tier3	583	119	117	8	9.240355242128931	0.2295517676028844	19	98	0.936	0.9163179916317992	0.7037037037037037	0.2322962962962963	0.0663967981195919		83	87	0.557808	0.05679873860662199	1.1172874855345853	6	0.5817627499383686	1.0	1.0	1.0	1.0	0.45853988966567694	-0.3454429773704162	-1.593453622956898	0.04658129422191365	101	0.5817627499383686	1.0	1.0	1.0	1.0	0.45853988966567694	-0.23107815921673547	-0.6736171535435488	0.36396806322671793	79	1	1	1	0	0	0	0	1	1	audited human database subset available	82
玳玳花	0.612665	0.98087	320	577	8	0.793872	0.98087	0.044082	0.816901	0.114155	DPP4, PPARG, AKT1, TP53, PPARA	84	Tier3	3130	341	759	29	55.2923581864254	0.2862493836053976	102	657	0.9631979695431472	0.9509223218818752	0.7786259541984732	0.1845720153446739	0.4009913871071362		313	84	0.612665	-0.1761615839509435	-3.4652729621955456	104	1.5464956053947598	3.0	2.0	2.0	3.0	0.9347181415977619	-0.352379513167143	-1.6254503599587695	0.039435808818981954	102	3.827013570377272	14.0	4.0	5.0	5.0	1.5742279680225026	-0.03457285576461877	-0.10078351311510472	0.48340896675493766	62	16	16	3	10	0	1	2	23	1	audited human database subset available	83
罗汉果	0.752036	0.946996	262	450	18	0.632312	0.946996	1.0	0.732394	0.0	PTPN1, PPARG, HSD11B1, PPARA, DPP4	37	Tier2	2455	281	576	31	43.32853735647224	0.3150632016025256	72	504	0.9489291598023064	0.9319877139096094	0.6990291262135923	0.2499000335887141	0.3140672696445195		286	37	0.752036	0.007197567601621269	0.141583288728934	57	1.5464956053947598	3.0	2.0	2.0	3.0	0.9347181415977619	-0.3558660948004406	-1.6415332057517402	0.03584420071705106	103	4.202193740005553	17.0	6.0	7.0	6.0	1.6490804097019456	-0.3536396274624305	-1.0308967322524478	0.2894720967166937	88	17	17	3	10	0	4	0	23	1	audited human database subset available	84
玉竹	0.496105	0.771812	64	77	17	0.08078	0.771812	1.0	0.295775	0.0	PPARA, PPARG, HSD11B1, PTPN1, DPP4	93	Tier3	735	102	152	22	10.526133449461922	0.1864422812171483	34	118	0.8735632183908046	0.8412698412698412	0.6071428571428571	0.2664203612479475	0.0757387247092366		116	93	0.496105	0.06319662879005389	1.2431403268323609	4	1.5464956053947598	3.0	2.0	2.0	3.0	0.9347181415977619	-0.3906621327682567	-1.802039791198716	0.0	104	3.198209727965542	9.0	2.0	4.0	4.0	1.4346581791704314	0.3135334969826338	0.9139831410025393	0.6949968301134275	18	9	9	3	6	0	0	0	20	1	audited human database subset available	85
花椒	0.736844	0.960193	264	641	19	0.637883	0.960193	1.0	0.774648	0.268817	DPP4, PPARG, PTPN1, PPARA, AKT1	42	Tier2	4512	296	959	49	63.02096676827591	0.2471356115249467	118	841	0.9513888888888888	0.93515945481011	0.7065868263473054	0.2448020625415834	0.4571442240427586		815	42	0.736844	-0.022962102156771413	-0.4516873087448524	85	0.0	0.0	0.0	0.0	0.0	0.0	0.1974842803544874	0.9109522052042341	0.6058631762180611	16	0.9766489071895069	6.0	2.0	2.0	4.0	0.6814029397427348	-0.24896766895678002	-0.7257669571867209	0.3530943658277646	82	9	9	0	6	0	0	3	13	2	mixed human/mouse microbial evidence only	86
高良姜	0.775917	0.976652	295	586	10	0.724234	0.976652	1.0	0.915493	0.35461	DPP4, PPARG, HSD11B1, PTPN1, AKT1	25	Tier2	3147	314	737	28	56.17296865975306	0.311831300469346	82	655	0.9633986928104576	0.9507475813544416	0.7454545454545455	0.217944147355912	0.4073895344306651	Alpiniae Officinarum Rhizoma	300	25	0.775917	0.005060160119339963	0.09953836502067284	62	0.0	0.0	0.0	0.0	0.0	0.0	0.1588105806630183	0.7325588062252792	0.5660245067840831	19	1.1075600544492277	7.0	3.0	3.0	5.0	0.7455309060747041	-0.6120373113967686	-1.7841531755445943	0.132411435775106	99	12	12	0	6	0	1	5	13	2	mixed human/mouse microbial evidence only	87
桔梗	0.640482	0.972517	195	347	7	0.445682	0.972517	1.0	0.676056	0.641026	PTPN1, HSD11B1, PPARG, PPARA, DPP4	83	Tier3	1646	211	425	16	28.078167140366485	0.3373283213322735	44	381	0.963718820861678	0.95102540557086	0.7333333333333333	0.2303854875283447	0.203264459166593	Platycodonis Radix	198	83	0.640482	-0.03647286029940089	-0.7174573128534382	89	0.0	0.0	0.0	0.0	0.0	0.0	0.14276393303045373	0.6585390968044542	0.5494944852020444	25	0.7464043753264533	6.0	2.0	3.0	4.0	0.5575590315908465	-0.5114014696042066	-1.4907891054717402	0.19358045085950323	96	6	6	0	4	0	2	0	10	2	mixed human/mouse microbial evidence only	88
橘红	0.499443	1.0	158	175	0	0.342618	1.0	0.593589	0.633803	1.0	DPP4, PPARG, AKT1, GSK3B, PTPN1	92	Tier3	824	191	224	6	17.680681501202212	0.3054377001025599	32	192	0.9739130434782608	0.965197215777262	0.8421052631578947	0.1318077803203662	0.1277206779732295		123	92	0.499443	-0.12649986554825338	-2.488377738064647	101	0.0	0.0	0.0	0.0	0.0	0.0	0.12442092245850495	0.5739267625943225	0.5305989272277699	30	0.49789269515200946	4.0	1.0	1.0	4.0	0.4040592504545681	-0.24730813184270556	-0.7209292318440406	0.3541030745438221	81	4	4	0	4	0	0	0	10	2	mixed human/mouse microbial evidence only	89
榧子	0.500192	0.869707	55	36	4	0.05571	0.869707	1.0	0.169014	0.0	PTPN1, PPARA, PPARG, HSD11B1, DPP4	91	Tier3	251	80	48	8	3.964286266478372	0.2159368475225887	12	36	0.8571428571428571	0.8230088495575222	0.6	0.2571428571428571	0.0280630880198801		15	91	0.500192	0.12471965703804933	2.4533592721816517	1	0.0	0.0	0.0	0.0	0.0	0.0	0.04501499315204069	0.2076444120286361	0.4488010492389756	53	0.49789269515200946	4.0	1.0	1.0	4.0	0.4040592504545681	-0.44841904842597385	-1.3071887192596905	0.23186276263311956	94	4	4	0	4	0	0	0	10	2	mixed human/mouse microbial evidence only	90
化橘红	0.68474	0.972837	225	353	7	0.529248	0.972837	1.0	0.71831	0.471698	DPP4, PPARG, PPARA, PTPN1, AKT1	71	Tier3	2013	257	479	21	35.55947434955281	0.2803330329663288	67	412	0.958	0.9442082890541976	0.7613636363636364	0.1966363636363636	0.2576205077791815	Citri Grandis Exocarpium	209	71	0.68474	-0.023517528545774602	-0.462613096337899	86	0.0	0.0	0.0	0.0	0.0	0.0	0.14485030740169663	0.6681630898177398	0.5516437075302564	24	0.2718793201198474	2.0	2.0	2.0	2.0	0.2404955862974796	-0.823180767154436	-2.3996585705110927	0.004073092296698297	103	2	2	0	0	0	2	0	0	3	mouse-only or provenance-incomplete host evidence only	91
荜茇	0.495194	0.985795	147	197	2	0.311978	0.985795	0.047445	0.746479	0.0	DPP4, PPARG, HSD11B1, GSK3B, PTPN1	94	Tier3	1421	182	304	12	19.60590940512594	0.2625921163435323	24	280	0.9620253164556962	0.9482758620689656	0.6666666666666666	0.2953586497890296	0.1417085785646519		296	94	0.495194	-0.12648744010503477	-2.488133317280824	100	0.0	0.0	0.0	0.0	0.0	0.0	0.15829180045309718	0.730165785497778	0.5654900993325896	20	0.0	0.0	0.0	0.0	0.0	0.0	0.22771649979002212	0.6638175625225667	0.6428350843350906	23	0	0	0	0	0	0	0	0	4	no non-conflicting CID-connected route	92
百合	0.725043	0.982055	196	305	4	0.448468	0.982055	1.0	0.788732	0.0	DPP4, PPARG, GSK3B, PTPN1, VDR	48	Tier2	1690	223	397	16	29.05757998399148	0.3046489362351727	57	340	0.9612590799031476	0.9485530546623794	0.7808219178082192	0.1804371620949285	0.210380463181841	Lilii Bulbus	229	48	0.725043	0.04514602811958002	0.8880671204504261	8	0.0	0.0	0.0	0.0	0.0	0.0	0.14837803306255093	0.6844357240969964	0.5552776990432932	22	0.0	0.0	0.0	0.0	0.0	0.0	0.20260796111892104	0.5906235297909771	0.6275734781979295	27	3	3	0	0	0	0	3	0	4	no non-conflicting CID-connected route	93
山柰	0.37758	0.976019	75	115	2	0.111421	0.976019	0.052203	0.309859	0.0	DPP4, PPARG, PTPN1, AKT1, TP53	99	Tier3	878	116	215	6	14.851136356123948	0.2352364910549104	29	186	0.9728506787330315	0.9636803874092008	0.8285714285714286	0.144279250161603	0.1071623866002281		224	99	0.37758	-0.09728552818245756	-1.9137027657372936	96	0.0	0.0	0.0	0.0	0.0	0.0	0.14752572969156477	0.6805042332770224	0.5543997216962832	23	0.0	0.0	0.0	0.0	0.0	0.0	0.20044933752943445	0.5843309148469655	0.6262614120736254	29	0	0	0	0	0	0	0	0	4	no non-conflicting CID-connected route	94
干姜	0.442565	0.948187	108	102	4	0.203343	0.948187	0.039888	0.661972	0.0	DPP4, PPARG, HSD11B1, PTPN1, PPARA	97	Tier3	873	136	191	8	10.638999323022697	0.1870989179484507	22	169	0.9597989949748744	0.9460552933243426	0.7333333333333333	0.2264656616415411	0.076558760932644		145	97	0.442565	-0.10430018386650564	-2.051687995750962	98	0.0	0.0	0.0	0.0	0.0	0.0	0.13075438106336054	0.6031416351518072	0.5371231689151584	28	0.0	0.0	0.0	0.0	0.0	0.0	0.15797264436036262	0.4605068838719921	0.6004430014664981	31	0	0	0	0	0	0	0	0	4	no non-conflicting CID-connected route	95
青果	0.66594	0.967123	157	247	6	0.339833	0.967123	1.0	0.605634	0.0	DPP4, PPARG, PTPN1, HSD11B1, PPARA	76	Tier3	1266	183	336	15	26.16537503132323	0.3111611140851956	44	292	0.9572649572649572	0.9430523917995444	0.7457627118644068	0.2115022454005505	0.1893669118586488		135	76	0.66594	0.0401742107853732	0.7902665455759417	11	0.0	0.0	0.0	0.0	0.0	0.0	0.1280029974517799	0.5904500985706009	0.5342889052408195	29	0.0	0.0	0.0	0.0	0.0	0.0	0.15100423173891225	0.4401932277017625	0.5962074236727095	32	3	3	0	0	0	0	3	0	4	no non-conflicting CID-connected route	96
郁李仁	0.662884	0.977827	148	183	3	0.314763	0.977827	1.0	0.605634	0.0	PTPN1, PPARG, AKT1, TP53, DPP4	77	Tier3	755	175	215	4	16.068789672608553	0.3476888185013446	35	180	0.9817351598173516	0.9757575757575756	0.8974358974358975	0.0842992623814541	0.116009346230872	Pruni Semen	88	77	0.662884	0.05513864568508242	1.0846318123354544	7	0.0	0.0	0.0	0.0	0.0	0.0	0.11156030468390135	0.5146035187339277	0.5173509084365346	32	0.0	0.0	0.0	0.0	0.0	0.0	0.1093599232782349	0.3187956857546681	0.5708949575867077	35	3	3	0	0	0	0	3	0	4	no non-conflicting CID-connected route	97
枳椇子	0.501347	0.987122	165	216	2	0.362117	0.987122	0.034673	0.71831	0.0	DPP4, PPARG, AKT1, GSK3B, MAPK8	90	Tier3	873	182	265	3	22.46596602094096	0.345949640043922	20	245	0.9888059701492538	0.9845758354755784	0.8695652173913043	0.1192407527579494	0.1624885535205132		61	90	0.501347	-0.1250090750988927	-2.4590524123006174	99	0.0	0.0	0.0	0.0	0.0	0.0	0.09754189311733519	0.44993962291851713	0.5029102195744583	38	0.0	0.0	0.0	0.0	0.0	0.0	0.07385557714417235	0.21529678017951917	0.5493145162096411	42	3	3	0	0	0	0	3	0	4	no non-conflicting CID-connected route	98
淡竹叶	0.448225	1.0	44	71	0	0.02507	1.0	0.593589	0.15493	0.0	AKR1B1, PTPN1, GAA, DPP4, PPARG	96	Tier3	285	54	91	0	5.916174039490734	0.400704978020829	29	62	1.0	1.0	1.0	0.0	0.0422446880677835	Lophatheri Herba	56	96	0.448225	0.10354575652890491	2.036847662255453	2	0.0	0.0	0.0	0.0	0.0	0.0	0.09428129762191184	0.4348992022252689	0.4995514050018576	39	0.0	0.0	0.0	0.0	0.0	0.0	0.06559748666630566	0.19122357732788953	0.5442950395300483	44	0	0	0	0	0	0	0	0	4	no non-conflicting CID-connected route	99
鸡内金	0.377336	1.0	85	19	0	0.139276	1.0	0.347617	0.084507	0.396825	DPP4, GSK3B, TP53, AGT, PPARG	100	Tier3	316	116	36	2	1.99984179474382	0.210279244577912	10	26	0.9473684210526316	0.933774834437086	0.8333333333333334	0.1140350877192981	0.0137902562517608	Galli Gigerii Endothelium Corneum	45	100	0.377336	-0.10383784227147824	-2.0425932783181704	97	0.0	0.0	0.0	0.0	0.0	0.0	0.08596685967198711	0.3965465010790202	0.490986510831946	41	0.0	0.0	0.0	0.0	0.0	0.0	0.044539559990193545	0.12983750486144383	0.531495498019258	49	0	0	0	0	0	0	0	0	4	no non-conflicting CID-connected route	100
阿胶	0.385958	1.0	47	4	0	0.033426	1.0	0.38801	0.0	0.0	AGT, GSK3B, TP53, GRM4, GRM8	98	Tier3	134	71	12	1	0.1018167148094418	0.2339665023211608	7	5	0.9230769230769232	0.9130434782608696	0.875	0.0480769230769231	0.0	Asini Corii Colla	19	98	0.385958	0.04077460929305915	0.8020769793184429	10	0.0	0.0	0.0	0.0	0.0	0.0	0.05366810786026498	0.2475593556950014	0.4577148221436993	49	0.0	0.0	0.0	0.0	0.0	0.0	-0.037263293248653295	-0.10862642153156984	0.48177365066761607	63	0	0	0	0	0	0	0	0	4	no non-conflicting CID-connected route	101
龙眼肉	0.275715	1.0	52	17	0	0.047354	1.0	0.065471	0.042254	0.555556	GSK3B, PPARG, DPP4, PTPN1, INSR	104	Tier3	150	69	24	4	2.157192450962735	0.2452076114480564	2	22	0.8571428571428571	0.8130841121495327	0.3333333333333333	0.5238095238095237	0.0149335002971538		19	104	0.275715	-0.09076978642082606	-1.7855316670855146	95	0.0	0.0	0.0	0.0	0.0	0.0	0.05366810786026498	0.2475593556950014	0.4577148221436993	49	0.0	0.0	0.0	0.0	0.0	0.0	-0.037263293248653295	-0.10862642153156984	0.48177365066761607	63	0	0	0	0	0	0	0	0	4	no non-conflicting CID-connected route	102
牡蛎	0.361418	1.0	48	14	0	0.036212	1.0	0.018869	0.323944	0.0	AKR1B1, PTPN1, PPARG, HSD11B1, PPARA	101	Tier3	65	50	14	0	0.6980049833747052	0.2901576888392769	2	12	1.0	1.0	1.0	0.0	0.004331654562801	Ostreae Concha	16	101	0.361418	0.013876758283764445	0.27296958965266166	45	0.0	0.0	0.0	0.0	0.0	0.0	0.04736590942827064	0.21848867954318474	0.4512227822808842	52	0.0	0.0	0.0	0.0	0.0	0.0	-0.053224833075942224	-0.15515598997315394	0.4720718222427277	66	0	0	0	0	0	0	0	0	4	no non-conflicting CID-connected route	103
乌梢蛇	0.336086	1.0	35	15	0	0.0	1.0	0.032543	0.197183	0.0	VDR, PPARG, DPP4, HSD11B1, PTPN1	102	Tier3	62	36	16	1	0.8967579669245742	0.2620623164135348	2	14	0.9411764705882352	0.921875	0.6666666666666666	0.2745098039215686	0.0057757105992204		13	102	0.336086	0.05729825997846322	1.1271135660287428	5	0.0	0.0	0.0	0.0	0.0	0.0	0.0398368804495951	0.18375889984193589	0.44346695599497915	55	0.0	0.0	0.0	0.0	0.0	0.0	-0.07229355920393121	-0.2107433334918017	0.4604813672379641	68	0	0	0	0	0	0	0	0	4	no non-conflicting CID-connected route	104
