scenario	herb_canonical	transform_score_raw	transform_score_adjusted_z	transform_rank	n_routes
primary_human_lotus_causal	肉苁蓉	5.393445041451031	2.675855718705149	1	10
primary_human_lotus_causal	甘草	2.2850871619288213	2.261792094494701	2	5
primary_human_lotus_causal	菊花	2.2850871619288213	2.161619301048204	3	5
primary_human_lotus_causal	八角茴香	2.2850871619288213	2.0699125623058174	4	5
primary_human_lotus_causal	石斛	2.4303427224980045	1.8881382006572383	5	5
primary_human_lotus_causal	小蓟	2.2850871619288213	1.7778143067030405	6	5
primary_human_lotus_causal	天冬	6.743702328050618	1.5914575240012703	7	12
primary_human_lotus_causal	芦根	3.7806000090975913	1.1680276545135815	8	7
primary_human_lotus_causal	赤小豆	3.724070846915717	1.0880513099140858	9	7
primary_human_lotus_causal	白茅根	5.623092600034946	1.0209346704411424	10	8
primary_human_lotus_causal	人参	9.699278638305117	1.0051077064806706	11	18
primary_human_lotus_causal	金银花	9.610552239917808	0.9819988073257883	12	18
primary_human_lotus_causal	香橼	5.623092600034946	0.9674074086391949	13	8
primary_human_lotus_causal	莱菔子	5.626187903326516	0.948390147433166	14	11
primary_human_lotus_causal	薤白	12.515145791946317	0.925646264039916	15	23
primary_human_lotus_causal	覆盆子	3.2498200173852125	0.7762558482629098	17	7
primary_human_lotus_causal	蜂蜜	9.55204347299329	0.758459138233241	18	18
primary_human_lotus_causal	蒲公英	5.297192634365195	0.7243800823627581	21	11
primary_human_lotus_causal	灵芝	9.077792643462786	0.653300345006628	26	18
primary_human_lotus_causal	薏苡仁	7.268935915807112	0.6061202128215502	27	13
primary_human_lotus_causal	党参	6.7946850862766075	0.5652805477321483	31	13
primary_human_lotus_causal	桑椹	9.021263481280911	0.47537237254772163	33	18
primary_human_lotus_causal	陈皮	3.0121054724363736	0.46513307962236144	34	6
primary_human_lotus_causal	白果	2.86684991186719	0.46186200268040994	35	6
primary_human_lotus_causal	桑叶	6.590920758782907	0.4609175457439543	36	13
primary_human_lotus_causal	姜黄	3.0121054724363736	0.45851843706373324	37	6
primary_human_lotus_causal	鱼腥草	2.86684991186719	0.4093152970805272	40	6
primary_human_lotus_causal	黄芪	6.647449920964781	0.38333375624235233	42	13
primary_human_lotus_causal	砂仁	2.86684991186719	0.3769515439111916	43	6
primary_human_lotus_causal	刀豆	6.73617631935209	0.35400450675668543	44	13
primary_human_lotus_causal	夏枯草	2.86684991186719	0.33740964653549727	45	6
primary_human_lotus_causal	木瓜	2.86684991186719	0.3218454315249389	46	6
primary_human_lotus_causal	杜仲	10.841741934534587	0.3000038559708671	47	20
primary_human_lotus_causal	杏仁	2.86684991186719	0.2853281574047205	48	6
primary_human_lotus_causal	山楂	2.86684991186719	0.2260119163290485	51	6
primary_human_lotus_causal	草果	2.86684991186719	0.18522652991561572	54	6
primary_human_lotus_causal	莲子	2.86684991186719	0.17280746198045654	56	6
primary_human_lotus_causal	沙棘	4.3623627590359595	0.1110184015859246	57	8
primary_human_lotus_causal	槐米	2.86684991186719	-0.07169339500008445	58	6
primary_human_lotus_causal	当归	3.9768383278927644	-0.15537444429463643	59	8
primary_human_lotus_causal	丁香	3.9768383278927644	-0.1593245398919471	60	8
primary_human_lotus_causal	枸杞子	3.9768383278927644	-0.21240783446109301	61	8
primary_human_lotus_causal	茯苓	3.9768383278927644	-0.24471389873644026	62	8
primary_human_lotus_causal	西洋参	3.9768383278927644	-0.2460987492525676	63	8
primary_human_lotus_causal	栀子	3.831582767323581	-0.2571308915532221	64	8
primary_human_lotus_causal	山茱萸	3.831582767323581	-0.27574784546787556	65	8
primary_human_lotus_causal	山药	3.9768383278927644	-0.28132572828684177	66	8
primary_human_lotus_causal	决明子	3.9768383278927644	-0.2841695979103805	67	8
primary_human_lotus_causal	大枣	3.831582767323581	-0.2965299301403169	68	8
primary_human_lotus_causal	槐花	3.831582767323581	-0.36720705789701347	69	8
primary_human_lotus_causal	酸枣仁	3.9768383278927644	-0.3875985672140141	70	8
primary_human_lotus_causal	葛根	0.9647328554563911	-0.3939945964983661	71	2
primary_human_lotus_causal	西红花	3.831582767323581	-0.39670312219590814	72	8
primary_human_lotus_causal	杜仲叶	3.831582767323581	-0.3977080441173372	73	8
primary_human_lotus_causal	地黄	3.9768383278927644	-0.4116301599572575	74	8
primary_human_lotus_causal	天麻	0.9647328554563911	-0.4147140856533437	75	2
primary_human_lotus_causal	荷叶	3.831582767323581	-0.4290156268466972	76	8
primary_human_lotus_causal	乌梅	3.831582767323581	-0.4433833448773901	77	8
primary_human_lotus_causal	麦冬	0.9647328554563911	-0.4436002588166066	78	2
primary_human_lotus_causal	淡豆豉	0.9647328554563911	-0.47474392980663704	79	2
primary_human_lotus_causal	黄精	0.9647328554563911	-0.5500365050420597	80	2
primary_human_lotus_causal	藿香	3.366974058648435	-0.7775038622788378	81	5
primary_human_lotus_causal	生姜	0.5817627499383686	-1.0965758381040267	82	1
primary_human_lotus_causal	薄荷	0.5817627499383686	-1.2839289253635315	83	1
primary_human_lotus_causal	马齿苋	0.5817627499383686	-1.2976501009623589	84	1
primary_human_lotus_causal	麦芽	0.5817627499383686	-1.3460125053458953	85	1
primary_human_lotus_causal	香薷	0.5817627499383686	-1.3519846289241304	86	1
primary_human_lotus_causal	益智仁	0.5817627499383686	-1.3819669411378726	87	1
primary_human_lotus_causal	广藿香	0.5817627499383686	-1.3826209661134512	88	1
primary_human_lotus_causal	佛手	0.5817627499383686	-1.402709338102518	89	1
primary_human_lotus_causal	紫苏子	0.5817627499383686	-1.4483979683928532	90	1
primary_human_lotus_causal	桃仁	0.5817627499383686	-1.4522243310102454	91	1
primary_human_lotus_causal	白扁豆	0.5817627499383686	-1.4531938490018363	92	1
primary_human_lotus_causal	昆布	0.5817627499383686	-1.48044389232136	93	1
primary_human_lotus_causal	肉豆蔻	1.5464956053947598	-1.4880240961691578	94	3
primary_human_lotus_causal	白芷	1.5464956053947598	-1.5057875799121019	95	3
primary_human_lotus_causal	胖大海	0.5817627499383686	-1.5223511070531246	96	1
primary_human_lotus_causal	小茴香	0.5817627499383686	-1.5223511070531246	96	1
primary_human_lotus_causal	余甘子	0.5817627499383686	-1.5388282875313932	98	1
primary_human_lotus_causal	火麻仁	1.5464956053947598	-1.5659159125252087	99	3
primary_human_lotus_causal	肉桂	1.5464956053947598	-1.5790464079317175	100	3
primary_human_lotus_causal	芡实	0.5817627499383686	-1.5934536229568987	101	1
primary_human_lotus_causal	玳玳花	1.5464956053947598	-1.625450359958769	102	3
primary_human_lotus_causal	罗汉果	1.5464956053947598	-1.64153320575174	103	3
primary_human_lotus_causal	玉竹	1.5464956053947598	-1.802039791198717	104	3
primary_human_lotus_causal	花椒	0.0	0.9109522052042336	16	0
primary_human_lotus_causal	高良姜	0.0	0.7325588062252782	19	0
primary_human_lotus_causal	桔梗	0.0	0.6585390968044531	25	0
primary_human_lotus_causal	橘红	0.0	0.5739267625943212	30	0
primary_human_lotus_causal	榧子	0.0	0.2076444120286334	53	0
primary_human_lotus_causal	化橘红	0.0	0.6681630898177385	24	0
primary_human_lotus_causal	荜茇	0.0	0.7301657854977771	20	0
primary_human_lotus_causal	百合	0.0	0.6844357240969953	22	0
primary_human_lotus_causal	山柰	0.0	0.6805042332770213	23	0
primary_human_lotus_causal	干姜	0.0	0.6031416351518057	28	0
primary_human_lotus_causal	青果	0.0	0.5904500985705995	29	0
primary_human_lotus_causal	郁李仁	0.0	0.5146035187339261	32	0
primary_human_lotus_causal	枳椇子	0.0	0.44993962291851536	38	0
primary_human_lotus_causal	淡竹叶	0.0	0.43489920222526696	39	0
primary_human_lotus_causal	鸡内金	0.0	0.39654650107901823	41	0
primary_human_lotus_causal	阿胶	0.0	0.24755935569499884	49	0
primary_human_lotus_causal	龙眼肉	0.0	0.24755935569499884	49	0
primary_human_lotus_causal	牡蛎	0.0	0.21848867954318205	52	0
primary_human_lotus_causal	乌梢蛇	0.0	0.18375889984193314	55	0
human_any_occurrence_causal	肉苁蓉	5.393445041451031	2.689847940980533	1	10
human_any_occurrence_causal	甘草	2.2850871619288213	2.1924699646189794	2	5
human_any_occurrence_causal	菊花	2.2850871619288213	2.108710300337636	3	5
human_any_occurrence_causal	八角茴香	2.2850871619288213	2.0320295431667597	4	5
human_any_occurrence_causal	石斛	2.4303427224980045	1.9111658921722143	5	5
human_any_occurrence_causal	小蓟	2.2850871619288213	1.7877910530070311	6	5
human_any_occurrence_causal	天冬	6.743702328050618	1.6883296159010315	7	12
human_any_occurrence_causal	芦根	3.7806000090975913	1.2199330048702115	8	7
human_any_occurrence_causal	赤小豆	3.724070846915717	1.1445029681419807	9	7
human_any_occurrence_causal	白茅根	5.623092600034946	1.0988273275484548	11	8
human_any_occurrence_causal	人参	9.699278638305117	1.1027471419505674	10	18
human_any_occurrence_causal	金银花	9.610552239917808	1.0774337179836053	12	18
human_any_occurrence_causal	香橼	5.623092600034946	1.0540704097848979	13	8
human_any_occurrence_causal	莱菔子	5.626187903326516	1.0385052364723248	14	11
human_any_occurrence_causal	薤白	13.362749316057004	0.5715042858932374	26	26
human_any_occurrence_causal	覆盆子	3.2498200173852125	0.807683686061123	17	7
human_any_occurrence_causal	蜂蜜	9.55204347299329	0.8865425850895774	15	18
human_any_occurrence_causal	蒲公英	5.297192634365195	0.8145616078366432	16	11
human_any_occurrence_causal	灵芝	9.925396167573473	0.2270462182718291	50	21
human_any_occurrence_causal	薏苡仁	7.268935915807112	0.731198780704223	19	13
human_any_occurrence_causal	党参	6.7946850862766075	0.6545587516247422	20	13
human_any_occurrence_causal	桑椹	9.021263481280911	0.6127093402601748	23	18
human_any_occurrence_causal	陈皮	3.0121054724363736	0.5061274248437432	31	6
human_any_occurrence_causal	白果	2.86684991186719	0.47686285546238355	36	6
human_any_occurrence_causal	桑叶	6.590920758782907	0.5482384647640204	29	13
human_any_occurrence_causal	姜黄	3.0121054724363736	0.50059657938172	32	6
human_any_occurrence_causal	鱼腥草	2.86684991186719	0.4329258315589072	39	6
human_any_occurrence_causal	黄芪	6.647449920964781	0.4887042980349055	34	13
human_any_occurrence_causal	砂仁	2.86684991186719	0.4058648202095969	40	6
human_any_occurrence_causal	刀豆	7.583779843462777	-0.1257283491962065	60	16
human_any_occurrence_causal	夏枯草	2.86684991186719	0.3728017904658525	42	6
human_any_occurrence_causal	木瓜	2.86684991186719	0.35978774364501237	44	6
human_any_occurrence_causal	杜仲	10.841741934534587	0.4615031827889614	37	20
human_any_occurrence_causal	杏仁	2.86684991186719	0.32925375816308655	46	6
human_any_occurrence_causal	山楂	2.86684991186719	0.27965637480187333	47	6
human_any_occurrence_causal	草果	2.86684991186719	0.24555359942705446	48	6
human_any_occurrence_causal	莲子	2.86684991186719	0.23516937308028968	49	6
human_any_occurrence_causal	沙棘	4.3623627590359595	0.18608722661521354	54	8
human_any_occurrence_causal	槐米	2.86684991186719	0.03072953475104219	57	6
human_any_occurrence_causal	当归	3.9768383278927644	-0.09033377751384392	58	8
human_any_occurrence_causal	丁香	3.9768383278927644	-0.0936366571653609	59	8
human_any_occurrence_causal	枸杞子	3.9768383278927644	-0.1380223509159698	61	8
human_any_occurrence_causal	茯苓	3.9768383278927644	-0.16503512559116035	62	8
human_any_occurrence_causal	西洋参	3.9768383278927644	-0.16619307088069263	63	8
human_any_occurrence_causal	栀子	3.831582767323581	-0.1967274655308884	65	8
human_any_occurrence_causal	山茱萸	3.831582767323581	-0.212294065564514	67	8
human_any_occurrence_causal	山药	3.9768383278927644	-0.19564817376881077	64	8
human_any_occurrence_causal	决明子	3.9768383278927644	-0.1980260805510026	66	8
human_any_occurrence_causal	大枣	3.831582767323581	-0.2296710436375068	68	8
human_any_occurrence_causal	槐花	3.831582767323581	-0.2887678531562742	70	8
human_any_occurrence_causal	酸枣仁	3.9768383278927644	-0.2845084022251484	69	8
human_any_occurrence_causal	葛根	0.9647328554563911	-0.3979814407396545	76	2
human_any_occurrence_causal	西红花	3.831582767323581	-0.3134310412165722	72	8
human_any_occurrence_causal	杜仲叶	3.831582767323581	-0.3142713085174223	73	8
human_any_occurrence_causal	地黄	3.9768383278927644	-0.3046024624092151	71	8
human_any_occurrence_causal	天麻	0.9647328554563911	-0.4153060794563422	77	2
human_any_occurrence_causal	荷叶	3.831582767323581	-0.3404492010234564	74	8
human_any_occurrence_causal	乌梅	3.831582767323581	-0.3524627947082786	75	8
human_any_occurrence_causal	麦冬	1.8123363795670773	-1.1865623324049093	82	5
human_any_occurrence_causal	淡豆豉	0.9647328554563911	-0.4655001433348418	78	2
human_any_occurrence_causal	黄精	0.9647328554563911	-0.5284561676965378	79	2
human_any_occurrence_causal	藿香	5.3605259316288	-1.3721332246814961	87	10
human_any_occurrence_causal	生姜	0.5817627499383686	-1.1414289596511062	81	1
human_any_occurrence_causal	薄荷	0.5817627499383686	-1.2980845859046657	83	1
human_any_occurrence_causal	马齿苋	0.5817627499383686	-1.3095575719536867	84	1
human_any_occurrence_causal	麦芽	0.5817627499383686	-1.3499958847493378	85	1
human_any_occurrence_causal	香薷	0.5817627499383686	-1.3549894867918608	86	1
human_any_occurrence_causal	益智仁	0.5817627499383686	-1.3800592519346564	88	1
human_any_occurrence_causal	广藿香	1.429366274049055	-1.8053868378022329	104	4
human_any_occurrence_causal	佛手	0.5817627499383686	-1.397403045058256	89	1
human_any_occurrence_causal	紫苏子	0.5817627499383686	-1.4356056767602146	90	1
human_any_occurrence_causal	桃仁	0.5817627499383686	-1.4388050968544803	91	1
human_any_occurrence_causal	白扁豆	0.5817627499383686	-1.4396157610947036	92	1
human_any_occurrence_causal	昆布	0.5817627499383686	-1.4624009346090519	94	1
human_any_occurrence_causal	肉豆蔻	1.5464956053947598	-1.454057265413445	93	3
human_any_occurrence_causal	白芷	1.5464956053947598	-1.4689102348034893	95	3
human_any_occurrence_causal	胖大海	1.9896963267589687	-0.9724276944187012	80	6
human_any_occurrence_causal	小茴香	0.5817627499383686	-1.4974417287821082	96	1
human_any_occurrence_causal	余甘子	0.5817627499383686	-1.5112191533469932	97	1
human_any_occurrence_causal	火麻仁	1.5464956053947598	-1.5191866499876256	98	3
human_any_occurrence_causal	肉桂	1.5464956053947598	-1.5301657377145177	99	3
human_any_occurrence_causal	芡实	0.5817627499383686	-1.5568942273773474	100	1
human_any_occurrence_causal	玳玳花	1.5464956053947598	-1.5689664869937059	101	3
human_any_occurrence_causal	罗汉果	1.5464956053947598	-1.5824141878909295	102	3
human_any_occurrence_causal	玉竹	1.5464956053947598	-1.716622062598587	103	3
human_any_occurrence_causal	花椒	0.0	0.767820104738331	18	0
human_any_occurrence_causal	高良姜	0.0	0.618656138212172	21	0
human_any_occurrence_causal	桔梗	0.0	0.5567644229271995	28	0
human_any_occurrence_causal	橘红	0.0	0.48601566506924104	35	0
human_any_occurrence_causal	榧子	0.0	0.17974800835315177	55	0
human_any_occurrence_causal	化橘红	0.0	0.5648115422707299	27	0
human_any_occurrence_causal	荜茇	0.0	0.6166552095582171	22	0
human_any_occurrence_causal	百合	0.0	0.5784179351575534	24	0
human_any_occurrence_causal	山柰	0.0	0.5751306119246029	25	0
human_any_occurrence_causal	干姜	0.0	0.5104437341411506	30	0
human_any_occurrence_causal	青果	0.0	0.49983168263812444	33	0
human_any_occurrence_causal	郁李仁	0.0	0.4364124263167858	38	0
human_any_occurrence_causal	枳椇子	0.0	0.3823435916734209	41	0
human_any_occurrence_causal	淡竹叶	0.0	0.3697675164281047	43	0
human_any_occurrence_causal	鸡内金	0.0	0.33769883528457373	45	0
human_any_occurrence_causal	阿胶	0.0	0.21312296143449092	51	0
human_any_occurrence_causal	龙眼肉	0.0	0.21312296143449092	51	0
human_any_occurrence_causal	牡蛎	0.0	0.18881546245066394	53	0
human_any_occurrence_causal	乌梢蛇	0.0	0.15977609369336424	56	0
human_plus_mixed_lotus_causal	肉苁蓉	5.393445041451031	1.8781987700055023	1	10
human_plus_mixed_lotus_causal	甘草	2.2850871619288213	1.6625400572208249	5	5
human_plus_mixed_lotus_causal	菊花	2.2850871619288213	1.5801581203898492	9	5
human_plus_mixed_lotus_causal	八角茴香	2.2850871619288213	1.504738652706887	11	5
human_plus_mixed_lotus_causal	石斛	2.4303427224980045	1.3853562728177422	14	5
human_plus_mixed_lotus_causal	小蓟	2.2850871619288213	1.2645175386340444	15	5
human_plus_mixed_lotus_causal	天冬	8.255930575799784	1.5032088889683268	12	17
human_plus_mixed_lotus_causal	芦根	5.292828256846758	1.669760288751113	3	12
human_plus_mixed_lotus_causal	赤小豆	5.236299094664884	1.6086015250508168	8	12
human_plus_mixed_lotus_causal	白茅根	7.135320847784113	1.047652347042932	16	13
human_plus_mixed_lotus_causal	人参	11.211506886054284	0.4504013419374273	28	23
human_plus_mixed_lotus_causal	金银花	11.122780487666974	0.43024835152390845	29	23
human_plus_mixed_lotus_causal	香橼	7.135320847784113	1.0036316169745587	17	13
human_plus_mixed_lotus_causal	莱菔子	5.626187903326516	0.06505469656714714	54	11
human_plus_mixed_lotus_causal	薤白	14.027374039695484	0.20664303633952086	39	28
human_plus_mixed_lotus_causal	覆盆子	4.762048265134379	1.398430787598793	13	12
human_plus_mixed_lotus_causal	蜂蜜	11.064271720742457	0.24566600021305138	38	23
human_plus_mixed_lotus_causal	蒲公英	5.297192634365195	-0.154608910367188	69	11
human_plus_mixed_lotus_causal	灵芝	10.590020891211953	0.15358755919605832	45	23
human_plus_mixed_lotus_causal	薏苡仁	8.781164163556278	0.36797291895189244	31	18
human_plus_mixed_lotus_causal	党参	8.306913334025774	0.3353184692831542	35	18
human_plus_mixed_lotus_causal	桑椹	10.533491729030079	0.0066485714130959635	59	23
human_plus_mixed_lotus_causal	陈皮	3.0121054724363736	-0.26414512894086745	74	6
human_plus_mixed_lotus_causal	白果	2.86684991186719	-0.2924964284272391	76	6
human_plus_mixed_lotus_causal	桑叶	8.103149006532075	0.25059572421365744	37	18
human_plus_mixed_lotus_causal	姜黄	3.0121054724363736	-0.26958499985467416	75	6
human_plus_mixed_lotus_causal	鱼腥草	2.86684991186719	-0.3357107507244161	78	6
human_plus_mixed_lotus_causal	黄芪	8.159678168713947	0.18643772427357128	40	18
human_plus_mixed_lotus_causal	砂仁	2.86684991186719	-0.36232664689220606	81	6
human_plus_mixed_lotus_causal	刀豆	8.248404567101257	0.1618358136528635	43	18
human_plus_mixed_lotus_causal	夏枯草	2.86684991186719	-0.39484583678103874	82	6
human_plus_mixed_lotus_causal	木瓜	2.86684991186719	-0.40764582102534686	83	6
human_plus_mixed_lotus_causal	杜仲	12.353970182283753	-0.3364727150131357	79	25
human_plus_mixed_lotus_causal	杏仁	2.86684991186719	-0.4376775658365567	84	6
human_plus_mixed_lotus_causal	山楂	2.86684991186719	-0.48645914272207064	85	6
human_plus_mixed_lotus_causal	草果	2.86684991186719	-0.5200009759038814	86	6
human_plus_mixed_lotus_causal	莲子	2.86684991186719	-0.530214396483794	87	6
human_plus_mixed_lotus_causal	沙棘	5.874591006785127	0.3444324494817887	33	13
human_plus_mixed_lotus_causal	槐米	2.86684991186719	-0.7312914899927084	88	6
human_plus_mixed_lotus_causal	当归	5.489066575641932	0.14928722436771594	47	13
human_plus_mixed_lotus_causal	丁香	5.489066575641932	0.14603867239289434	48	13
human_plus_mixed_lotus_causal	枸杞子	5.489066575641932	0.10238306022998557	50	13
human_plus_mixed_lotus_causal	茯苓	5.489066575641932	0.07581460731157294	52	13
human_plus_mixed_lotus_causal	西洋参	5.489066575641932	0.0746757085765504	53	13
human_plus_mixed_lotus_causal	栀子	5.343811015072748	0.07633432479693039	51	13
human_plus_mixed_lotus_causal	山茱萸	5.343811015072748	0.061023773212868705	55	13
human_plus_mixed_lotus_causal	山药	5.489066575641932	0.04570510027363037	56	13
human_plus_mixed_lotus_causal	决明子	5.489066575641932	0.04336630667887004	58	13
human_plus_mixed_lotus_causal	大枣	5.343811015072748	0.04393262173554133	57	13
human_plus_mixed_lotus_causal	槐花	5.343811015072748	-0.014192129246438798	60	13
human_plus_mixed_lotus_causal	酸枣仁	5.489066575641932	-0.041693503699841046	63	13
human_plus_mixed_lotus_causal	葛根	2.476961103205558	1.6832920873987134	2	7
human_plus_mixed_lotus_causal	西红花	5.343811015072748	-0.038449642910882646	61	13
human_plus_mixed_lotus_causal	杜仲叶	5.343811015072748	-0.039276089008699715	62	13
human_plus_mixed_lotus_causal	地黄	5.489066575641932	-0.06145704514863739	64	13
human_plus_mixed_lotus_causal	天麻	2.476961103205558	1.6662524143696573	4	7
human_plus_mixed_lotus_causal	荷叶	5.343811015072748	-0.06502339238322521	65	13
human_plus_mixed_lotus_causal	乌梅	5.343811015072748	-0.07683937952390497	66	13
human_plus_mixed_lotus_causal	麦冬	2.476961103205558	1.6424964741492663	6	7
human_plus_mixed_lotus_causal	淡豆豉	2.476961103205558	1.6168839715134509	7	7
human_plus_mixed_lotus_causal	黄精	2.476961103205558	1.5549634842885534	10	7
human_plus_mixed_lotus_causal	藿香	4.879202306397602	-0.309537053902253	77	10
human_plus_mixed_lotus_causal	生姜	0.5817627499383686	-1.607960855360989	89	1
human_plus_mixed_lotus_causal	薄荷	0.5817627499383686	-1.7620397191788835	90	1
human_plus_mixed_lotus_causal	马齿苋	0.5817627499383686	-1.7733239909111387	91	1
human_plus_mixed_lotus_causal	麦芽	0.5817627499383686	-1.8130971509263534	92	1
human_plus_mixed_lotus_causal	香薷	0.5817627499383686	-1.8180086153114587	93	1
human_plus_mixed_lotus_causal	益智仁	0.5817627499383686	-1.8426660184431616	94	1
human_plus_mixed_lotus_causal	广藿香	0.5817627499383686	-1.8432038874829504	95	1
human_plus_mixed_lotus_causal	佛手	0.5817627499383686	-1.8597245308163555	96	1
human_plus_mixed_lotus_causal	紫苏子	0.5817627499383686	-1.8972987835148445	97	1
human_plus_mixed_lotus_causal	桃仁	0.5817627499383686	-1.9004455776951101	98	1
human_plus_mixed_lotus_causal	白扁豆	0.5817627499383686	-1.9012429076605801	99	1
human_plus_mixed_lotus_causal	昆布	0.5817627499383686	-1.9236532974495941	100	1
human_plus_mixed_lotus_causal	肉豆蔻	3.0587238531439267	-0.09401632915120063	67	8
human_plus_mixed_lotus_causal	白芷	3.0587238531439267	-0.10862498830166042	68	8
human_plus_mixed_lotus_causal	胖大海	0.5817627499383686	-1.9581177203533868	101	1
human_plus_mixed_lotus_causal	小茴香	0.5817627499383686	-1.9581177203533868	101	1
human_plus_mixed_lotus_causal	余甘子	0.5817627499383686	-1.9716685258626527	103	1
human_plus_mixed_lotus_causal	火麻仁	3.0587238531439267	-0.158074427901551	70	8
human_plus_mixed_lotus_causal	肉桂	3.0587238531439267	-0.1688729252372198	71	8
human_plus_mixed_lotus_causal	芡实	0.5817627499383686	-2.016592309831984	104	1
human_plus_mixed_lotus_causal	玳玳花	3.0587238531439267	-0.2070354573287503	72	8
human_plus_mixed_lotus_causal	罗汉果	3.0587238531439267	-0.22026196265613182	73	8
human_plus_mixed_lotus_causal	玉竹	3.0587238531439267	-0.35226230854157353	80	8
human_plus_mixed_lotus_causal	花椒	0.0	0.7295382211141535	18	0
human_plus_mixed_lotus_causal	高良姜	0.0	0.5828277898672015	19	0
human_plus_mixed_lotus_causal	桔梗	0.0	0.5219541053471572	24	0
human_plus_mixed_lotus_causal	橘红	0.0	0.45236906401811083	27	0
human_plus_mixed_lotus_causal	榧子	0.0	0.15113907503192375	46	0
human_plus_mixed_lotus_causal	化橘红	0.0	0.529868861012883	23	0
human_plus_mixed_lotus_causal	荜茇	0.0	0.5808597736461752	20	0
human_plus_mixed_lotus_causal	百合	0.0	0.5432514480721459	21	0
human_plus_mixed_lotus_causal	山柰	0.0	0.5400181966349116	22	0
human_plus_mixed_lotus_causal	干姜	0.0	0.4763953260674086	25	0
human_plus_mixed_lotus_causal	青果	0.0	0.4659578277313021	26	0
human_plus_mixed_lotus_causal	郁李仁	0.0	0.4035817280542204	30	0
human_plus_mixed_lotus_causal	枳椇子	0.0	0.35040224890597	32	0
human_plus_mixed_lotus_causal	淡竹叶	0.0	0.3380330322271492	34	0
human_plus_mixed_lotus_causal	鸡内金	0.0	0.30649183531708085	36	0
human_plus_mixed_lotus_causal	阿胶	0.0	0.1839650575627072	41	0
human_plus_mixed_lotus_causal	龙眼肉	0.0	0.1839650575627072	41	0
human_plus_mixed_lotus_causal	牡蛎	0.0	0.16005738239487968	44	0
human_plus_mixed_lotus_causal	乌梢蛇	0.0	0.1314956699871076	49	0
all_microbial_nonconflict	肉苁蓉	5.890929069426871	2.3800272478353097	1	12
all_microbial_nonconflict	甘草	2.9937531859746005	0.6588770278739876	24	10
all_microbial_nonconflict	菊花	3.4926789827533113	-0.4137106999437896	70	12
all_microbial_nonconflict	八角茴香	2.495860490822591	1.8815408327156076	4	6
all_microbial_nonconflict	石斛	2.6545142265474455	1.5752185658474354	6	6
all_microbial_nonconflict	小蓟	2.495860490822591	1.5249532641075443	7	6
all_microbial_nonconflict	天冬	8.928460727272103	2.04932560346545	3	20
all_microbial_nonconflict	芦根	5.6920458843926784	2.0712632323298985	2	14
all_microbial_nonconflict	赤小豆	6.4467789737214725	-0.013316254165248809	63	20
all_microbial_nonconflict	白茅根	8.14871917465549	0.8749793335576735	16	19
all_microbial_nonconflict	人参	13.397814672892089	-0.014377681905817194	64	37
all_microbial_nonconflict	金银花	12.98273287522257	0.46133496844812205	35	33
all_microbial_nonconflict	香橼	7.650826479503481	1.673563402878993	5	15
all_microbial_nonconflict	莱菔子	6.0914788119838565	0.9346497833956722	14	13
all_microbial_nonconflict	薤白	16.646220265147445	1.0085841586980178	11	39
all_microbial_nonconflict	覆盆子	5.4304788659370375	0.740071599673608	22	18
all_microbial_nonconflict	蜂蜜	14.214680745194377	-0.9969343916704082	83	41
all_microbial_nonconflict	蒲公英	5.732137467308405	0.7613981342657966	20	13
all_microbial_nonconflict	灵芝	13.86845924905722	0.008521583353231072	60	39
all_microbial_nonconflict	薏苡仁	9.448480142067865	1.2510247296377752	9	21
all_microbial_nonconflict	党参	8.930485061667559	1.3513503635270987	8	21
all_microbial_nonconflict	桑椹	11.860332711710484	0.5015485193868435	33	31
all_microbial_nonconflict	陈皮	3.236276976485814	0.5596929699629277	29	7
all_microbial_nonconflict	白果	4.212683394551755	-0.929852794578338	82	13
all_microbial_nonconflict	桑叶	10.022915679029023	-0.4949946363710795	76	31
all_microbial_nonconflict	姜黄	3.236276976485814	0.5516179497875245	31	7
all_microbial_nonconflict	鱼腥草	3.0776232407609596	0.5622683334671492	27	7
all_microbial_nonconflict	黄芪	10.720164205118309	-0.4114462166102202	69	33
all_microbial_nonconflict	砂仁	3.575515935912969	-0.4365534511295929	72	11
all_microbial_nonconflict	刀豆	10.334206515902515	0.7402786240481809	21	27
all_microbial_nonconflict	夏枯草	3.575515935912969	-0.4848253896738719	75	11
all_microbial_nonconflict	木瓜	3.0776232407609596	0.45548691287777987	36	7
all_microbial_nonconflict	杜仲	13.68081116496416	0.32910465736874545	43	33
all_microbial_nonconflict	杏仁	3.0776232407609596	0.41090737246302783	39	7
all_microbial_nonconflict	山楂	3.0776232407609596	0.33849532008532573	42	7
all_microbial_nonconflict	草果	3.0776232407609596	0.2887053555889814	46	7
all_microbial_nonconflict	莲子	3.0776232407609596	0.273544411781775	48	7
all_microbial_nonconflict	沙棘	6.273808634331047	1.195178508517538	10	15
all_microbial_nonconflict	槐米	3.0776232407609596	-0.024937227327507253	65	7
all_microbial_nonconflict	当归	6.350616649664997	0.26311306158531694	49	19
all_microbial_nonconflict	丁香	6.66878804675227	-0.4595998129610788	74	23
all_microbial_nonconflict	枸杞子	5.852723954512987	1.0065491025973503	12	15
all_microbial_nonconflict	茯苓	6.66878804675227	-0.5638413935638963	78	23
all_microbial_nonconflict	西洋参	6.350616649664997	0.15235868802069302	55	19
all_microbial_nonconflict	栀子	6.988890523064914	-1.0009923117141282	84	25
all_microbial_nonconflict	山茱萸	6.191962913940142	0.2046827794605367	54	19
all_microbial_nonconflict	山药	6.849542446443707	-0.5249582605522214	77	21
all_microbial_nonconflict	决明子	6.350616649664997	0.10588257562583954	56	19
all_microbial_nonconflict	大枣	5.694070218788133	0.9866189722819702	13	15
all_microbial_nonconflict	槐花	5.694070218788133	0.9003377821017918	15	15
all_microbial_nonconflict	酸枣仁	5.852723954512987	0.7926798437545892	19	15
all_microbial_nonconflict	葛根	3.114339673179183	0.4181060398673879	38	12
all_microbial_nonconflict	西红花	7.0090601078061265	-1.1623331232906537	90	25
all_microbial_nonconflict	杜仲叶	5.694070218788133	0.8631028027486662	17	15
all_microbial_nonconflict	地黄	6.9871549422383765	0.24822954775610903	51	19
all_microbial_nonconflict	天麻	3.114339673179183	0.39281211181797815	40	12
all_microbial_nonconflict	荷叶	5.694070218788133	0.8248831468954657	18	15
all_microbial_nonconflict	乌梅	6.172826430825631	-0.00952175749302974	62	17
all_microbial_nonconflict	麦冬	4.581966663345814	0.07936103460567612	57	18
all_microbial_nonconflict	淡豆豉	3.114339673179183	0.3195289074168759	44	12
all_microbial_nonconflict	黄精	3.114339673179183	0.22761327347365223	52	12
all_microbial_nonconflict	藿香	8.111019732293025	-0.595395577283495	79	21
all_microbial_nonconflict	生姜	0.5817627499383686	-0.7135447544922299	80	1
all_microbial_nonconflict	薄荷	1.0796554450903781	-1.8950784913927272	98	5
all_microbial_nonconflict	马齿苋	1.0605189619758661	-1.9449936838939585	99	3
all_microbial_nonconflict	麦芽	0.5817627499383686	-1.0180519296888995	85	1
all_microbial_nonconflict	香薷	0.5817627499383686	-1.025342575851079	86	1
all_microbial_nonconflict	益智仁	0.5817627499383686	-1.0619443685988086	87	1
all_microbial_nonconflict	广藿香	2.5281459521424976	-1.491901006326402	96	9
all_microbial_nonconflict	佛手	1.0796554450903781	-2.0400831867800786	101	5
all_microbial_nonconflict	紫苏子	0.5817627499383686	-1.1430420062416826	88	1
all_microbial_nonconflict	桃仁	1.0796554450903781	-2.1005300761124923	102	5
all_microbial_nonconflict	白扁豆	1.7161937376637573	-1.1437303499029827	89	5
all_microbial_nonconflict	昆布	0.5817627499383686	-1.1821630139104338	91	1
all_microbial_nonconflict	肉豆蔻	3.6961024231175514	-0.267679931824249	67	13
all_microbial_nonconflict	白芷	3.198209727965542	0.6811782993477653	23	9
all_microbial_nonconflict	胖大海	2.119562203121121	-0.7314186875205669	81	7
all_microbial_nonconflict	小茴香	1.0796554450903781	-2.186139408191005	104	5
all_microbial_nonconflict	余甘子	0.5817627499383686	-1.2534374879384809	92	1
all_microbial_nonconflict	火麻仁	3.198209727965542	0.6077748622518513	26	9
all_microbial_nonconflict	肉桂	3.6961024231175514	-0.37879810599313224	68	13
all_microbial_nonconflict	芡实	0.5817627499383686	-1.3201229787627393	93	1
all_microbial_nonconflict	玳玳花	3.6961024231175514	-0.4354471003289076	71	13
all_microbial_nonconflict	罗汉果	3.6961024231175514	-0.45508070911502996	73	13
all_microbial_nonconflict	玉竹	3.198209727965542	0.31951966670904364	45	9
all_microbial_nonconflict	花椒	0.9766489071895069	-1.9587050411916218	100	6
all_microbial_nonconflict	高良姜	0.9766489071895069	-2.176484049376253	103	6
all_microbial_nonconflict	桔梗	0.49789269515200946	-1.3272359301239895	94	4
all_microbial_nonconflict	橘红	0.49789269515200946	-1.4305289349657373	95	4
all_microbial_nonconflict	榧子	0.49789269515200946	-1.8776789275007248	97	4
all_microbial_nonconflict	化橘红	0.0	0.542141339025509	32	0
all_microbial_nonconflict	荜茇	0.0	0.6178329601687625	25	0
all_microbial_nonconflict	百合	0.0	0.5620066377090428	28	0
all_microbial_nonconflict	山柰	0.0	0.5572071542283681	30	0
all_microbial_nonconflict	干姜	0.0	0.4627644787329414	34	0
all_microbial_nonconflict	青果	0.0	0.4472709107824808	37	0
all_microbial_nonconflict	郁李仁	0.0	0.35467895936741883	41	0
all_microbial_nonconflict	枳椇子	0.0	0.27573859959717995	47	0
all_microbial_nonconflict	淡竹叶	0.0	0.25737756202514706	50	0
all_microbial_nonconflict	鸡内金	0.0	0.21055736988442242	53	0
all_microbial_nonconflict	阿胶	0.0	0.0286769138826909	58	0
all_microbial_nonconflict	龙眼肉	0.0	0.0286769138826909	58	0
all_microbial_nonconflict	牡蛎	0.0	-0.006811972229883962	61	0
all_microbial_nonconflict	乌梢蛇	0.0	-0.0492093760637612	66	0
inclusive_nonconflict	肉苁蓉	6.310628017257271	0.5890065424903612	28	15
inclusive_nonconflict	甘草	2.9937531859746005	1.4482120059558599	9	10
inclusive_nonconflict	菊花	3.62576587717907	0.011867825154642535	55	13
inclusive_nonconflict	八角茴香	2.495860490822591	2.10569978727441	3	6
inclusive_nonconflict	石斛	2.6545142265474455	1.6246974688926519	7	6
inclusive_nonconflict	小蓟	2.495860490822591	1.6381769231773062	6	6
inclusive_nonconflict	天冬	9.059371874531823	1.7760032608059173	4	21
inclusive_nonconflict	芦根	5.6920458843926784	2.3767657471895487	1	14
inclusive_nonconflict	赤小豆	6.585571399415561	0.38937529373094626	34	21
inclusive_nonconflict	白茅根	8.580446127433412	0.7521712400416241	21	22
inclusive_nonconflict	人参	14.199112195322693	0.1630055715150152	46	43
inclusive_nonconflict	金银花	13.364331449822773	1.1454027215137825	13	36
inclusive_nonconflict	香橼	7.789618905197569	1.5379270634390325	8	16
inclusive_nonconflict	莱菔子	6.473077386584059	0.42274049054099777	33	16
inclusive_nonconflict	薤白	16.646220265147445	2.112695416152323	2	39
inclusive_nonconflict	覆盆子	5.700182438890847	0.3096091080478294	36	20
inclusive_nonconflict	蜂蜜	14.624515183366318	-0.04899739840313499	57	45
inclusive_nonconflict	蒲公英	6.11156029474257	0.2956395240637255	38	16
inclusive_nonconflict	灵芝	14.386674502185475	0.5917794818123036	26	43
inclusive_nonconflict	薏苡仁	9.960989863927788	0.5672844240747694	30	25
inclusive_nonconflict	党参	9.305665231295839	1.2037781679015631	12	24
inclusive_nonconflict	桑椹	12.10884439188493	1.2342370209199376	10	33
inclusive_nonconflict	陈皮	3.7480738246421446	-0.7673405898038886	84	11
inclusive_nonconflict	白果	4.762010880244401	-0.4504008812972285	77	17
inclusive_nonconflict	桑叶	10.824213201459626	-0.43229668042514036	76	37
inclusive_nonconflict	姜黄	3.8987820732223284	-1.2011315626885999	90	12
inclusive_nonconflict	鱼腥草	3.620532321481683	-0.05551816039366263	59	11
inclusive_nonconflict	黄芪	10.968675885292754	0.6509895733410129	24	35
inclusive_nonconflict	砂仁	3.7064270831726898	-0.053624847699242355	58	12
inclusive_nonconflict	刀豆	10.334206515902515	1.71285698954582	5	27
inclusive_nonconflict	夏枯草	3.7086028303387284	-0.1155669879069477	65	12
inclusive_nonconflict	木瓜	3.3416212824464395	-0.37702004915103854	72	9
inclusive_nonconflict	杜仲	13.929322845138604	1.2068591538745956	11	35
inclusive_nonconflict	杏仁	3.3261349209354036	0.298590103419562	37	9
inclusive_nonconflict	山楂	3.3261349209354036	0.20365047819672294	43	9
inclusive_nonconflict	草果	3.3261349209354036	0.1383707296752327	48	9
inclusive_nonconflict	莲子	3.3261349209354036	0.11849317786144244	51	9
inclusive_nonconflict	沙棘	6.897500484133771	0.2916476044019738	39	20
inclusive_nonconflict	槐米	3.3261349209354036	-0.2728468549430958	70	9
inclusive_nonconflict	当归	6.86312637152492	-0.042099478972999815	56	23
inclusive_nonconflict	丁香	7.336998674757114	-0.6223079750843042	78	28
inclusive_nonconflict	枸杞子	6.373114954807279	0.12454674420873607	50	19
inclusive_nonconflict	茯苓	7.290304149388956	-0.42383751899204375	75	28
inclusive_nonconflict	西洋参	6.88791613041012	-0.17813394140263336	67	23
inclusive_nonconflict	栀子	7.1219774174906725	0.10814263425114502	52	26
inclusive_nonconflict	山茱萸	6.843265061494154	-0.41640620590263827	74	24
inclusive_nonconflict	山药	7.098054126618151	0.2876278931987412	40	23
inclusive_nonconflict	决明子	6.614614691350477	0.1036384907460764	53	21
inclusive_nonconflict	大枣	6.2433977044807785	0.6711464678611946	22	19
inclusive_nonconflict	槐花	5.942581898962577	1.042654441560784	15	17
inclusive_nonconflict	酸枣仁	6.104681739373969	0.2503255537821078	41	18
inclusive_nonconflict	葛根	3.114339673179183	1.0793326507697898	14	12
inclusive_nonconflict	西红花	7.411850575185694	-0.7575007635594573	83	28
inclusive_nonconflict	杜仲叶	6.3177620685908575	0.024685643405781253	54	20
inclusive_nonconflict	地黄	7.118066089498097	0.6005556586209962	25	20
inclusive_nonconflict	天麻	3.2452508204389034	0.17768287039280004	45	13
inclusive_nonconflict	荷叶	6.214461219082424	-0.06686840782661851	61	19
inclusive_nonconflict	乌梅	6.172826430825631	1.0158375284619847	16	17
inclusive_nonconflict	麦冬	4.581966663345814	0.9294302751594549	17	18
inclusive_nonconflict	淡豆豉	3.3628513533536264	0.16125609203640043	47	14
inclusive_nonconflict	黄精	3.114339673179183	0.8295771024150788	19	12
inclusive_nonconflict	藿香	8.111019732293025	0.802186154151409	20	21
inclusive_nonconflict	生姜	1.0942724717982921	-2.1171851299774325	101	5
inclusive_nonconflict	薄荷	1.3217487202929	-1.3719917528953836	95	7
inclusive_nonconflict	马齿苋	1.5978184427209894	-2.4191929529479044	104	7
inclusive_nonconflict	麦芽	0.8302744301128124	-1.204936918257802	91	3
inclusive_nonconflict	香薷	0.8302744301128124	-1.2144957029012662	92	3
inclusive_nonconflict	益智仁	0.8302744301128124	-1.2624844060501286	93	3
inclusive_nonconflict	广藿香	2.5281459521424976	-0.3101238167917769	71	9
inclusive_nonconflict	佛手	1.2184478707844666	-1.694782571761569	98	6
inclusive_nonconflict	紫苏子	0.9802698049894034	-2.098992475706847	100	4
inclusive_nonconflict	桃仁	1.0796554450903781	-1.002571283848671	87	5
inclusive_nonconflict	白扁豆	1.7161937376637573	-0.2257045191951248	69	5
inclusive_nonconflict	昆布	0.9802698049894034	-2.150284127917422	102	4
inclusive_nonconflict	肉豆蔻	3.9679817432373987	-0.40519067948792614	73	15
inclusive_nonconflict	白芷	3.573389897593823	-0.06659295300367236	60	12
inclusive_nonconflict	胖大海	2.25264909754688	-0.7707773173159341	85	8
inclusive_nonconflict	小茴香	1.0796554450903781	-1.1148138959033227	89	5
inclusive_nonconflict	余甘子	0.8302744301128124	-1.5135515196851936	97	3
inclusive_nonconflict	火麻仁	3.7276279302762974	-0.6744220844199127	80	13
inclusive_nonconflict	肉桂	4.225520625428307	-0.9178401661166214	86	17
inclusive_nonconflict	芡实	0.5817627499383686	-0.6736171535435505	79	1
inclusive_nonconflict	玳玳花	3.827013570377272	-0.10078351311510414	62	14
inclusive_nonconflict	罗汉果	4.202193740005553	-1.0308967322524467	88	17
inclusive_nonconflict	玉竹	3.198209727965542	0.9139831410025379	18	9
inclusive_nonconflict	花椒	0.9766489071895069	-0.7257669571867211	82	6
inclusive_nonconflict	高良姜	1.1075600544492277	-1.7841531755445943	99	7
inclusive_nonconflict	桔梗	0.7464043753264533	-1.4907891054717408	96	6
inclusive_nonconflict	橘红	0.49789269515200946	-0.7209292318440421	81	4
inclusive_nonconflict	榧子	0.49789269515200946	-1.307188719259693	94	4
inclusive_nonconflict	化橘红	0.2718793201198474	-2.3996585705110935	103	2
inclusive_nonconflict	荜茇	0.0	0.6638175625225641	23	0
inclusive_nonconflict	百合	0.0	0.5906235297909743	27	0
inclusive_nonconflict	山柰	0.0	0.5843309148469628	29	0
inclusive_nonconflict	干姜	0.0	0.46050688387198924	31	0
inclusive_nonconflict	青果	0.0	0.44019322770175945	32	0
inclusive_nonconflict	郁李仁	0.0	0.318795685754665	35	0
inclusive_nonconflict	枳椇子	0.0	0.2152967801795159	42	0
inclusive_nonconflict	淡竹叶	0.0	0.19122357732788625	44	0
inclusive_nonconflict	鸡内金	0.0	0.12983750486144036	49	0
inclusive_nonconflict	阿胶	0.0	-0.10862642153157331	63	0
inclusive_nonconflict	龙眼肉	0.0	-0.10862642153157331	63	0
inclusive_nonconflict	牡蛎	0.0	-0.15515598997315758	66	0
inclusive_nonconflict	乌梢蛇	0.0	-0.21074333349180543	68	0
